2025-11-20 00:00:13,501 - VoiceAssistant - INFO - info:50 - Loading Whisper model: tiny (float32)
2025-11-20 00:00:14,693 - VoiceAssistant - INFO - info:50 - Whisper model loaded successfully
2025-11-20 00:00:14,965 - VoiceAssistant - INFO - info:50 - Starting audio recording (waiting for sound...)
2025-11-20 00:00:19,977 - VoiceAssistant - WARNING - warning:54 - Max silence timeout reached during wait phase
2025-11-20 00:00:20,191 - VoiceAssistant - INFO - info:50 - Starting audio recording (waiting for sound...)
2025-11-20 00:00:24,734 - VoiceAssistant - INFO - info:50 - Sound detected! Recording...
2025-11-20 00:00:26,744 - VoiceAssistant - INFO - info:50 - Silence detected, stopping recording...
2025-11-20 00:00:26,745 - VoiceAssistant - INFO - info:50 - Saved audio: files/Artur Recordings/20251120_000020_097.wav (3.0s, 266284 bytes)
2025-11-20 00:00:26,864 - VoiceAssistant - INFO - info:50 - Transcribing: files/Artur Recordings/20251120_000020_097.wav (3.0s)
2025-11-20 00:00:27,803 - VoiceAssistant - INFO - info:50 - Transcription complete: '1, 2, 3, 4.' (0.94s)
2025-11-20 00:00:27,804 - VoiceAssistant - INFO - info:50 - Saved transcription: files/Artur Recordings/20251120_000020_097.json
2025-11-20 00:00:27,805 - VoiceAssistant - INFO - info:50 - Text preprocessed: '1, 2, 3, 4.'
2025-11-20 00:00:28,674 - VoiceAssistant - INFO - info:50 - Successfully pasted: '1, 2, 3, 4.'
2025-11-20 00:00:28,769 - VoiceAssistant - INFO - info:50 - Starting audio recording (waiting for sound...)
2025-11-20 00:00:33,781 - VoiceAssistant - WARNING - warning:54 - Max silence timeout reached during wait phase
2025-11-20 00:00:34,138 - VoiceAssistant - INFO - info:50 - Starting audio recording (waiting for sound...)
2025-11-20 00:00:35,995 - VoiceAssistant - INFO - info:50 - Sound detected! Recording...
2025-11-20 00:00:48,752 - VoiceAssistant - INFO - info:50 - Silence detected, stopping recording...
2025-11-20 00:00:48,754 - VoiceAssistant - INFO - info:50 - Saved audio: files/Artur Recordings/20251120_000033_896.wav (13.8s, 1214508 bytes)
2025-11-20 00:00:48,870 - VoiceAssistant - INFO - info:50 - Transcribing: files/Artur Recordings/20251120_000033_896.wav (13.8s)
2025-11-20 00:00:50,101 - VoiceAssistant - INFO - info:50 - Transcription complete: 'A, it's still not having the on the left side of the logs.  The time since last command.  This is a crucial moment.  Second since last command.' (1.23s)
2025-11-20 00:00:50,102 - VoiceAssistant - INFO - info:50 - Saved transcription: files/Artur Recordings/20251120_000033_896.json
2025-11-20 00:00:50,102 - VoiceAssistant - INFO - info:50 - Text preprocessed: 'A, it's still not having the on the left side of the logs.  The time since last command.  This is a crucial moment.  Second since last command.'
2025-11-20 00:00:50,904 - VoiceAssistant - INFO - info:50 - Successfully pasted: 'A, it's still not having the on the left side of the logs.  The time since last command.  This is a crucial moment.  Second since last command.'
2025-11-20 00:00:51,128 - VoiceAssistant - INFO - info:50 - Starting audio recording (waiting for sound...)
2025-11-20 00:00:56,142 - VoiceAssistant - WARNING - warning:54 - Max silence timeout reached during wait phase
2025-11-20 00:00:56,424 - VoiceAssistant - INFO - info:50 - Starting audio recording (waiting for sound...)
2025-11-20 00:01:01,441 - VoiceAssistant - WARNING - warning:54 - Max silence timeout reached during wait phase
2025-11-20 00:01:01,703 - VoiceAssistant - INFO - info:50 - Starting audio recording (waiting for sound...)
2025-11-20 00:01:06,716 - VoiceAssistant - WARNING - warning:54 - Max silence timeout reached during wait phase
2025-11-20 00:01:06,956 - VoiceAssistant - INFO - info:50 - Starting audio recording (waiting for sound...)
2025-11-20 00:01:11,969 - VoiceAssistant - WARNING - warning:54 - Max silence timeout reached during wait phase
2025-11-20 00:01:12,196 - VoiceAssistant - INFO - info:50 - Starting audio recording (waiting for sound...)
2025-11-20 00:01:17,211 - VoiceAssistant - WARNING - warning:54 - Max silence timeout reached during wait phase
2025-11-20 00:01:17,413 - VoiceAssistant - INFO - info:50 - Recording interrupted by user
2025-11-20 00:01:17,499 - VoiceAssistant - INFO - info:50 - Starting audio recording (waiting for sound...)
2025-11-20 00:04:26,383 - VoiceAssistant - INFO - info:50 - Loading Whisper model: tiny (float32)
2025-11-20 00:04:27,392 - VoiceAssistant - INFO - info:50 - Whisper model loaded successfully
2025-11-20 00:04:27,682 - VoiceAssistant - INFO - info:50 - Starting audio recording (waiting for sound...)
2025-11-20 00:04:29,539 - VoiceAssistant - INFO - info:50 - Sound detected! Recording...
2025-11-20 00:04:30,522 - VoiceAssistant - INFO - info:50 - Silence detected, stopping recording...
2025-11-20 00:04:30,523 - VoiceAssistant - INFO - info:50 - Saved audio: files/Artur Recordings/20251120_000427_426.wav (2.0s, 176172 bytes)
2025-11-20 00:04:30,644 - VoiceAssistant - INFO - info:50 - Transcribing: files/Artur Recordings/20251120_000427_426.wav (2.0s)
2025-11-20 00:04:31,402 - VoiceAssistant - INFO - info:50 - No transcription found (empty audio)
2025-11-20 00:04:31,522 - VoiceAssistant - INFO - info:50 - Starting audio recording (waiting for sound...)
2025-11-20 00:04:32,823 - VoiceAssistant - INFO - info:50 - Sound detected! Recording...
2025-11-20 00:04:34,830 - VoiceAssistant - INFO - info:50 - Silence detected, stopping recording...
2025-11-20 00:04:34,831 - VoiceAssistant - INFO - info:50 - Saved audio: files/Artur Recordings/20251120_000431_403.wav (3.0s, 264236 bytes)
2025-11-20 00:04:34,948 - VoiceAssistant - INFO - info:50 - Transcribing: files/Artur Recordings/20251120_000431_403.wav (3.0s)
2025-11-20 00:04:35,624 - VoiceAssistant - INFO - info:50 - No transcription found (empty audio)
2025-11-20 00:04:35,887 - VoiceAssistant - INFO - info:50 - Starting audio recording (waiting for sound...)
2025-11-20 00:04:37,059 - VoiceAssistant - INFO - info:50 - Sound detected! Recording...
2025-11-20 00:04:40,748 - VoiceAssistant - INFO - info:50 - Silence detected, stopping recording...
2025-11-20 00:04:40,749 - VoiceAssistant - INFO - info:50 - Saved audio: files/Artur Recordings/20251120_000435_625.wav (4.7s, 413740 bytes)
2025-11-20 00:04:40,869 - VoiceAssistant - INFO - info:50 - Transcribing: files/Artur Recordings/20251120_000435_625.wav (4.7s)
2025-11-20 00:04:41,439 - VoiceAssistant - INFO - info:50 - No transcription found (empty audio)
2025-11-20 00:04:41,622 - VoiceAssistant - INFO - info:50 - Starting audio recording (waiting for sound...)
2025-11-20 00:04:46,639 - VoiceAssistant - WARNING - warning:54 - Max silence timeout reached during wait phase
2025-11-20 00:04:46,865 - VoiceAssistant - INFO - info:50 - Starting audio recording (waiting for sound...)
2025-11-20 00:04:51,879 - VoiceAssistant - WARNING - warning:54 - Max silence timeout reached during wait phase
2025-11-20 00:04:52,116 - VoiceAssistant - INFO - info:50 - Starting audio recording (waiting for sound...)
2025-11-20 00:04:57,133 - VoiceAssistant - WARNING - warning:54 - Max silence timeout reached during wait phase
2025-11-20 00:04:57,344 - VoiceAssistant - INFO - info:50 - Starting audio recording (waiting for sound...)
2025-11-20 00:05:02,357 - VoiceAssistant - WARNING - warning:54 - Max silence timeout reached during wait phase
2025-11-20 00:05:02,572 - VoiceAssistant - INFO - info:50 - Starting audio recording (waiting for sound...)
2025-11-20 00:05:07,589 - VoiceAssistant - WARNING - warning:54 - Max silence timeout reached during wait phase
2025-11-20 00:05:07,808 - VoiceAssistant - INFO - info:50 - Starting audio recording (waiting for sound...)
2025-11-20 00:05:11,904 - VoiceAssistant - INFO - info:50 - Sound detected! Recording...
2025-11-20 00:05:13,097 - VoiceAssistant - INFO - info:50 - Silence detected, stopping recording...
2025-11-20 00:05:13,099 - VoiceAssistant - INFO - info:50 - Saved audio: files/Artur Recordings/20251120_000507_709.wav (2.2s, 192556 bytes)
2025-11-20 00:05:13,228 - VoiceAssistant - INFO - info:50 - Transcribing: files/Artur Recordings/20251120_000507_709.wav (2.2s)
2025-11-20 00:05:14,004 - VoiceAssistant - INFO - info:50 - No transcription found (empty audio)
2025-11-20 00:05:14,277 - VoiceAssistant - INFO - info:50 - Starting audio recording (waiting for sound...)
2025-11-20 00:05:16,859 - VoiceAssistant - INFO - info:50 - Sound detected! Recording...
2025-11-20 00:05:17,884 - VoiceAssistant - INFO - info:50 - Silence detected, stopping recording...
2025-11-20 00:05:17,885 - VoiceAssistant - INFO - info:50 - Saved audio: files/Artur Recordings/20251120_000514_005.wav (2.0s, 178220 bytes)
2025-11-20 00:05:18,013 - VoiceAssistant - INFO - info:50 - Transcribing: files/Artur Recordings/20251120_000514_005.wav (2.0s)
2025-11-20 00:05:20,818 - VoiceAssistant - INFO - info:50 - Transcription complete: 'All right, all right.' (2.81s)
2025-11-20 00:05:20,819 - VoiceAssistant - INFO - info:50 - Saved transcription: files/Artur Recordings/20251120_000514_005.json
2025-11-20 00:05:20,821 - VoiceAssistant - INFO - info:50 - Text preprocessed: 'All right, all right.'
2025-11-20 00:05:21,678 - VoiceAssistant - INFO - info:50 - Successfully pasted: 'All right, all right.'
2025-11-20 00:05:21,812 - VoiceAssistant - INFO - info:50 - Starting audio recording (waiting for sound...)
2025-11-20 00:05:26,827 - VoiceAssistant - WARNING - warning:54 - Max silence timeout reached during wait phase
2025-11-20 00:05:27,055 - VoiceAssistant - INFO - info:50 - Starting audio recording (waiting for sound...)
2025-11-20 00:05:32,066 - VoiceAssistant - WARNING - warning:54 - Max silence timeout reached during wait phase
2025-11-20 00:05:32,726 - VoiceAssistant - INFO - info:50 - Starting audio recording (waiting for sound...)
2025-11-20 00:05:37,733 - VoiceAssistant - WARNING - warning:54 - Max silence timeout reached during wait phase
2025-11-20 00:05:38,320 - VoiceAssistant - INFO - info:50 - Starting audio recording (waiting for sound...)
2025-11-20 00:05:43,328 - VoiceAssistant - WARNING - warning:54 - Max silence timeout reached during wait phase
2025-11-20 00:05:43,900 - VoiceAssistant - INFO - info:50 - Starting audio recording (waiting for sound...)
2025-11-20 00:05:48,913 - VoiceAssistant - WARNING - warning:54 - Max silence timeout reached during wait phase
2025-11-20 00:05:49,487 - VoiceAssistant - INFO - info:50 - Starting audio recording (waiting for sound...)
2025-11-20 00:05:54,496 - VoiceAssistant - WARNING - warning:54 - Max silence timeout reached during wait phase
2025-11-20 00:05:55,084 - VoiceAssistant - INFO - info:50 - Starting audio recording (waiting for sound...)
2025-11-20 00:06:00,097 - VoiceAssistant - WARNING - warning:54 - Max silence timeout reached during wait phase
2025-11-20 00:06:00,676 - VoiceAssistant - INFO - info:50 - Starting audio recording (waiting for sound...)
2025-11-20 00:06:05,690 - VoiceAssistant - WARNING - warning:54 - Max silence timeout reached during wait phase
2025-11-20 00:06:06,283 - VoiceAssistant - INFO - info:50 - Starting audio recording (waiting for sound...)
2025-11-20 00:06:11,296 - VoiceAssistant - WARNING - warning:54 - Max silence timeout reached during wait phase
2025-11-20 00:06:11,878 - VoiceAssistant - INFO - info:50 - Starting audio recording (waiting for sound...)
2025-11-20 00:06:16,891 - VoiceAssistant - WARNING - warning:54 - Max silence timeout reached during wait phase
2025-11-20 00:06:17,481 - VoiceAssistant - INFO - info:50 - Starting audio recording (waiting for sound...)
2025-11-20 00:06:22,490 - VoiceAssistant - WARNING - warning:54 - Max silence timeout reached during wait phase
2025-11-20 00:06:23,058 - VoiceAssistant - INFO - info:50 - Starting audio recording (waiting for sound...)
2025-11-20 00:06:28,073 - VoiceAssistant - WARNING - warning:54 - Max silence timeout reached during wait phase
2025-11-20 00:06:28,658 - VoiceAssistant - INFO - info:50 - Starting audio recording (waiting for sound...)
2025-11-20 00:06:33,672 - VoiceAssistant - WARNING - warning:54 - Max silence timeout reached during wait phase
2025-11-20 00:06:34,295 - VoiceAssistant - INFO - info:50 - Starting audio recording (waiting for sound...)
2025-11-20 00:06:39,312 - VoiceAssistant - WARNING - warning:54 - Max silence timeout reached during wait phase
2025-11-20 00:06:39,891 - VoiceAssistant - INFO - info:50 - Starting audio recording (waiting for sound...)
2025-11-20 00:06:44,904 - VoiceAssistant - WARNING - warning:54 - Max silence timeout reached during wait phase
2025-11-20 00:06:45,506 - VoiceAssistant - INFO - info:50 - Starting audio recording (waiting for sound...)
2025-11-20 00:06:45,805 - VoiceAssistant - INFO - info:50 - Sound detected! Recording...
2025-11-20 00:06:48,235 - VoiceAssistant - INFO - info:50 - Silence detected, stopping recording...
2025-11-20 00:06:48,236 - VoiceAssistant - INFO - info:50 - Saved audio: files/Artur Recordings/20251120_000645_019.wav (2.7s, 239660 bytes)
2025-11-20 00:06:48,352 - VoiceAssistant - INFO - info:50 - Transcribing: files/Artur Recordings/20251120_000645_019.wav (2.7s)
2025-11-20 00:06:49,310 - VoiceAssistant - INFO - info:50 - No transcription found (empty audio)
2025-11-20 00:06:49,471 - VoiceAssistant - INFO - info:50 - Starting audio recording (waiting for sound...)
2025-11-20 00:06:50,559 - VoiceAssistant - INFO - info:50 - Sound detected! Recording...
2025-11-20 00:06:51,544 - VoiceAssistant - INFO - info:50 - Silence detected, stopping recording...
2025-11-20 00:06:51,545 - VoiceAssistant - INFO - info:50 - Saved audio: files/Artur Recordings/20251120_000649_317.wav (2.0s, 176172 bytes)
2025-11-20 00:06:51,662 - VoiceAssistant - INFO - info:50 - Transcribing: files/Artur Recordings/20251120_000649_317.wav (2.0s)
2025-11-20 00:06:54,673 - VoiceAssistant - INFO - info:50 - No transcription found (empty audio)
2025-11-20 00:06:55,026 - VoiceAssistant - INFO - info:50 - Starting audio recording (waiting for sound...)
2025-11-20 00:07:00,039 - VoiceAssistant - WARNING - warning:54 - Max silence timeout reached during wait phase
2025-11-20 00:07:00,447 - VoiceAssistant - INFO - info:50 - Starting audio recording (waiting for sound...)
2025-11-20 00:07:05,460 - VoiceAssistant - WARNING - warning:54 - Max silence timeout reached during wait phase
2025-11-20 00:07:05,830 - VoiceAssistant - INFO - info:50 - Starting audio recording (waiting for sound...)
2025-11-20 00:07:10,843 - VoiceAssistant - WARNING - warning:54 - Max silence timeout reached during wait phase
2025-11-20 00:07:11,116 - VoiceAssistant - INFO - info:50 - Starting audio recording (waiting for sound...)
2025-11-20 00:07:15,352 - VoiceAssistant - INFO - info:50 - Loading Whisper model: tiny (float32)
2025-11-20 00:07:16,131 - VoiceAssistant - WARNING - warning:54 - Max silence timeout reached during wait phase
2025-11-20 00:07:16,417 - VoiceAssistant - INFO - info:50 - Starting audio recording (waiting for sound...)
2025-11-20 00:07:16,569 - VoiceAssistant - INFO - info:50 - Whisper model loaded successfully
2025-11-20 00:07:16,858 - VoiceAssistant - INFO - info:50 - Starting audio recording (waiting for sound...)
2025-11-20 00:07:21,430 - VoiceAssistant - WARNING - warning:54 - Max silence timeout reached during wait phase
2025-11-20 00:07:21,870 - VoiceAssistant - WARNING - warning:54 - Max silence timeout reached during wait phase
2025-11-20 00:07:22,005 - VoiceAssistant - INFO - info:50 - Starting audio recording (waiting for sound...)
2025-11-20 00:07:22,261 - VoiceAssistant - INFO - info:50 - Starting audio recording (waiting for sound...)
2025-11-20 00:07:25,206 - VoiceAssistant - INFO - info:50 - Sound detected! Recording...
2025-11-20 00:07:25,227 - VoiceAssistant - INFO - info:50 - Sound detected! Recording...
2025-11-20 00:07:26,250 - VoiceAssistant - INFO - info:50 - Silence detected, stopping recording...
2025-11-20 00:07:26,251 - VoiceAssistant - INFO - info:50 - Saved audio: files/Artur Recordings/20251120_000721_544.wav (2.0s, 178220 bytes)
2025-11-20 00:07:26,251 - VoiceAssistant - INFO - info:50 - Silence detected, stopping recording...
2025-11-20 00:07:26,253 - VoiceAssistant - INFO - info:50 - Saved audio: files/Artur Recordings/20251120_000721_992.wav (2.0s, 180268 bytes)
2025-11-20 00:07:26,366 - VoiceAssistant - INFO - info:50 - Transcribing: files/Artur Recordings/20251120_000721_544.wav (2.0s)
2025-11-20 00:07:26,381 - VoiceAssistant - INFO - info:50 - Transcribing: files/Artur Recordings/20251120_000721_992.wav (2.0s)
2025-11-20 00:07:27,438 - VoiceAssistant - INFO - info:50 - No transcription found (empty audio)
2025-11-20 00:07:27,506 - VoiceAssistant - INFO - info:50 - No transcription found (empty audio)
2025-11-20 00:07:27,760 - VoiceAssistant - INFO - info:50 - Starting audio recording (waiting for sound...)
2025-11-20 00:07:27,850 - VoiceAssistant - INFO - info:50 - Starting audio recording (waiting for sound...)
2025-11-20 00:07:32,774 - VoiceAssistant - WARNING - warning:54 - Max silence timeout reached during wait phase
2025-11-20 00:07:32,863 - VoiceAssistant - WARNING - warning:54 - Max silence timeout reached during wait phase
2025-11-20 00:07:33,002 - VoiceAssistant - INFO - info:50 - Starting audio recording (waiting for sound...)
2025-11-20 00:07:33,149 - VoiceAssistant - INFO - info:50 - Starting audio recording (waiting for sound...)
2025-11-20 00:07:33,321 - VoiceAssistant - INFO - info:50 - Sound detected! Recording...
2025-11-20 00:07:33,323 - VoiceAssistant - INFO - info:50 - Sound detected! Recording...
2025-11-20 00:07:35,177 - VoiceAssistant - INFO - info:50 - Silence detected, stopping recording...
2025-11-20 00:07:35,178 - VoiceAssistant - INFO - info:50 - Saved audio: files/Artur Recordings/20251120_000732_984.wav (2.0s, 178220 bytes)
2025-11-20 00:07:35,199 - VoiceAssistant - INFO - info:50 - Silence detected, stopping recording...
2025-11-20 00:07:35,200 - VoiceAssistant - INFO - info:50 - Saved audio: files/Artur Recordings/20251120_000732_889.wav (2.2s, 192556 bytes)
2025-11-20 00:07:35,299 - VoiceAssistant - INFO - info:50 - Transcribing: files/Artur Recordings/20251120_000732_984.wav (2.0s)
2025-11-20 00:07:35,326 - VoiceAssistant - INFO - info:50 - Transcribing: files/Artur Recordings/20251120_000732_889.wav (2.2s)
2025-11-20 00:07:36,326 - VoiceAssistant - INFO - info:50 - Transcription complete: '1 2 3 4' (1.03s)
2025-11-20 00:07:36,327 - VoiceAssistant - INFO - info:50 - Saved transcription: files/Artur Recordings/20251120_000732_984.json
2025-11-20 00:07:36,329 - VoiceAssistant - INFO - info:50 - Text preprocessed: '1 2 3 4.'
2025-11-20 00:07:36,365 - VoiceAssistant - INFO - info:50 - Transcription complete: '1 2 3 4' (1.04s)
2025-11-20 00:07:36,365 - VoiceAssistant - INFO - info:50 - Saved transcription: files/Artur Recordings/20251120_000732_889.json
2025-11-20 00:07:36,366 - VoiceAssistant - INFO - info:50 - Text preprocessed: '1 2 3 4.'
2025-11-20 00:07:37,138 - VoiceAssistant - INFO - info:50 - Successfully pasted: '1 2 3 4.'
2025-11-20 00:07:37,186 - VoiceAssistant - INFO - info:50 - Successfully pasted: '1 2 3 4.'
2025-11-20 00:07:37,448 - VoiceAssistant - INFO - info:50 - Starting audio recording (waiting for sound...)
2025-11-20 00:07:37,469 - VoiceAssistant - INFO - info:50 - Starting audio recording (waiting for sound...)
2025-11-20 00:07:39,473 - VoiceAssistant - INFO - info:50 - Sound detected! Recording...
2025-11-20 00:07:39,474 - VoiceAssistant - INFO - info:50 - Sound detected! Recording...
2025-11-20 00:07:41,436 - VoiceAssistant - INFO - info:50 - Silence detected, stopping recording...
2025-11-20 00:07:41,437 - VoiceAssistant - INFO - info:50 - Saved audio: files/Artur Recordings/20251120_000737_139.wav (2.9s, 260140 bytes)
2025-11-20 00:07:41,441 - VoiceAssistant - INFO - info:50 - Silence detected, stopping recording...
2025-11-20 00:07:41,442 - VoiceAssistant - INFO - info:50 - Saved audio: files/Artur Recordings/20251120_000737_186.wav (2.9s, 260140 bytes)
2025-11-20 00:07:41,553 - VoiceAssistant - INFO - info:50 - Transcribing: files/Artur Recordings/20251120_000737_139.wav (2.9s)
2025-11-20 00:07:41,567 - VoiceAssistant - INFO - info:50 - Transcribing: files/Artur Recordings/20251120_000737_186.wav (2.9s)
2025-11-20 00:07:42,663 - VoiceAssistant - INFO - info:50 - Transcription complete: '1, 2, 3, 4.' (1.10s)
2025-11-20 00:07:42,664 - VoiceAssistant - INFO - info:50 - Saved transcription: files/Artur Recordings/20251120_000737_186.json
2025-11-20 00:07:42,664 - VoiceAssistant - INFO - info:50 - Text preprocessed: '1, 2, 3, 4.'
2025-11-20 00:07:42,672 - VoiceAssistant - INFO - info:50 - Transcription complete: '1, 2, 3, 4.' (1.12s)
2025-11-20 00:07:42,673 - VoiceAssistant - INFO - info:50 - Saved transcription: files/Artur Recordings/20251120_000737_139.json
2025-11-20 00:07:42,673 - VoiceAssistant - INFO - info:50 - Text preprocessed: '1, 2, 3, 4.'
2025-11-20 00:07:43,437 - VoiceAssistant - INFO - info:50 - Successfully pasted: '1, 2, 3, 4.'
2025-11-20 00:07:43,446 - VoiceAssistant - INFO - info:50 - Successfully pasted: '1, 2, 3, 4.'
2025-11-20 00:07:43,719 - VoiceAssistant - INFO - info:50 - Starting audio recording (waiting for sound...)
2025-11-20 00:07:43,762 - VoiceAssistant - INFO - info:50 - Starting audio recording (waiting for sound...)
2025-11-20 00:07:48,736 - VoiceAssistant - WARNING - warning:54 - Max silence timeout reached during wait phase
2025-11-20 00:07:48,778 - VoiceAssistant - WARNING - warning:54 - Max silence timeout reached during wait phase
2025-11-20 00:07:49,141 - VoiceAssistant - INFO - info:50 - Starting audio recording (waiting for sound...)
2025-11-20 00:07:49,187 - VoiceAssistant - INFO - info:50 - Starting audio recording (waiting for sound...)
2025-11-20 00:07:54,158 - VoiceAssistant - WARNING - warning:54 - Max silence timeout reached during wait phase
2025-11-20 00:07:54,202 - VoiceAssistant - WARNING - warning:54 - Max silence timeout reached during wait phase
2025-11-20 00:07:54,475 - VoiceAssistant - INFO - info:50 - Starting audio recording (waiting for sound...)
2025-11-20 00:07:54,538 - VoiceAssistant - INFO - info:50 - Starting audio recording (waiting for sound...)
2025-11-20 00:07:59,492 - VoiceAssistant - WARNING - warning:54 - Max silence timeout reached during wait phase
2025-11-20 00:07:59,553 - VoiceAssistant - WARNING - warning:54 - Max silence timeout reached during wait phase
2025-11-20 00:07:59,762 - VoiceAssistant - INFO - info:50 - Starting audio recording (waiting for sound...)
2025-11-20 00:07:59,863 - VoiceAssistant - INFO - info:50 - Starting audio recording (waiting for sound...)
2025-11-20 00:08:04,779 - VoiceAssistant - WARNING - warning:54 - Max silence timeout reached during wait phase
2025-11-20 00:08:04,880 - VoiceAssistant - WARNING - warning:54 - Max silence timeout reached during wait phase
2025-11-20 00:08:04,989 - VoiceAssistant - INFO - info:50 - Starting audio recording (waiting for sound...)
2025-11-20 00:08:05,154 - VoiceAssistant - INFO - info:50 - Starting audio recording (waiting for sound...)
2025-11-20 00:08:05,459 - VoiceAssistant - INFO - info:50 - Sound detected! Recording...
2025-11-20 00:08:05,475 - VoiceAssistant - INFO - info:50 - Sound detected! Recording...
2025-11-20 00:08:08,502 - VoiceAssistant - INFO - info:50 - Silence detected, stopping recording...
2025-11-20 00:08:08,505 - VoiceAssistant - INFO - info:50 - Saved audio: files/Artur Recordings/20251120_000804_995.wav (3.3s, 294956 bytes)
2025-11-20 00:08:08,508 - VoiceAssistant - INFO - info:50 - Silence detected, stopping recording...
2025-11-20 00:08:08,509 - VoiceAssistant - INFO - info:50 - Saved audio: files/Artur Recordings/20251120_000804_894.wav (3.5s, 309292 bytes)
2025-11-20 00:08:08,622 - VoiceAssistant - INFO - info:50 - Transcribing: files/Artur Recordings/20251120_000804_995.wav (3.3s)
2025-11-20 00:08:08,626 - VoiceAssistant - INFO - info:50 - Transcribing: files/Artur Recordings/20251120_000804_894.wav (3.5s)
2025-11-20 00:08:10,060 - VoiceAssistant - INFO - info:50 - Transcription complete: 'One, two, three points.' (1.43s)
2025-11-20 00:08:10,062 - VoiceAssistant - INFO - info:50 - Saved transcription: files/Artur Recordings/20251120_000804_894.json
2025-11-20 00:08:10,062 - VoiceAssistant - INFO - info:50 - Text preprocessed: 'One, two, three points.'
2025-11-20 00:08:10,111 - VoiceAssistant - INFO - info:50 - Transcription complete: 'One, two, three points.' (1.49s)
2025-11-20 00:08:10,112 - VoiceAssistant - INFO - info:50 - Saved transcription: files/Artur Recordings/20251120_000804_995.json
2025-11-20 00:08:10,112 - VoiceAssistant - INFO - info:50 - Text preprocessed: 'One, two, three points.'
2025-11-20 00:08:10,840 - VoiceAssistant - INFO - info:50 - Successfully pasted: 'One, two, three points.'
2025-11-20 00:08:10,887 - VoiceAssistant - INFO - info:50 - Successfully pasted: 'One, two, three points.'
2025-11-20 00:08:11,055 - VoiceAssistant - INFO - info:50 - Starting audio recording (waiting for sound...)
2025-11-20 00:08:11,142 - VoiceAssistant - INFO - info:50 - Starting audio recording (waiting for sound...)
2025-11-20 00:08:16,068 - VoiceAssistant - WARNING - warning:54 - Max silence timeout reached during wait phase
2025-11-20 00:08:16,155 - VoiceAssistant - WARNING - warning:54 - Max silence timeout reached during wait phase
2025-11-20 00:08:16,278 - VoiceAssistant - INFO - info:50 - Starting audio recording (waiting for sound...)
2025-11-20 00:08:16,495 - VoiceAssistant - INFO - info:50 - Starting audio recording (waiting for sound...)
2025-11-20 00:08:20,821 - VoiceAssistant - INFO - info:50 - Sound detected! Recording...
2025-11-20 00:08:20,827 - VoiceAssistant - INFO - info:50 - Sound detected! Recording...
2025-11-20 00:08:21,850 - VoiceAssistant - INFO - info:50 - Silence detected, stopping recording...
2025-11-20 00:08:21,851 - VoiceAssistant - INFO - info:50 - Saved audio: files/Artur Recordings/20251120_000816_184.wav (2.0s, 178220 bytes)
2025-11-20 00:08:21,853 - VoiceAssistant - INFO - info:50 - Silence detected, stopping recording...
2025-11-20 00:08:21,854 - VoiceAssistant - INFO - info:50 - Saved audio: files/Artur Recordings/20251120_000816_271.wav (2.0s, 178220 bytes)
2025-11-20 00:08:21,965 - VoiceAssistant - INFO - info:50 - Transcribing: files/Artur Recordings/20251120_000816_184.wav (2.0s)
2025-11-20 00:08:21,969 - VoiceAssistant - INFO - info:50 - Transcribing: files/Artur Recordings/20251120_000816_271.wav (2.0s)
2025-11-20 00:08:23,069 - VoiceAssistant - INFO - info:50 - No transcription found (empty audio)
2025-11-20 00:08:23,081 - VoiceAssistant - INFO - info:50 - No transcription found (empty audio)
2025-11-20 00:08:23,397 - VoiceAssistant - INFO - info:50 - Starting audio recording (waiting for sound...)
2025-11-20 00:08:23,419 - VoiceAssistant - INFO - info:50 - Starting audio recording (waiting for sound...)
2025-11-20 00:08:28,414 - VoiceAssistant - WARNING - warning:54 - Max silence timeout reached during wait phase
2025-11-20 00:08:28,433 - VoiceAssistant - WARNING - warning:54 - Max silence timeout reached during wait phase
2025-11-20 00:08:28,749 - VoiceAssistant - INFO - info:50 - Starting audio recording (waiting for sound...)
2025-11-20 00:08:28,789 - VoiceAssistant - INFO - info:50 - Starting audio recording (waiting for sound...)
2025-11-20 00:08:32,908 - VoiceAssistant - INFO - info:50 - Sound detected! Recording...
2025-11-20 00:08:33,766 - VoiceAssistant - WARNING - warning:54 - Max silence timeout reached during wait phase
2025-11-20 00:08:33,909 - VoiceAssistant - INFO - info:50 - Silence detected, stopping recording...
2025-11-20 00:08:33,910 - VoiceAssistant - INFO - info:50 - Saved audio: files/Artur Recordings/20251120_000828_548.wav (2.0s, 176172 bytes)
2025-11-20 00:08:33,982 - VoiceAssistant - INFO - info:50 - Starting audio recording (waiting for sound...)
2025-11-20 00:08:34,025 - VoiceAssistant - INFO - info:50 - Transcribing: files/Artur Recordings/20251120_000828_548.wav (2.0s)
2025-11-20 00:08:34,442 - VoiceAssistant - INFO - info:50 - No transcription found (empty audio)
2025-11-20 00:08:34,537 - VoiceAssistant - INFO - info:50 - Starting audio recording (waiting for sound...)
2025-11-20 00:08:38,994 - VoiceAssistant - WARNING - warning:54 - Max silence timeout reached during wait phase
2025-11-20 00:08:39,206 - VoiceAssistant - INFO - info:50 - Starting audio recording (waiting for sound...)
2025-11-20 00:08:39,550 - VoiceAssistant - WARNING - warning:54 - Max silence timeout reached during wait phase
2025-11-20 00:08:39,762 - VoiceAssistant - INFO - info:50 - Starting audio recording (waiting for sound...)
2025-11-20 00:08:44,221 - VoiceAssistant - WARNING - warning:54 - Max silence timeout reached during wait phase
2025-11-20 00:08:44,436 - VoiceAssistant - INFO - info:50 - Starting audio recording (waiting for sound...)
2025-11-20 00:08:44,777 - VoiceAssistant - WARNING - warning:54 - Max silence timeout reached during wait phase
2025-11-20 00:08:44,983 - VoiceAssistant - INFO - info:50 - Starting audio recording (waiting for sound...)
2025-11-20 00:08:49,453 - VoiceAssistant - WARNING - warning:54 - Max silence timeout reached during wait phase
2025-11-20 00:08:49,659 - VoiceAssistant - INFO - info:50 - Starting audio recording (waiting for sound...)
2025-11-20 00:08:49,997 - VoiceAssistant - WARNING - warning:54 - Max silence timeout reached during wait phase
2025-11-20 00:08:50,203 - VoiceAssistant - INFO - info:50 - Starting audio recording (waiting for sound...)
2025-11-20 00:08:54,673 - VoiceAssistant - WARNING - warning:54 - Max silence timeout reached during wait phase
2025-11-20 00:08:54,897 - VoiceAssistant - INFO - info:50 - Starting audio recording (waiting for sound...)
2025-11-20 00:08:55,220 - VoiceAssistant - WARNING - warning:54 - Max silence timeout reached during wait phase
2025-11-20 00:08:55,432 - VoiceAssistant - INFO - info:50 - Starting audio recording (waiting for sound...)
2025-11-20 00:08:56,028 - VoiceAssistant - INFO - info:50 - Sound detected! Recording...
2025-11-20 00:08:56,032 - VoiceAssistant - INFO - info:50 - Sound detected! Recording...
2025-11-20 00:08:57,114 - VoiceAssistant - INFO - info:50 - Silence detected, stopping recording...
2025-11-20 00:08:57,115 - VoiceAssistant - INFO - info:50 - Saved audio: files/Artur Recordings/20251120_000854_787.wav (2.1s, 184364 bytes)
2025-11-20 00:08:57,116 - VoiceAssistant - INFO - info:50 - Silence detected, stopping recording...
2025-11-20 00:08:57,117 - VoiceAssistant - INFO - info:50 - Saved audio: files/Artur Recordings/20251120_000855_336.wav (1.7s, 147500 bytes)
2025-11-20 00:08:57,231 - VoiceAssistant - INFO - info:50 - Transcribing: files/Artur Recordings/20251120_000855_336.wav (1.7s)
2025-11-20 00:08:57,231 - VoiceAssistant - INFO - info:50 - Transcribing: files/Artur Recordings/20251120_000854_787.wav (2.1s)
2025-11-20 00:08:58,221 - VoiceAssistant - INFO - info:50 - No transcription found (empty audio)
2025-11-20 00:08:58,259 - VoiceAssistant - INFO - info:50 - No transcription found (empty audio)
2025-11-20 00:08:58,516 - VoiceAssistant - INFO - info:50 - Starting audio recording (waiting for sound...)
2025-11-20 00:08:58,604 - VoiceAssistant - INFO - info:50 - Starting audio recording (waiting for sound...)
2025-11-20 00:09:03,531 - VoiceAssistant - WARNING - warning:54 - Max silence timeout reached during wait phase
2025-11-20 00:09:03,616 - VoiceAssistant - WARNING - warning:54 - Max silence timeout reached during wait phase
2025-11-20 00:09:03,839 - VoiceAssistant - INFO - info:50 - Starting audio recording (waiting for sound...)
2025-11-20 00:09:04,004 - VoiceAssistant - INFO - info:50 - Starting audio recording (waiting for sound...)
2025-11-20 00:09:08,853 - VoiceAssistant - WARNING - warning:54 - Max silence timeout reached during wait phase
2025-11-20 00:09:09,021 - VoiceAssistant - WARNING - warning:54 - Max silence timeout reached during wait phase
2025-11-20 00:09:09,070 - VoiceAssistant - INFO - info:50 - Starting audio recording (waiting for sound...)
2025-11-20 00:09:09,353 - VoiceAssistant - INFO - info:50 - Starting audio recording (waiting for sound...)
2025-11-20 00:09:11,506 - VoiceAssistant - INFO - info:50 - Sound detected! Recording...
2025-11-20 00:09:11,506 - VoiceAssistant - INFO - info:50 - Sound detected! Recording...
2025-11-20 00:09:13,359 - VoiceAssistant - INFO - info:50 - Silence detected, stopping recording...
2025-11-20 00:09:13,362 - VoiceAssistant - INFO - info:50 - Saved audio: files/Artur Recordings/20251120_000908_969.wav (2.9s, 251948 bytes)
2025-11-20 00:09:13,363 - VoiceAssistant - INFO - info:50 - Silence detected, stopping recording...
2025-11-20 00:09:13,364 - VoiceAssistant - INFO - info:50 - Saved audio: files/Artur Recordings/20251120_000909_137.wav (2.9s, 251948 bytes)
2025-11-20 00:09:13,478 - VoiceAssistant - INFO - info:50 - Transcribing: files/Artur Recordings/20251120_000908_969.wav (2.9s)
2025-11-20 00:09:13,490 - VoiceAssistant - INFO - info:50 - Transcribing: files/Artur Recordings/20251120_000909_137.wav (2.9s)
2025-11-20 00:09:14,652 - VoiceAssistant - INFO - info:50 - Transcription complete: '1, 2, 3, 4.' (1.16s)
2025-11-20 00:09:14,653 - VoiceAssistant - INFO - info:50 - Saved transcription: files/Artur Recordings/20251120_000909_137.json
2025-11-20 00:09:14,653 - VoiceAssistant - INFO - info:50 - Text preprocessed: '1, 2, 3, 4.'
2025-11-20 00:09:14,654 - VoiceAssistant - INFO - info:50 - Transcription complete: '1, 2, 3, 4.' (1.18s)
2025-11-20 00:09:14,655 - VoiceAssistant - INFO - info:50 - Saved transcription: files/Artur Recordings/20251120_000908_969.json
2025-11-20 00:09:14,655 - VoiceAssistant - INFO - info:50 - Text preprocessed: '1, 2, 3, 4.'
2025-11-20 00:09:15,429 - VoiceAssistant - INFO - info:50 - Successfully pasted: '1, 2, 3, 4.'
2025-11-20 00:09:15,430 - VoiceAssistant - INFO - info:50 - Successfully pasted: '1, 2, 3, 4.'
2025-11-20 00:09:15,702 - VoiceAssistant - INFO - info:50 - Starting audio recording (waiting for sound...)
2025-11-20 00:09:15,722 - VoiceAssistant - INFO - info:50 - Starting audio recording (waiting for sound...)
2025-11-20 00:09:20,715 - VoiceAssistant - WARNING - warning:54 - Max silence timeout reached during wait phase
2025-11-20 00:09:20,737 - VoiceAssistant - WARNING - warning:54 - Max silence timeout reached during wait phase
2025-11-20 00:09:21,055 - VoiceAssistant - INFO - info:50 - Starting audio recording (waiting for sound...)
2025-11-20 00:09:21,099 - VoiceAssistant - INFO - info:50 - Starting audio recording (waiting for sound...)
2025-11-20 00:09:26,070 - VoiceAssistant - WARNING - warning:54 - Max silence timeout reached during wait phase
2025-11-20 00:09:26,113 - VoiceAssistant - WARNING - warning:54 - Max silence timeout reached during wait phase
2025-11-20 00:09:26,334 - VoiceAssistant - INFO - info:50 - Starting audio recording (waiting for sound...)
2025-11-20 00:09:26,439 - VoiceAssistant - INFO - info:50 - Starting audio recording (waiting for sound...)
2025-11-20 00:09:31,348 - VoiceAssistant - WARNING - warning:54 - Max silence timeout reached during wait phase
2025-11-20 00:09:31,452 - VoiceAssistant - WARNING - warning:54 - Max silence timeout reached during wait phase
2025-11-20 00:09:31,580 - VoiceAssistant - INFO - info:50 - Starting audio recording (waiting for sound...)
2025-11-20 00:09:31,675 - VoiceAssistant - INFO - info:50 - Starting audio recording (waiting for sound...)
2025-11-20 00:09:36,597 - VoiceAssistant - WARNING - warning:54 - Max silence timeout reached during wait phase
2025-11-20 00:09:36,690 - VoiceAssistant - WARNING - warning:54 - Max silence timeout reached during wait phase
2025-11-20 00:09:36,798 - VoiceAssistant - INFO - info:50 - Starting audio recording (waiting for sound...)
2025-11-20 00:09:36,894 - VoiceAssistant - INFO - info:50 - Starting audio recording (waiting for sound...)
2025-11-20 00:09:41,810 - VoiceAssistant - WARNING - warning:54 - Max silence timeout reached during wait phase
2025-11-20 00:09:41,908 - VoiceAssistant - WARNING - warning:54 - Max silence timeout reached during wait phase
2025-11-20 00:09:42,023 - VoiceAssistant - INFO - info:50 - Starting audio recording (waiting for sound...)
2025-11-20 00:09:42,117 - VoiceAssistant - INFO - info:50 - Starting audio recording (waiting for sound...)
2025-11-20 00:09:47,039 - VoiceAssistant - WARNING - warning:54 - Max silence timeout reached during wait phase
2025-11-20 00:09:47,136 - VoiceAssistant - WARNING - warning:54 - Max silence timeout reached during wait phase
2025-11-20 00:09:47,253 - VoiceAssistant - INFO - info:50 - Starting audio recording (waiting for sound...)
2025-11-20 00:09:47,340 - VoiceAssistant - INFO - info:50 - Starting audio recording (waiting for sound...)
2025-11-20 00:09:52,266 - VoiceAssistant - WARNING - warning:54 - Max silence timeout reached during wait phase
2025-11-20 00:09:52,357 - VoiceAssistant - WARNING - warning:54 - Max silence timeout reached during wait phase
2025-11-20 00:09:52,474 - VoiceAssistant - INFO - info:50 - Starting audio recording (waiting for sound...)
2025-11-20 00:09:52,564 - VoiceAssistant - INFO - info:50 - Starting audio recording (waiting for sound...)
2025-11-20 00:09:57,486 - VoiceAssistant - WARNING - warning:54 - Max silence timeout reached during wait phase
2025-11-20 00:09:57,579 - VoiceAssistant - WARNING - warning:54 - Max silence timeout reached during wait phase
2025-11-20 00:09:57,694 - VoiceAssistant - INFO - info:50 - Starting audio recording (waiting for sound...)
2025-11-20 00:09:57,786 - VoiceAssistant - INFO - info:50 - Starting audio recording (waiting for sound...)
2025-11-20 00:10:02,646 - VoiceAssistant - INFO - info:50 - Sound detected! Recording...
2025-11-20 00:10:02,654 - VoiceAssistant - INFO - info:50 - Sound detected! Recording...
2025-11-20 00:10:03,739 - VoiceAssistant - INFO - info:50 - Silence detected, stopping recording...
2025-11-20 00:10:03,741 - VoiceAssistant - INFO - info:50 - Saved audio: files/Artur Recordings/20251120_000957_695.wav (2.1s, 184364 bytes)
2025-11-20 00:10:03,755 - VoiceAssistant - INFO - info:50 - Silence detected, stopping recording...
2025-11-20 00:10:03,757 - VoiceAssistant - INFO - info:50 - Saved audio: files/Artur Recordings/20251120_000957_602.wav (2.1s, 184364 bytes)
2025-11-20 00:10:03,858 - VoiceAssistant - INFO - info:50 - Transcribing: files/Artur Recordings/20251120_000957_695.wav (2.1s)
2025-11-20 00:10:03,882 - VoiceAssistant - INFO - info:50 - Transcribing: files/Artur Recordings/20251120_000957_602.wav (2.1s)
2025-11-20 00:10:06,914 - VoiceAssistant - INFO - info:50 - No transcription found (empty audio)
2025-11-20 00:10:06,956 - VoiceAssistant - INFO - info:50 - No transcription found (empty audio)
2025-11-20 00:10:07,327 - VoiceAssistant - INFO - info:50 - Starting audio recording (waiting for sound...)
2025-11-20 00:10:07,483 - VoiceAssistant - INFO - info:50 - Starting audio recording (waiting for sound...)
2025-11-20 00:10:08,564 - VoiceAssistant - INFO - info:50 - Sound detected! Recording...
2025-11-20 00:10:08,595 - VoiceAssistant - INFO - info:50 - Sound detected! Recording...
2025-11-20 00:10:09,570 - VoiceAssistant - INFO - info:50 - Silence detected, stopping recording...
2025-11-20 00:10:09,572 - VoiceAssistant - INFO - info:50 - Saved audio: files/Artur Recordings/20251120_001006_914.wav (2.0s, 176172 bytes)
2025-11-20 00:10:09,598 - VoiceAssistant - INFO - info:50 - Silence detected, stopping recording...
2025-11-20 00:10:09,599 - VoiceAssistant - INFO - info:50 - Saved audio: files/Artur Recordings/20251120_001006_957.wav (2.0s, 176172 bytes)
2025-11-20 00:10:09,688 - VoiceAssistant - INFO - info:50 - Transcribing: files/Artur Recordings/20251120_001006_914.wav (2.0s)
2025-11-20 00:10:09,724 - VoiceAssistant - INFO - info:50 - Transcribing: files/Artur Recordings/20251120_001006_957.wav (2.0s)
2025-11-20 00:10:11,365 - VoiceAssistant - INFO - info:50 - No transcription found (empty audio)
2025-11-20 00:10:11,503 - VoiceAssistant - INFO - info:50 - No transcription found (empty audio)
2025-11-20 00:10:11,543 - VoiceAssistant - INFO - info:50 - Starting audio recording (waiting for sound...)
2025-11-20 00:10:11,833 - VoiceAssistant - INFO - info:50 - Starting audio recording (waiting for sound...)
2025-11-20 00:10:16,560 - VoiceAssistant - WARNING - warning:54 - Max silence timeout reached during wait phase
2025-11-20 00:10:16,782 - VoiceAssistant - INFO - info:50 - Starting audio recording (waiting for sound...)
2025-11-20 00:10:16,846 - VoiceAssistant - WARNING - warning:54 - Max silence timeout reached during wait phase
2025-11-20 00:10:17,167 - VoiceAssistant - INFO - info:50 - Starting audio recording (waiting for sound...)
2025-11-20 00:10:21,797 - VoiceAssistant - WARNING - warning:54 - Max silence timeout reached during wait phase
2025-11-20 00:10:22,009 - VoiceAssistant - INFO - info:50 - Starting audio recording (waiting for sound...)
2025-11-20 00:10:22,181 - VoiceAssistant - WARNING - warning:54 - Max silence timeout reached during wait phase
2025-11-20 00:10:22,458 - VoiceAssistant - INFO - info:50 - Starting audio recording (waiting for sound...)
2025-11-20 00:10:27,027 - VoiceAssistant - WARNING - warning:54 - Max silence timeout reached during wait phase
2025-11-20 00:10:27,249 - VoiceAssistant - INFO - info:50 - Starting audio recording (waiting for sound...)
2025-11-20 00:10:27,474 - VoiceAssistant - WARNING - warning:54 - Max silence timeout reached during wait phase
2025-11-20 00:10:27,860 - VoiceAssistant - INFO - info:50 - Starting audio recording (waiting for sound...)
2025-11-20 00:10:29,418 - VoiceAssistant - INFO - info:50 - Sound detected! Recording...
2025-11-20 00:10:29,444 - VoiceAssistant - INFO - info:50 - Sound detected! Recording...
2025-11-20 00:10:30,440 - VoiceAssistant - INFO - info:50 - Silence detected, stopping recording...
2025-11-20 00:10:30,441 - VoiceAssistant - INFO - info:50 - Saved audio: files/Artur Recordings/20251120_001027_591.wav (2.0s, 178220 bytes)
2025-11-20 00:10:30,450 - VoiceAssistant - INFO - info:50 - Silence detected, stopping recording...
2025-11-20 00:10:30,453 - VoiceAssistant - INFO - info:50 - Saved audio: files/Artur Recordings/20251120_001027_142.wav (2.0s, 176172 bytes)
2025-11-20 00:10:30,556 - VoiceAssistant - INFO - info:50 - Transcribing: files/Artur Recordings/20251120_001027_591.wav (2.0s)
2025-11-20 00:10:30,569 - VoiceAssistant - INFO - info:50 - Transcribing: files/Artur Recordings/20251120_001027_142.wav (2.0s)
2025-11-20 00:10:32,624 - VoiceAssistant - INFO - info:50 - No transcription found (empty audio)
2025-11-20 00:10:32,644 - VoiceAssistant - INFO - info:50 - No transcription found (empty audio)
2025-11-20 00:10:32,943 - VoiceAssistant - INFO - info:50 - Starting audio recording (waiting for sound...)
2025-11-20 00:10:33,017 - VoiceAssistant - INFO - info:50 - Starting audio recording (waiting for sound...)
2025-11-20 00:10:37,956 - VoiceAssistant - WARNING - warning:54 - Max silence timeout reached during wait phase
2025-11-20 00:10:38,032 - VoiceAssistant - WARNING - warning:54 - Max silence timeout reached during wait phase
2025-11-20 00:10:38,188 - VoiceAssistant - INFO - info:50 - Starting audio recording (waiting for sound...)
2025-11-20 00:10:38,387 - VoiceAssistant - INFO - info:50 - Starting audio recording (waiting for sound...)
2025-11-20 00:10:43,203 - VoiceAssistant - WARNING - warning:54 - Max silence timeout reached during wait phase
2025-11-20 00:10:43,404 - VoiceAssistant - WARNING - warning:54 - Max silence timeout reached during wait phase
2025-11-20 00:10:43,422 - VoiceAssistant - INFO - info:50 - Starting audio recording (waiting for sound...)
2025-11-20 00:10:43,749 - VoiceAssistant - INFO - info:50 - Starting audio recording (waiting for sound...)
2025-11-20 00:10:48,437 - VoiceAssistant - WARNING - warning:54 - Max silence timeout reached during wait phase
2025-11-20 00:10:48,733 - VoiceAssistant - INFO - info:50 - Starting audio recording (waiting for sound...)
2025-11-20 00:10:48,765 - VoiceAssistant - WARNING - warning:54 - Max silence timeout reached during wait phase
2025-11-20 00:10:49,217 - VoiceAssistant - INFO - info:50 - Starting audio recording (waiting for sound...)
2025-11-20 00:10:53,746 - VoiceAssistant - WARNING - warning:54 - Max silence timeout reached during wait phase
2025-11-20 00:10:53,972 - VoiceAssistant - INFO - info:50 - Starting audio recording (waiting for sound...)
2025-11-20 00:10:54,232 - VoiceAssistant - WARNING - warning:54 - Max silence timeout reached during wait phase
2025-11-20 00:10:54,494 - VoiceAssistant - INFO - info:50 - Starting audio recording (waiting for sound...)
2025-11-20 00:10:54,707 - VoiceAssistant - INFO - info:50 - Sound detected! Recording...
2025-11-20 00:10:54,717 - VoiceAssistant - INFO - info:50 - Sound detected! Recording...
2025-11-20 00:10:55,832 - VoiceAssistant - INFO - info:50 - Silence detected, stopping recording...
2025-11-20 00:10:55,836 - VoiceAssistant - INFO - info:50 - Saved audio: files/Artur Recordings/20251120_001053_861.wav (1.8s, 161836 bytes)
2025-11-20 00:10:55,837 - VoiceAssistant - INFO - info:50 - Silence detected, stopping recording...
2025-11-20 00:10:55,838 - VoiceAssistant - INFO - info:50 - Saved audio: files/Artur Recordings/20251120_001054_347.wav (1.3s, 116780 bytes)
2025-11-20 00:10:55,952 - VoiceAssistant - INFO - info:50 - Transcribing: files/Artur Recordings/20251120_001053_861.wav (1.8s)
2025-11-20 00:10:55,963 - VoiceAssistant - INFO - info:50 - Transcribing: files/Artur Recordings/20251120_001054_347.wav (1.3s)
2025-11-20 00:10:57,107 - VoiceAssistant - INFO - info:50 - No transcription found (empty audio)
2025-11-20 00:10:57,129 - VoiceAssistant - INFO - info:50 - No transcription found (empty audio)
2025-11-20 00:10:57,386 - VoiceAssistant - INFO - info:50 - Starting audio recording (waiting for sound...)
2025-11-20 00:10:57,411 - VoiceAssistant - INFO - info:50 - Starting audio recording (waiting for sound...)
2025-11-20 00:10:57,794 - VoiceAssistant - INFO - info:50 - Sound detected! Recording...
2025-11-20 00:10:57,899 - VoiceAssistant - INFO - info:50 - Sound detected! Recording...
2025-11-20 00:10:58,972 - VoiceAssistant - INFO - info:50 - Silence detected, stopping recording...
2025-11-20 00:10:58,974 - VoiceAssistant - INFO - info:50 - Saved audio: files/Artur Recordings/20251120_001057_129.wav (1.6s, 137260 bytes)
2025-11-20 00:10:58,986 - VoiceAssistant - INFO - info:50 - Silence detected, stopping recording...
2025-11-20 00:10:58,988 - VoiceAssistant - INFO - info:50 - Saved audio: files/Artur Recordings/20251120_001057_107.wav (1.6s, 139308 bytes)
2025-11-20 00:10:59,089 - VoiceAssistant - INFO - info:50 - Transcribing: files/Artur Recordings/20251120_001057_129.wav (1.6s)
2025-11-20 00:10:59,104 - VoiceAssistant - INFO - info:50 - Transcribing: files/Artur Recordings/20251120_001057_107.wav (1.6s)
2025-11-20 00:11:00,025 - VoiceAssistant - INFO - info:50 - No transcription found (empty audio)
2025-11-20 00:11:00,034 - VoiceAssistant - INFO - info:50 - No transcription found (empty audio)
2025-11-20 00:11:00,271 - VoiceAssistant - INFO - info:50 - Starting audio recording (waiting for sound...)
2025-11-20 00:11:00,298 - VoiceAssistant - INFO - info:50 - Starting audio recording (waiting for sound...)
2025-11-20 00:11:01,574 - VoiceAssistant - INFO - info:50 - Sound detected! Recording...
2025-11-20 00:11:01,580 - VoiceAssistant - INFO - info:50 - Sound detected! Recording...
2025-11-20 00:11:02,618 - VoiceAssistant - INFO - info:50 - Silence detected, stopping recording...
2025-11-20 00:11:02,620 - VoiceAssistant - INFO - info:50 - Saved audio: files/Artur Recordings/20251120_001100_025.wav (2.0s, 180268 bytes)
2025-11-20 00:11:02,626 - VoiceAssistant - INFO - info:50 - Silence detected, stopping recording...
2025-11-20 00:11:02,627 - VoiceAssistant - INFO - info:50 - Saved audio: files/Artur Recordings/20251120_001100_034.wav (2.0s, 180268 bytes)
2025-11-20 00:11:02,736 - VoiceAssistant - INFO - info:50 - Transcribing: files/Artur Recordings/20251120_001100_025.wav (2.0s)
2025-11-20 00:11:02,743 - VoiceAssistant - INFO - info:50 - Transcribing: files/Artur Recordings/20251120_001100_034.wav (2.0s)
2025-11-20 00:11:03,887 - VoiceAssistant - INFO - info:50 - No transcription found (empty audio)
2025-11-20 00:11:03,909 - VoiceAssistant - INFO - info:50 - No transcription found (empty audio)
2025-11-20 00:11:04,205 - VoiceAssistant - INFO - info:50 - Starting audio recording (waiting for sound...)
2025-11-20 00:11:04,272 - VoiceAssistant - INFO - info:50 - Starting audio recording (waiting for sound...)
2025-11-20 00:11:09,221 - VoiceAssistant - WARNING - warning:54 - Max silence timeout reached during wait phase
2025-11-20 00:11:09,286 - VoiceAssistant - WARNING - warning:54 - Max silence timeout reached during wait phase
2025-11-20 00:11:09,450 - VoiceAssistant - INFO - info:50 - Starting audio recording (waiting for sound...)
2025-11-20 00:11:09,661 - VoiceAssistant - INFO - info:50 - Starting audio recording (waiting for sound...)
2025-11-20 00:11:14,465 - VoiceAssistant - WARNING - warning:54 - Max silence timeout reached during wait phase
2025-11-20 00:11:14,676 - VoiceAssistant - WARNING - warning:54 - Max silence timeout reached during wait phase
2025-11-20 00:11:14,682 - VoiceAssistant - INFO - info:50 - Starting audio recording (waiting for sound...)
2025-11-20 00:11:14,970 - VoiceAssistant - INFO - info:50 - Starting audio recording (waiting for sound...)
2025-11-20 00:11:19,697 - VoiceAssistant - WARNING - warning:54 - Max silence timeout reached during wait phase
2025-11-20 00:11:19,933 - VoiceAssistant - INFO - info:50 - Starting audio recording (waiting for sound...)
2025-11-20 00:11:19,988 - VoiceAssistant - WARNING - warning:54 - Max silence timeout reached during wait phase
2025-11-20 00:11:20,329 - VoiceAssistant - INFO - info:50 - Starting audio recording (waiting for sound...)
2025-11-20 00:11:24,947 - VoiceAssistant - WARNING - warning:54 - Max silence timeout reached during wait phase
2025-11-20 00:11:25,181 - VoiceAssistant - INFO - info:50 - Starting audio recording (waiting for sound...)
2025-11-20 00:11:25,344 - VoiceAssistant - WARNING - warning:54 - Max silence timeout reached during wait phase
2025-11-20 00:11:25,674 - VoiceAssistant - INFO - info:50 - Starting audio recording (waiting for sound...)
2025-11-20 00:11:30,193 - VoiceAssistant - WARNING - warning:54 - Max silence timeout reached during wait phase
2025-11-20 00:11:30,415 - VoiceAssistant - INFO - info:50 - Starting audio recording (waiting for sound...)
2025-11-20 00:11:30,686 - VoiceAssistant - WARNING - warning:54 - Max silence timeout reached during wait phase
2025-11-20 00:11:30,932 - VoiceAssistant - INFO - info:50 - Starting audio recording (waiting for sound...)
2025-11-20 00:11:31,826 - VoiceAssistant - INFO - info:50 - Sound detected! Recording...
2025-11-20 00:11:31,831 - VoiceAssistant - INFO - info:50 - Sound detected! Recording...
2025-11-20 00:11:32,876 - VoiceAssistant - INFO - info:50 - Silence detected, stopping recording...
2025-11-20 00:11:32,877 - VoiceAssistant - INFO - info:50 - Saved audio: files/Artur Recordings/20251120_001130_802.wav (1.9s, 170028 bytes)
2025-11-20 00:11:32,892 - VoiceAssistant - INFO - info:50 - Silence detected, stopping recording...
2025-11-20 00:11:32,893 - VoiceAssistant - INFO - info:50 - Saved audio: files/Artur Recordings/20251120_001130_308.wav (2.1s, 182316 bytes)
2025-11-20 00:11:32,993 - VoiceAssistant - INFO - info:50 - Transcribing: files/Artur Recordings/20251120_001130_802.wav (1.9s)
2025-11-20 00:11:33,008 - VoiceAssistant - INFO - info:50 - Transcribing: files/Artur Recordings/20251120_001130_308.wav (2.1s)
2025-11-20 00:11:34,029 - VoiceAssistant - INFO - info:50 - No transcription found (empty audio)
2025-11-20 00:11:34,069 - VoiceAssistant - INFO - info:50 - No transcription found (empty audio)
2025-11-20 00:11:34,329 - VoiceAssistant - INFO - info:50 - Starting audio recording (waiting for sound...)
2025-11-20 00:11:34,423 - VoiceAssistant - INFO - info:50 - Starting audio recording (waiting for sound...)
2025-11-20 00:11:39,343 - VoiceAssistant - WARNING - warning:54 - Max silence timeout reached during wait phase
2025-11-20 00:11:39,440 - VoiceAssistant - WARNING - warning:54 - Max silence timeout reached during wait phase
2025-11-20 00:11:39,601 - VoiceAssistant - INFO - info:50 - Starting audio recording (waiting for sound...)
2025-11-20 00:11:39,796 - VoiceAssistant - INFO - info:50 - Starting audio recording (waiting for sound...)
2025-11-20 00:11:44,617 - VoiceAssistant - WARNING - warning:54 - Max silence timeout reached during wait phase
2025-11-20 00:11:44,812 - VoiceAssistant - WARNING - warning:54 - Max silence timeout reached during wait phase
2025-11-20 00:11:44,834 - VoiceAssistant - INFO - info:50 - Starting audio recording (waiting for sound...)
2025-11-20 00:11:45,114 - VoiceAssistant - INFO - info:50 - Starting audio recording (waiting for sound...)
2025-11-20 00:11:49,848 - VoiceAssistant - WARNING - warning:54 - Max silence timeout reached during wait phase
2025-11-20 00:11:50,070 - VoiceAssistant - INFO - info:50 - Starting audio recording (waiting for sound...)
2025-11-20 00:11:50,128 - VoiceAssistant - WARNING - warning:54 - Max silence timeout reached during wait phase
2025-11-20 00:11:50,410 - VoiceAssistant - INFO - info:50 - Starting audio recording (waiting for sound...)
2025-11-20 00:11:54,825 - VoiceAssistant - INFO - info:50 - Sound detected! Recording...
2025-11-20 00:11:54,852 - VoiceAssistant - INFO - info:50 - Sound detected! Recording...
2025-11-20 00:11:55,895 - VoiceAssistant - INFO - info:50 - Silence detected, stopping recording...
2025-11-20 00:11:55,895 - VoiceAssistant - INFO - info:50 - Saved audio: files/Artur Recordings/20251120_001150_244.wav (2.1s, 182316 bytes)
2025-11-20 00:11:55,917 - VoiceAssistant - INFO - info:50 - Silence detected, stopping recording...
2025-11-20 00:11:55,918 - VoiceAssistant - INFO - info:50 - Saved audio: files/Artur Recordings/20251120_001149_964.wav (2.1s, 182316 bytes)
2025-11-20 00:11:56,011 - VoiceAssistant - INFO - info:50 - Transcribing: files/Artur Recordings/20251120_001150_244.wav (2.1s)
2025-11-20 00:11:56,045 - VoiceAssistant - INFO - info:50 - Transcribing: files/Artur Recordings/20251120_001149_964.wav (2.1s)
2025-11-20 00:11:57,422 - VoiceAssistant - INFO - info:50 - No transcription found (empty audio)
2025-11-20 00:11:57,512 - VoiceAssistant - INFO - info:50 - No transcription found (empty audio)
2025-11-20 00:11:57,793 - VoiceAssistant - INFO - info:50 - Starting audio recording (waiting for sound...)
2025-11-20 00:11:57,987 - VoiceAssistant - INFO - info:50 - Starting audio recording (waiting for sound...)
2025-11-20 00:12:02,809 - VoiceAssistant - WARNING - warning:54 - Max silence timeout reached during wait phase
2025-11-20 00:12:03,004 - VoiceAssistant - WARNING - warning:54 - Max silence timeout reached during wait phase
2025-11-20 00:12:03,029 - VoiceAssistant - INFO - info:50 - Starting audio recording (waiting for sound...)
2025-11-20 00:12:03,342 - VoiceAssistant - INFO - info:50 - Starting audio recording (waiting for sound...)
2025-11-20 00:12:08,046 - VoiceAssistant - WARNING - warning:54 - Max silence timeout reached during wait phase
2025-11-20 00:12:08,259 - VoiceAssistant - INFO - info:50 - Starting audio recording (waiting for sound...)
2025-11-20 00:12:08,357 - VoiceAssistant - WARNING - warning:54 - Max silence timeout reached during wait phase
2025-11-20 00:12:08,618 - VoiceAssistant - INFO - info:50 - Starting audio recording (waiting for sound...)
2025-11-20 00:12:13,275 - VoiceAssistant - WARNING - warning:54 - Max silence timeout reached during wait phase
2025-11-20 00:12:13,498 - VoiceAssistant - INFO - info:50 - Starting audio recording (waiting for sound...)
2025-11-20 00:12:13,635 - VoiceAssistant - WARNING - warning:54 - Max silence timeout reached during wait phase
2025-11-20 00:12:13,885 - VoiceAssistant - INFO - info:50 - Starting audio recording (waiting for sound...)
2025-11-20 00:12:18,511 - VoiceAssistant - WARNING - warning:54 - Max silence timeout reached during wait phase
2025-11-20 00:12:18,748 - VoiceAssistant - INFO - info:50 - Starting audio recording (waiting for sound...)
2025-11-20 00:12:18,898 - VoiceAssistant - WARNING - warning:54 - Max silence timeout reached during wait phase
2025-11-20 00:12:19,129 - VoiceAssistant - INFO - info:50 - Starting audio recording (waiting for sound...)
2025-11-20 00:12:23,760 - VoiceAssistant - WARNING - warning:54 - Max silence timeout reached during wait phase
2025-11-20 00:12:23,972 - VoiceAssistant - INFO - info:50 - Starting audio recording (waiting for sound...)
2025-11-20 00:12:24,144 - VoiceAssistant - WARNING - warning:54 - Max silence timeout reached during wait phase
2025-11-20 00:12:24,377 - VoiceAssistant - INFO - info:50 - Starting audio recording (waiting for sound...)
2025-11-20 00:12:28,989 - VoiceAssistant - WARNING - warning:54 - Max silence timeout reached during wait phase
2025-11-20 00:12:29,205 - VoiceAssistant - INFO - info:50 - Starting audio recording (waiting for sound...)
2025-11-20 00:12:29,391 - VoiceAssistant - WARNING - warning:54 - Max silence timeout reached during wait phase
2025-11-20 00:12:29,600 - VoiceAssistant - INFO - info:50 - Starting audio recording (waiting for sound...)
2025-11-20 00:12:34,220 - VoiceAssistant - WARNING - warning:54 - Max silence timeout reached during wait phase
2025-11-20 00:12:34,434 - VoiceAssistant - INFO - info:50 - Starting audio recording (waiting for sound...)
2025-11-20 00:12:34,615 - VoiceAssistant - WARNING - warning:54 - Max silence timeout reached during wait phase
2025-11-20 00:12:34,834 - VoiceAssistant - INFO - info:50 - Starting audio recording (waiting for sound...)
2025-11-20 00:12:39,449 - VoiceAssistant - WARNING - warning:54 - Max silence timeout reached during wait phase
2025-11-20 00:12:39,663 - VoiceAssistant - INFO - info:50 - Starting audio recording (waiting for sound...)
2025-11-20 00:12:39,849 - VoiceAssistant - WARNING - warning:54 - Max silence timeout reached during wait phase
2025-11-20 00:12:40,062 - VoiceAssistant - INFO - info:50 - Starting audio recording (waiting for sound...)
2025-11-20 00:12:44,676 - VoiceAssistant - WARNING - warning:54 - Max silence timeout reached during wait phase
2025-11-20 00:12:44,893 - VoiceAssistant - INFO - info:50 - Starting audio recording (waiting for sound...)
2025-11-20 00:12:45,079 - VoiceAssistant - WARNING - warning:54 - Max silence timeout reached during wait phase
2025-11-20 00:12:45,355 - VoiceAssistant - INFO - info:50 - Starting audio recording (waiting for sound...)
2025-11-20 00:12:49,909 - VoiceAssistant - WARNING - warning:54 - Max silence timeout reached during wait phase
2025-11-20 00:12:50,144 - VoiceAssistant - INFO - info:50 - Starting audio recording (waiting for sound...)
2025-11-20 00:12:50,369 - VoiceAssistant - WARNING - warning:54 - Max silence timeout reached during wait phase
2025-11-20 00:12:50,600 - VoiceAssistant - INFO - info:50 - Starting audio recording (waiting for sound...)
2025-11-20 00:12:55,156 - VoiceAssistant - WARNING - warning:54 - Max silence timeout reached during wait phase
2025-11-20 00:12:55,387 - VoiceAssistant - INFO - info:50 - Starting audio recording (waiting for sound...)
2025-11-20 00:12:55,617 - VoiceAssistant - WARNING - warning:54 - Max silence timeout reached during wait phase
2025-11-20 00:12:55,859 - VoiceAssistant - INFO - info:50 - Starting audio recording (waiting for sound...)
2025-11-20 00:12:58,581 - VoiceAssistant - INFO - info:50 - Loading Whisper model: tiny (float32)
2025-11-20 00:12:59,868 - VoiceAssistant - INFO - info:50 - Whisper model loaded successfully
2025-11-20 00:13:00,230 - VoiceAssistant - INFO - info:50 - Starting audio recording (waiting for sound...)
2025-11-20 00:13:00,402 - VoiceAssistant - WARNING - warning:54 - Max silence timeout reached during wait phase
2025-11-20 00:13:00,614 - VoiceAssistant - INFO - info:50 - Starting audio recording (waiting for sound...)
2025-11-20 00:13:00,874 - VoiceAssistant - WARNING - warning:54 - Max silence timeout reached during wait phase
2025-11-20 00:13:01,082 - VoiceAssistant - INFO - info:50 - Starting audio recording (waiting for sound...)
2025-11-20 00:13:05,245 - VoiceAssistant - WARNING - warning:54 - Max silence timeout reached during wait phase
2025-11-20 00:13:05,464 - VoiceAssistant - INFO - info:50 - Starting audio recording (waiting for sound...)
2025-11-20 00:13:05,627 - VoiceAssistant - WARNING - warning:54 - Max silence timeout reached during wait phase
2025-11-20 00:13:05,836 - VoiceAssistant - INFO - info:50 - Starting audio recording (waiting for sound...)
2025-11-20 00:13:06,100 - VoiceAssistant - WARNING - warning:54 - Max silence timeout reached during wait phase
2025-11-20 00:13:06,326 - VoiceAssistant - INFO - info:50 - Starting audio recording (waiting for sound...)
2025-11-20 00:13:10,477 - VoiceAssistant - WARNING - warning:54 - Max silence timeout reached during wait phase
2025-11-20 00:13:10,708 - VoiceAssistant - INFO - info:50 - Starting audio recording (waiting for sound...)
2025-11-20 00:13:10,847 - VoiceAssistant - WARNING - warning:54 - Max silence timeout reached during wait phase
2025-11-20 00:13:11,076 - VoiceAssistant - INFO - info:50 - Starting audio recording (waiting for sound...)
2025-11-20 00:13:11,341 - VoiceAssistant - WARNING - warning:54 - Max silence timeout reached during wait phase
2025-11-20 00:13:11,566 - VoiceAssistant - INFO - info:50 - Starting audio recording (waiting for sound...)
2025-11-20 00:13:15,722 - VoiceAssistant - WARNING - warning:54 - Max silence timeout reached during wait phase
2025-11-20 00:13:15,939 - VoiceAssistant - INFO - info:50 - Starting audio recording (waiting for sound...)
2025-11-20 00:13:16,090 - VoiceAssistant - WARNING - warning:54 - Max silence timeout reached during wait phase
2025-11-20 00:13:16,296 - VoiceAssistant - INFO - info:50 - Starting audio recording (waiting for sound...)
2025-11-20 00:13:16,579 - VoiceAssistant - WARNING - warning:54 - Max silence timeout reached during wait phase
2025-11-20 00:13:16,786 - VoiceAssistant - INFO - info:50 - Starting audio recording (waiting for sound...)
2025-11-20 00:13:20,955 - VoiceAssistant - WARNING - warning:54 - Max silence timeout reached during wait phase
2025-11-20 00:13:21,170 - VoiceAssistant - INFO - info:50 - Starting audio recording (waiting for sound...)
2025-11-20 00:13:21,312 - VoiceAssistant - WARNING - warning:54 - Max silence timeout reached during wait phase
2025-11-20 00:13:21,519 - VoiceAssistant - INFO - info:50 - Starting audio recording (waiting for sound...)
2025-11-20 00:13:21,802 - VoiceAssistant - WARNING - warning:54 - Max silence timeout reached during wait phase
2025-11-20 00:13:22,011 - VoiceAssistant - INFO - info:50 - Starting audio recording (waiting for sound...)
2025-11-20 00:13:26,186 - VoiceAssistant - WARNING - warning:54 - Max silence timeout reached during wait phase
2025-11-20 00:13:26,394 - VoiceAssistant - INFO - info:50 - Starting audio recording (waiting for sound...)
2025-11-20 00:13:26,535 - VoiceAssistant - WARNING - warning:54 - Max silence timeout reached during wait phase
2025-11-20 00:13:26,741 - VoiceAssistant - INFO - info:50 - Starting audio recording (waiting for sound...)
2025-11-20 00:13:27,023 - VoiceAssistant - WARNING - warning:54 - Max silence timeout reached during wait phase
2025-11-20 00:13:27,232 - VoiceAssistant - INFO - info:50 - Starting audio recording (waiting for sound...)
2025-11-20 00:13:31,409 - VoiceAssistant - WARNING - warning:54 - Max silence timeout reached during wait phase
2025-11-20 00:13:31,623 - VoiceAssistant - INFO - info:50 - Starting audio recording (waiting for sound...)
2025-11-20 00:13:31,757 - VoiceAssistant - WARNING - warning:54 - Max silence timeout reached during wait phase
2025-11-20 00:13:31,970 - VoiceAssistant - INFO - info:50 - Starting audio recording (waiting for sound...)
2025-11-20 00:13:32,246 - VoiceAssistant - WARNING - warning:54 - Max silence timeout reached during wait phase
2025-11-20 00:13:32,478 - VoiceAssistant - INFO - info:50 - Starting audio recording (waiting for sound...)
2025-11-20 00:13:36,641 - VoiceAssistant - WARNING - warning:54 - Max silence timeout reached during wait phase
2025-11-20 00:13:36,887 - VoiceAssistant - INFO - info:50 - Starting audio recording (waiting for sound...)
2025-11-20 00:13:36,986 - VoiceAssistant - WARNING - warning:54 - Max silence timeout reached during wait phase
2025-11-20 00:13:37,227 - VoiceAssistant - INFO - info:50 - Starting audio recording (waiting for sound...)
2025-11-20 00:13:37,494 - VoiceAssistant - WARNING - warning:54 - Max silence timeout reached during wait phase
2025-11-20 00:13:37,830 - VoiceAssistant - INFO - info:50 - Starting audio recording (waiting for sound...)
2025-11-20 00:13:41,900 - VoiceAssistant - WARNING - warning:54 - Max silence timeout reached during wait phase
2025-11-20 00:13:42,132 - VoiceAssistant - INFO - info:50 - Starting audio recording (waiting for sound...)
2025-11-20 00:13:42,241 - VoiceAssistant - WARNING - warning:54 - Max silence timeout reached during wait phase
2025-11-20 00:13:42,464 - VoiceAssistant - INFO - info:50 - Starting audio recording (waiting for sound...)
2025-11-20 00:13:42,844 - VoiceAssistant - WARNING - warning:54 - Max silence timeout reached during wait phase
2025-11-20 00:13:43,074 - VoiceAssistant - INFO - info:50 - Starting audio recording (waiting for sound...)
2025-11-20 00:13:47,148 - VoiceAssistant - WARNING - warning:54 - Max silence timeout reached during wait phase
2025-11-20 00:13:47,358 - VoiceAssistant - INFO - info:50 - Starting audio recording (waiting for sound...)
2025-11-20 00:13:47,479 - VoiceAssistant - WARNING - warning:54 - Max silence timeout reached during wait phase
2025-11-20 00:13:47,693 - VoiceAssistant - INFO - info:50 - Starting audio recording (waiting for sound...)
2025-11-20 00:13:48,086 - VoiceAssistant - WARNING - warning:54 - Max silence timeout reached during wait phase
2025-11-20 00:13:48,304 - VoiceAssistant - INFO - info:50 - Starting audio recording (waiting for sound...)
2025-11-20 00:13:52,376 - VoiceAssistant - WARNING - warning:54 - Max silence timeout reached during wait phase
2025-11-20 00:13:52,605 - VoiceAssistant - INFO - info:50 - Starting audio recording (waiting for sound...)
2025-11-20 00:13:52,710 - VoiceAssistant - WARNING - warning:54 - Max silence timeout reached during wait phase
2025-11-20 00:13:52,927 - VoiceAssistant - INFO - info:50 - Starting audio recording (waiting for sound...)
2025-11-20 00:13:53,317 - VoiceAssistant - WARNING - warning:54 - Max silence timeout reached during wait phase
2025-11-20 00:13:53,528 - VoiceAssistant - INFO - info:50 - Starting audio recording (waiting for sound...)
2025-11-20 00:13:57,620 - VoiceAssistant - WARNING - warning:54 - Max silence timeout reached during wait phase
2025-11-20 00:13:57,844 - VoiceAssistant - INFO - info:50 - Starting audio recording (waiting for sound...)
2025-11-20 00:13:57,940 - VoiceAssistant - WARNING - warning:54 - Max silence timeout reached during wait phase
2025-11-20 00:13:58,152 - VoiceAssistant - INFO - info:50 - Starting audio recording (waiting for sound...)
2025-11-20 00:13:58,540 - VoiceAssistant - WARNING - warning:54 - Max silence timeout reached during wait phase
2025-11-20 00:13:58,755 - VoiceAssistant - INFO - info:50 - Starting audio recording (waiting for sound...)
2025-11-20 00:14:02,859 - VoiceAssistant - WARNING - warning:54 - Max silence timeout reached during wait phase
2025-11-20 00:14:03,078 - VoiceAssistant - INFO - info:50 - Starting audio recording (waiting for sound...)
2025-11-20 00:14:03,164 - VoiceAssistant - WARNING - warning:54 - Max silence timeout reached during wait phase
2025-11-20 00:14:03,424 - VoiceAssistant - INFO - info:50 - Starting audio recording (waiting for sound...)
2025-11-20 00:14:03,770 - VoiceAssistant - WARNING - warning:54 - Max silence timeout reached during wait phase
2025-11-20 00:14:03,998 - VoiceAssistant - INFO - info:50 - Starting audio recording (waiting for sound...)
2025-11-20 00:14:08,094 - VoiceAssistant - WARNING - warning:54 - Max silence timeout reached during wait phase
2025-11-20 00:14:08,312 - VoiceAssistant - INFO - info:50 - Starting audio recording (waiting for sound...)
2025-11-20 00:14:08,439 - VoiceAssistant - WARNING - warning:54 - Max silence timeout reached during wait phase
2025-11-20 00:14:08,660 - VoiceAssistant - INFO - info:50 - Starting audio recording (waiting for sound...)
2025-11-20 00:14:09,015 - VoiceAssistant - WARNING - warning:54 - Max silence timeout reached during wait phase
2025-11-20 00:14:09,234 - VoiceAssistant - INFO - info:50 - Starting audio recording (waiting for sound...)
2025-11-20 00:14:13,327 - VoiceAssistant - WARNING - warning:54 - Max silence timeout reached during wait phase
2025-11-20 00:14:13,554 - VoiceAssistant - INFO - info:50 - Starting audio recording (waiting for sound...)
2025-11-20 00:14:13,673 - VoiceAssistant - WARNING - warning:54 - Max silence timeout reached during wait phase
2025-11-20 00:14:13,885 - VoiceAssistant - INFO - info:50 - Starting audio recording (waiting for sound...)
2025-11-20 00:14:14,249 - VoiceAssistant - WARNING - warning:54 - Max silence timeout reached during wait phase
2025-11-20 00:14:14,478 - VoiceAssistant - INFO - info:50 - Starting audio recording (waiting for sound...)
2025-11-20 00:14:18,386 - VoiceAssistant - INFO - info:50 - Sound detected! Recording...
2025-11-20 00:14:18,398 - VoiceAssistant - INFO - info:50 - Sound detected! Recording...
2025-11-20 00:14:18,410 - VoiceAssistant - INFO - info:50 - Sound detected! Recording...
2025-11-20 00:14:19,413 - VoiceAssistant - INFO - info:50 - Silence detected, stopping recording...
2025-11-20 00:14:19,414 - VoiceAssistant - INFO - info:50 - Saved audio: files/Artur Recordings/20251120_001413_788.wav (2.0s, 176172 bytes)
2025-11-20 00:14:19,429 - VoiceAssistant - INFO - info:50 - Silence detected, stopping recording...
2025-11-20 00:14:19,430 - VoiceAssistant - INFO - info:50 - Saved audio: files/Artur Recordings/20251120_001414_364.wav (2.0s, 180268 bytes)
2025-11-20 00:14:19,443 - VoiceAssistant - INFO - info:50 - Silence detected, stopping recording...
2025-11-20 00:14:19,445 - VoiceAssistant - INFO - info:50 - Saved audio: files/Artur Recordings/20251120_001413_448.wav (2.0s, 180268 bytes)
2025-11-20 00:14:19,529 - VoiceAssistant - INFO - info:50 - Transcribing: files/Artur Recordings/20251120_001413_788.wav (2.0s)
2025-11-20 00:14:19,546 - VoiceAssistant - INFO - info:50 - Transcribing: files/Artur Recordings/20251120_001414_364.wav (2.0s)
2025-11-20 00:14:19,577 - VoiceAssistant - INFO - info:50 - Transcribing: files/Artur Recordings/20251120_001413_448.wav (2.0s)
2025-11-20 00:14:21,212 - VoiceAssistant - INFO - info:50 - No transcription found (empty audio)
2025-11-20 00:14:21,216 - VoiceAssistant - INFO - info:50 - No transcription found (empty audio)
2025-11-20 00:14:21,241 - VoiceAssistant - INFO - info:50 - No transcription found (empty audio)
2025-11-20 00:14:21,640 - VoiceAssistant - INFO - info:50 - Starting audio recording (waiting for sound...)
2025-11-20 00:14:21,663 - VoiceAssistant - INFO - info:50 - Starting audio recording (waiting for sound...)
2025-11-20 00:14:21,689 - VoiceAssistant - INFO - info:50 - Starting audio recording (waiting for sound...)
2025-11-20 00:14:25,844 - VoiceAssistant - INFO - info:50 - Sound detected! Recording...
2025-11-20 00:14:26,130 - VoiceAssistant - INFO - info:50 - Sound detected! Recording...
2025-11-20 00:14:26,141 - VoiceAssistant - INFO - info:50 - Sound detected! Recording...
2025-11-20 00:14:27,125 - VoiceAssistant - INFO - info:50 - Silence detected, stopping recording...
2025-11-20 00:14:27,125 - VoiceAssistant - INFO - info:50 - Silence detected, stopping recording...
2025-11-20 00:14:27,127 - VoiceAssistant - INFO - info:50 - Saved audio: files/Artur Recordings/20251120_001421_212.wav (2.0s, 176172 bytes)
2025-11-20 00:14:27,127 - VoiceAssistant - INFO - info:50 - Saved audio: files/Artur Recordings/20251120_001421_217.wav (2.3s, 200748 bytes)
2025-11-20 00:14:27,130 - VoiceAssistant - INFO - info:50 - Silence detected, stopping recording...
2025-11-20 00:14:27,131 - VoiceAssistant - INFO - info:50 - Saved audio: files/Artur Recordings/20251120_001421_242.wav (2.0s, 176172 bytes)
2025-11-20 00:14:27,243 - VoiceAssistant - INFO - info:50 - Transcribing: files/Artur Recordings/20251120_001421_217.wav (2.3s)
2025-11-20 00:14:27,243 - VoiceAssistant - INFO - info:50 - Transcribing: files/Artur Recordings/20251120_001421_212.wav (2.0s)
2025-11-20 00:14:27,251 - VoiceAssistant - INFO - info:50 - Transcribing: files/Artur Recordings/20251120_001421_242.wav (2.0s)
2025-11-20 00:14:28,494 - VoiceAssistant - INFO - info:50 - No transcription found (empty audio)
2025-11-20 00:14:28,501 - VoiceAssistant - INFO - info:50 - No transcription found (empty audio)
2025-11-20 00:14:28,514 - VoiceAssistant - INFO - info:50 - No transcription found (empty audio)
2025-11-20 00:14:28,879 - VoiceAssistant - INFO - info:50 - Starting audio recording (waiting for sound...)
2025-11-20 00:14:28,910 - VoiceAssistant - INFO - info:50 - Starting audio recording (waiting for sound...)
2025-11-20 00:14:29,002 - VoiceAssistant - INFO - info:50 - Starting audio recording (waiting for sound...)
2025-11-20 00:14:33,892 - VoiceAssistant - WARNING - warning:54 - Max silence timeout reached during wait phase
2025-11-20 00:14:33,925 - VoiceAssistant - WARNING - warning:54 - Max silence timeout reached during wait phase
2025-11-20 00:14:34,002 - VoiceAssistant - WARNING - warning:54 - Max silence timeout reached during wait phase
2025-11-20 00:14:34,182 - VoiceAssistant - INFO - info:50 - Starting audio recording (waiting for sound...)
2025-11-20 00:14:34,328 - VoiceAssistant - INFO - info:50 - Starting audio recording (waiting for sound...)
2025-11-20 00:14:34,439 - VoiceAssistant - INFO - info:50 - Starting audio recording (waiting for sound...)
2025-11-20 00:14:39,198 - VoiceAssistant - WARNING - warning:54 - Max silence timeout reached during wait phase
2025-11-20 00:14:39,343 - VoiceAssistant - WARNING - warning:54 - Max silence timeout reached during wait phase
2025-11-20 00:14:39,409 - VoiceAssistant - INFO - info:50 - Starting audio recording (waiting for sound...)
2025-11-20 00:14:39,451 - VoiceAssistant - WARNING - warning:54 - Max silence timeout reached during wait phase
2025-11-20 00:14:39,583 - VoiceAssistant - INFO - info:50 - Starting audio recording (waiting for sound...)
2025-11-20 00:14:39,793 - VoiceAssistant - INFO - info:50 - Starting audio recording (waiting for sound...)
2025-11-20 00:14:44,425 - VoiceAssistant - WARNING - warning:54 - Max silence timeout reached during wait phase
2025-11-20 00:14:44,599 - VoiceAssistant - WARNING - warning:54 - Max silence timeout reached during wait phase
2025-11-20 00:14:44,640 - VoiceAssistant - INFO - info:50 - Starting audio recording (waiting for sound...)
2025-11-20 00:14:44,809 - VoiceAssistant - WARNING - warning:54 - Max silence timeout reached during wait phase
2025-11-20 00:14:44,812 - VoiceAssistant - INFO - info:50 - Starting audio recording (waiting for sound...)
2025-11-20 00:14:45,116 - VoiceAssistant - INFO - info:50 - Starting audio recording (waiting for sound...)
2025-11-20 00:14:49,652 - VoiceAssistant - WARNING - warning:54 - Max silence timeout reached during wait phase
2025-11-20 00:14:49,828 - VoiceAssistant - WARNING - warning:54 - Max silence timeout reached during wait phase
2025-11-20 00:14:49,868 - VoiceAssistant - INFO - info:50 - Starting audio recording (waiting for sound...)
2025-11-20 00:14:50,043 - VoiceAssistant - INFO - info:50 - Starting audio recording (waiting for sound...)
2025-11-20 00:14:50,131 - VoiceAssistant - WARNING - warning:54 - Max silence timeout reached during wait phase
2025-11-20 00:14:50,409 - VoiceAssistant - INFO - info:50 - Starting audio recording (waiting for sound...)
2025-11-20 00:14:54,881 - VoiceAssistant - WARNING - warning:54 - Max silence timeout reached during wait phase
2025-11-20 00:14:55,059 - VoiceAssistant - WARNING - warning:54 - Max silence timeout reached during wait phase
2025-11-20 00:14:55,096 - VoiceAssistant - INFO - info:50 - Starting audio recording (waiting for sound...)
2025-11-20 00:14:55,274 - VoiceAssistant - INFO - info:50 - Starting audio recording (waiting for sound...)
2025-11-20 00:14:55,422 - VoiceAssistant - WARNING - warning:54 - Max silence timeout reached during wait phase
2025-11-20 00:14:55,688 - VoiceAssistant - INFO - info:50 - Starting audio recording (waiting for sound...)
2025-11-20 00:14:58,296 - VoiceAssistant - INFO - info:50 - Sound detected! Recording...
2025-11-20 00:14:58,299 - VoiceAssistant - INFO - info:50 - Sound detected! Recording...
2025-11-20 00:14:58,306 - VoiceAssistant - INFO - info:50 - Sound detected! Recording...
2025-11-20 00:14:59,808 - VoiceAssistant - INFO - info:50 - Silence detected, stopping recording...
2025-11-20 00:14:59,809 - VoiceAssistant - INFO - info:50 - Saved audio: files/Artur Recordings/20251120_001455_541.wav (2.5s, 221228 bytes)
2025-11-20 00:14:59,810 - VoiceAssistant - INFO - info:50 - Silence detected, stopping recording...
2025-11-20 00:14:59,811 - VoiceAssistant - INFO - info:50 - Saved audio: files/Artur Recordings/20251120_001454_996.wav (2.5s, 223276 bytes)
2025-11-20 00:14:59,816 - VoiceAssistant - INFO - info:50 - Silence detected, stopping recording...
2025-11-20 00:14:59,817 - VoiceAssistant - INFO - info:50 - Saved audio: files/Artur Recordings/20251120_001455_175.wav (2.5s, 221228 bytes)
2025-11-20 00:14:59,929 - VoiceAssistant - INFO - info:50 - Transcribing: files/Artur Recordings/20251120_001454_996.wav (2.5s)
2025-11-20 00:14:59,929 - VoiceAssistant - INFO - info:50 - Transcribing: files/Artur Recordings/20251120_001455_541.wav (2.5s)
2025-11-20 00:14:59,944 - VoiceAssistant - INFO - info:50 - Transcribing: files/Artur Recordings/20251120_001455_175.wav (2.5s)
2025-11-20 00:15:01,238 - VoiceAssistant - INFO - info:50 - No transcription found (empty audio)
2025-11-20 00:15:01,262 - VoiceAssistant - INFO - info:50 - No transcription found (empty audio)
2025-11-20 00:15:01,305 - VoiceAssistant - INFO - info:50 - No transcription found (empty audio)
2025-11-20 00:15:01,625 - VoiceAssistant - INFO - info:50 - Starting audio recording (waiting for sound...)
2025-11-20 00:15:01,695 - VoiceAssistant - INFO - info:50 - Starting audio recording (waiting for sound...)
2025-11-20 00:15:01,719 - VoiceAssistant - INFO - info:50 - Starting audio recording (waiting for sound...)
2025-11-20 00:15:06,639 - VoiceAssistant - WARNING - warning:54 - Max silence timeout reached during wait phase
2025-11-20 00:15:06,708 - VoiceAssistant - WARNING - warning:54 - Max silence timeout reached during wait phase
2025-11-20 00:15:06,733 - VoiceAssistant - WARNING - warning:54 - Max silence timeout reached during wait phase
2025-11-20 00:15:07,035 - VoiceAssistant - INFO - info:50 - Starting audio recording (waiting for sound...)
2025-11-20 00:15:07,174 - VoiceAssistant - INFO - info:50 - Starting audio recording (waiting for sound...)
2025-11-20 00:15:07,201 - VoiceAssistant - INFO - info:50 - Starting audio recording (waiting for sound...)
2025-11-20 00:15:12,047 - VoiceAssistant - WARNING - warning:54 - Max silence timeout reached during wait phase
2025-11-20 00:15:12,189 - VoiceAssistant - WARNING - warning:54 - Max silence timeout reached during wait phase
2025-11-20 00:15:12,217 - VoiceAssistant - WARNING - warning:54 - Max silence timeout reached during wait phase
2025-11-20 00:15:12,265 - VoiceAssistant - INFO - info:50 - Starting audio recording (waiting for sound...)
2025-11-20 00:15:12,518 - VoiceAssistant - INFO - info:50 - Starting audio recording (waiting for sound...)
2025-11-20 00:15:12,545 - VoiceAssistant - INFO - info:50 - Starting audio recording (waiting for sound...)
2025-11-20 00:15:17,281 - VoiceAssistant - WARNING - warning:54 - Max silence timeout reached during wait phase
2025-11-20 00:15:17,490 - VoiceAssistant - INFO - info:50 - Starting audio recording (waiting for sound...)
2025-11-20 00:15:17,531 - VoiceAssistant - WARNING - warning:54 - Max silence timeout reached during wait phase
2025-11-20 00:15:17,557 - VoiceAssistant - WARNING - warning:54 - Max silence timeout reached during wait phase
2025-11-20 00:15:17,804 - VoiceAssistant - INFO - info:50 - Starting audio recording (waiting for sound...)
2025-11-20 00:15:17,830 - VoiceAssistant - INFO - info:50 - Starting audio recording (waiting for sound...)
2025-11-20 00:15:22,503 - VoiceAssistant - WARNING - warning:54 - Max silence timeout reached during wait phase
2025-11-20 00:15:22,709 - VoiceAssistant - INFO - info:50 - Starting audio recording (waiting for sound...)
2025-11-20 00:15:22,819 - VoiceAssistant - WARNING - warning:54 - Max silence timeout reached during wait phase
2025-11-20 00:15:22,843 - VoiceAssistant - WARNING - warning:54 - Max silence timeout reached during wait phase
2025-11-20 00:15:23,084 - VoiceAssistant - INFO - info:50 - Starting audio recording (waiting for sound...)
2025-11-20 00:15:23,105 - VoiceAssistant - INFO - info:50 - Starting audio recording (waiting for sound...)
2025-11-20 00:15:27,726 - VoiceAssistant - WARNING - warning:54 - Max silence timeout reached during wait phase
2025-11-20 00:15:27,933 - VoiceAssistant - INFO - info:50 - Starting audio recording (waiting for sound...)
2025-11-20 00:15:28,097 - VoiceAssistant - WARNING - warning:54 - Max silence timeout reached during wait phase
2025-11-20 00:15:28,119 - VoiceAssistant - WARNING - warning:54 - Max silence timeout reached during wait phase
2025-11-20 00:15:28,374 - VoiceAssistant - INFO - info:50 - Starting audio recording (waiting for sound...)
2025-11-20 00:15:28,396 - VoiceAssistant - INFO - info:50 - Starting audio recording (waiting for sound...)
2025-11-20 00:15:32,946 - VoiceAssistant - WARNING - warning:54 - Max silence timeout reached during wait phase
2025-11-20 00:15:33,153 - VoiceAssistant - INFO - info:50 - Starting audio recording (waiting for sound...)
2025-11-20 00:15:33,390 - VoiceAssistant - WARNING - warning:54 - Max silence timeout reached during wait phase
2025-11-20 00:15:33,408 - VoiceAssistant - WARNING - warning:54 - Max silence timeout reached during wait phase
2025-11-20 00:15:33,680 - VoiceAssistant - INFO - info:50 - Starting audio recording (waiting for sound...)
2025-11-20 00:15:33,702 - VoiceAssistant - INFO - info:50 - Starting audio recording (waiting for sound...)
2025-11-20 00:15:38,170 - VoiceAssistant - WARNING - warning:54 - Max silence timeout reached during wait phase
2025-11-20 00:15:38,379 - VoiceAssistant - INFO - info:50 - Starting audio recording (waiting for sound...)
2025-11-20 00:15:38,693 - VoiceAssistant - WARNING - warning:54 - Max silence timeout reached during wait phase
2025-11-20 00:15:38,719 - VoiceAssistant - WARNING - warning:54 - Max silence timeout reached during wait phase
2025-11-20 00:15:38,973 - VoiceAssistant - INFO - info:50 - Starting audio recording (waiting for sound...)
2025-11-20 00:15:38,995 - VoiceAssistant - INFO - info:50 - Starting audio recording (waiting for sound...)
2025-11-20 00:15:43,396 - VoiceAssistant - WARNING - warning:54 - Max silence timeout reached during wait phase
2025-11-20 00:15:43,605 - VoiceAssistant - INFO - info:50 - Starting audio recording (waiting for sound...)
2025-11-20 00:15:43,989 - VoiceAssistant - WARNING - warning:54 - Max silence timeout reached during wait phase
2025-11-20 00:15:44,008 - VoiceAssistant - WARNING - warning:54 - Max silence timeout reached during wait phase
2025-11-20 00:15:44,266 - VoiceAssistant - INFO - info:50 - Starting audio recording (waiting for sound...)
2025-11-20 00:15:44,289 - VoiceAssistant - INFO - info:50 - Starting audio recording (waiting for sound...)
2025-11-20 00:15:48,618 - VoiceAssistant - WARNING - warning:54 - Max silence timeout reached during wait phase
2025-11-20 00:15:48,840 - VoiceAssistant - INFO - info:50 - Starting audio recording (waiting for sound...)
2025-11-20 00:15:49,281 - VoiceAssistant - WARNING - warning:54 - Max silence timeout reached during wait phase
2025-11-20 00:15:49,301 - VoiceAssistant - WARNING - warning:54 - Max silence timeout reached during wait phase
2025-11-20 00:15:49,564 - VoiceAssistant - INFO - info:50 - Starting audio recording (waiting for sound...)
2025-11-20 00:15:49,586 - VoiceAssistant - INFO - info:50 - Starting audio recording (waiting for sound...)
2025-11-20 00:15:53,856 - VoiceAssistant - WARNING - warning:54 - Max silence timeout reached during wait phase
2025-11-20 00:15:54,062 - VoiceAssistant - INFO - info:50 - Starting audio recording (waiting for sound...)
2025-11-20 00:15:54,581 - VoiceAssistant - WARNING - warning:54 - Max silence timeout reached during wait phase
2025-11-20 00:15:54,602 - VoiceAssistant - WARNING - warning:54 - Max silence timeout reached during wait phase
2025-11-20 00:15:54,863 - VoiceAssistant - INFO - info:50 - Starting audio recording (waiting for sound...)
2025-11-20 00:15:54,885 - VoiceAssistant - INFO - info:50 - Starting audio recording (waiting for sound...)
2025-11-20 00:15:58,373 - VoiceAssistant - INFO - info:50 - Sound detected! Recording...
2025-11-20 00:15:59,378 - VoiceAssistant - INFO - info:50 - Silence detected, stopping recording...
2025-11-20 00:15:59,380 - VoiceAssistant - INFO - info:50 - Saved audio: files/Artur Recordings/20251120_001553_975.wav (2.0s, 176172 bytes)
2025-11-20 00:15:59,496 - VoiceAssistant - INFO - info:50 - Transcribing: files/Artur Recordings/20251120_001553_975.wav (2.0s)
2025-11-20 00:15:59,876 - VoiceAssistant - WARNING - warning:54 - Max silence timeout reached during wait phase
2025-11-20 00:15:59,898 - VoiceAssistant - WARNING - warning:54 - Max silence timeout reached during wait phase
2025-11-20 00:15:59,907 - VoiceAssistant - INFO - info:50 - No transcription found (empty audio)
2025-11-20 00:15:59,996 - VoiceAssistant - INFO - info:50 - Starting audio recording (waiting for sound...)
2025-11-20 00:16:00,143 - VoiceAssistant - INFO - info:50 - Starting audio recording (waiting for sound...)
2025-11-20 00:16:00,168 - VoiceAssistant - INFO - info:50 - Starting audio recording (waiting for sound...)
2025-11-20 00:16:01,660 - VoiceAssistant - INFO - info:50 - Sound detected! Recording...
2025-11-20 00:16:01,662 - VoiceAssistant - INFO - info:50 - Sound detected! Recording...
2025-11-20 00:16:01,681 - VoiceAssistant - INFO - info:50 - Sound detected! Recording...
2025-11-20 00:16:10,749 - VoiceAssistant - INFO - info:50 - Silence detected, stopping recording...
2025-11-20 00:16:10,751 - VoiceAssistant - INFO - info:50 - Saved audio: files/Artur Recordings/20251120_001559_907.wav (10.1s, 888876 bytes)
2025-11-20 00:16:10,771 - VoiceAssistant - INFO - info:50 - Silence detected, stopping recording...
2025-11-20 00:16:10,772 - VoiceAssistant - INFO - info:50 - Saved audio: files/Artur Recordings/20251120_001600_013.wav (10.1s, 890924 bytes)
2025-11-20 00:16:10,773 - VoiceAssistant - INFO - info:50 - Silence detected, stopping recording...
2025-11-20 00:16:10,776 - VoiceAssistant - INFO - info:50 - Saved audio: files/Artur Recordings/20251120_001559_995.wav (10.1s, 890924 bytes)
2025-11-20 00:16:10,867 - VoiceAssistant - INFO - info:50 - Transcribing: files/Artur Recordings/20251120_001559_907.wav (10.1s)
2025-11-20 00:16:10,888 - VoiceAssistant - INFO - info:50 - Transcribing: files/Artur Recordings/20251120_001600_013.wav (10.1s)
2025-11-20 00:16:10,935 - VoiceAssistant - INFO - info:50 - Transcribing: files/Artur Recordings/20251120_001559_995.wav (10.1s)
2025-11-20 00:16:14,333 - VoiceAssistant - INFO - info:50 - Transcription complete: 'Once again I told you it should be time since last command so it's just yeah timing  of the last command.' (3.44s)
2025-11-20 00:16:14,334 - VoiceAssistant - INFO - info:50 - Saved transcription: files/Artur Recordings/20251120_001600_013.json
2025-11-20 00:16:14,334 - VoiceAssistant - INFO - info:50 - Text preprocessed: 'Once again I told you it should be time since last command so it's just yeah timing  of the last command.'
2025-11-20 00:16:14,353 - VoiceAssistant - INFO - info:50 - Transcription complete: 'Once again I told you it should be time since last command so it's just yeah timing  of the last command.' (3.49s)
2025-11-20 00:16:14,354 - VoiceAssistant - INFO - info:50 - Saved transcription: files/Artur Recordings/20251120_001559_907.json
2025-11-20 00:16:14,355 - VoiceAssistant - INFO - info:50 - Text preprocessed: 'Once again I told you it should be time since last command so it's just yeah timing  of the last command.'
2025-11-20 00:16:14,390 - VoiceAssistant - INFO - info:50 - Transcription complete: 'Once again I told you it should be time since last command so it's just yeah timing  of the last command.' (3.46s)
2025-11-20 00:16:14,391 - VoiceAssistant - INFO - info:50 - Saved transcription: files/Artur Recordings/20251120_001559_995.json
2025-11-20 00:16:14,392 - VoiceAssistant - INFO - info:50 - Text preprocessed: 'Once again I told you it should be time since last command so it's just yeah timing  of the last command.'
2025-11-20 00:16:15,131 - VoiceAssistant - INFO - info:50 - Successfully pasted: 'Once again I told you it should be time since last command so it's just yeah timing  of the last command.'
2025-11-20 00:16:15,162 - VoiceAssistant - INFO - info:50 - Successfully pasted: 'Once again I told you it should be time since last command so it's just yeah timing  of the last command.'
2025-11-20 00:16:15,278 - VoiceAssistant - INFO - info:50 - Successfully pasted: 'Once again I told you it should be time since last command so it's just yeah timing  of the last command.'
2025-11-20 00:16:15,435 - VoiceAssistant - INFO - info:50 - Starting audio recording (waiting for sound...)
2025-11-20 00:16:15,568 - VoiceAssistant - INFO - info:50 - Starting audio recording (waiting for sound...)
2025-11-20 00:16:15,644 - VoiceAssistant - INFO - info:50 - Starting audio recording (waiting for sound...)
2025-11-20 00:16:20,448 - VoiceAssistant - WARNING - warning:54 - Max silence timeout reached during wait phase
2025-11-20 00:16:20,583 - VoiceAssistant - WARNING - warning:54 - Max silence timeout reached during wait phase
2025-11-20 00:16:20,658 - VoiceAssistant - WARNING - warning:54 - Max silence timeout reached during wait phase
2025-11-20 00:16:20,662 - VoiceAssistant - INFO - info:50 - Starting audio recording (waiting for sound...)
2025-11-20 00:16:20,949 - VoiceAssistant - INFO - info:50 - Starting audio recording (waiting for sound...)
2025-11-20 00:16:21,012 - VoiceAssistant - INFO - info:50 - Starting audio recording (waiting for sound...)
2025-11-20 00:16:25,679 - VoiceAssistant - WARNING - warning:54 - Max silence timeout reached during wait phase
2025-11-20 00:16:25,936 - VoiceAssistant - INFO - info:50 - Starting audio recording (waiting for sound...)
2025-11-20 00:16:25,962 - VoiceAssistant - WARNING - warning:54 - Max silence timeout reached during wait phase
2025-11-20 00:16:26,028 - VoiceAssistant - WARNING - warning:54 - Max silence timeout reached during wait phase
2025-11-20 00:16:26,482 - VoiceAssistant - INFO - info:50 - Starting audio recording (waiting for sound...)
2025-11-20 00:16:26,547 - VoiceAssistant - INFO - info:50 - Starting audio recording (waiting for sound...)
2025-11-20 00:16:30,952 - VoiceAssistant - WARNING - warning:54 - Max silence timeout reached during wait phase
2025-11-20 00:16:31,223 - VoiceAssistant - INFO - info:50 - Starting audio recording (waiting for sound...)
2025-11-20 00:16:31,495 - VoiceAssistant - WARNING - warning:54 - Max silence timeout reached during wait phase
2025-11-20 00:16:31,564 - VoiceAssistant - WARNING - warning:54 - Max silence timeout reached during wait phase
2025-11-20 00:16:31,798 - VoiceAssistant - INFO - info:50 - Starting audio recording (waiting for sound...)
2025-11-20 00:16:31,915 - VoiceAssistant - INFO - info:50 - Starting audio recording (waiting for sound...)
2025-11-20 00:16:36,240 - VoiceAssistant - WARNING - warning:54 - Max silence timeout reached during wait phase
2025-11-20 00:16:36,457 - VoiceAssistant - INFO - info:50 - Starting audio recording (waiting for sound...)
2025-11-20 00:16:36,812 - VoiceAssistant - WARNING - warning:54 - Max silence timeout reached during wait phase
2025-11-20 00:16:36,932 - VoiceAssistant - WARNING - warning:54 - Max silence timeout reached during wait phase
2025-11-20 00:16:37,034 - VoiceAssistant - INFO - info:50 - Starting audio recording (waiting for sound...)
2025-11-20 00:16:37,234 - VoiceAssistant - INFO - info:50 - Starting audio recording (waiting for sound...)
2025-11-20 00:16:41,470 - VoiceAssistant - WARNING - warning:54 - Max silence timeout reached during wait phase
2025-11-20 00:16:41,688 - VoiceAssistant - INFO - info:50 - Starting audio recording (waiting for sound...)
2025-11-20 00:16:42,049 - VoiceAssistant - WARNING - warning:54 - Max silence timeout reached during wait phase
2025-11-20 00:16:42,249 - VoiceAssistant - WARNING - warning:54 - Max silence timeout reached during wait phase
2025-11-20 00:16:42,264 - VoiceAssistant - INFO - info:50 - Starting audio recording (waiting for sound...)
2025-11-20 00:16:42,523 - VoiceAssistant - INFO - info:50 - Starting audio recording (waiting for sound...)
2025-11-20 00:16:46,702 - VoiceAssistant - WARNING - warning:54 - Max silence timeout reached during wait phase
2025-11-20 00:16:46,938 - VoiceAssistant - INFO - info:50 - Starting audio recording (waiting for sound...)
2025-11-20 00:16:47,276 - VoiceAssistant - WARNING - warning:54 - Max silence timeout reached during wait phase
2025-11-20 00:16:47,491 - VoiceAssistant - INFO - info:50 - Starting audio recording (waiting for sound...)
2025-11-20 00:16:47,538 - VoiceAssistant - WARNING - warning:54 - Max silence timeout reached during wait phase
2025-11-20 00:16:47,804 - VoiceAssistant - INFO - info:50 - Starting audio recording (waiting for sound...)
2025-11-20 00:16:51,953 - VoiceAssistant - WARNING - warning:54 - Max silence timeout reached during wait phase
2025-11-20 00:16:52,179 - VoiceAssistant - INFO - info:50 - Starting audio recording (waiting for sound...)
2025-11-20 00:16:52,504 - VoiceAssistant - WARNING - warning:54 - Max silence timeout reached during wait phase
2025-11-20 00:16:52,746 - VoiceAssistant - INFO - info:50 - Starting audio recording (waiting for sound...)
2025-11-20 00:16:52,821 - VoiceAssistant - WARNING - warning:54 - Max silence timeout reached during wait phase
2025-11-20 00:16:53,088 - VoiceAssistant - INFO - info:50 - Starting audio recording (waiting for sound...)
2025-11-20 00:16:57,192 - VoiceAssistant - WARNING - warning:54 - Max silence timeout reached during wait phase
2025-11-20 00:16:57,432 - VoiceAssistant - INFO - info:50 - Starting audio recording (waiting for sound...)
2025-11-20 00:16:57,758 - VoiceAssistant - WARNING - warning:54 - Max silence timeout reached during wait phase
2025-11-20 00:16:57,997 - VoiceAssistant - INFO - info:50 - Starting audio recording (waiting for sound...)
2025-11-20 00:16:58,103 - VoiceAssistant - WARNING - warning:54 - Max silence timeout reached during wait phase
2025-11-20 00:16:58,368 - VoiceAssistant - INFO - info:50 - Starting audio recording (waiting for sound...)
2025-11-20 00:17:02,444 - VoiceAssistant - WARNING - warning:54 - Max silence timeout reached during wait phase
2025-11-20 00:17:02,658 - VoiceAssistant - INFO - info:50 - Starting audio recording (waiting for sound...)
2025-11-20 00:17:03,012 - VoiceAssistant - WARNING - warning:54 - Max silence timeout reached during wait phase
2025-11-20 00:17:03,230 - VoiceAssistant - INFO - info:50 - Starting audio recording (waiting for sound...)
2025-11-20 00:17:03,383 - VoiceAssistant - WARNING - warning:54 - Max silence timeout reached during wait phase
2025-11-20 00:17:03,610 - VoiceAssistant - INFO - info:50 - Starting audio recording (waiting for sound...)
2025-11-20 00:17:07,670 - VoiceAssistant - WARNING - warning:54 - Max silence timeout reached during wait phase
2025-11-20 00:17:07,891 - VoiceAssistant - INFO - info:50 - Starting audio recording (waiting for sound...)
2025-11-20 00:17:08,243 - VoiceAssistant - WARNING - warning:54 - Max silence timeout reached during wait phase
2025-11-20 00:17:08,474 - VoiceAssistant - INFO - info:50 - Starting audio recording (waiting for sound...)
2025-11-20 00:17:08,622 - VoiceAssistant - WARNING - warning:54 - Max silence timeout reached during wait phase
2025-11-20 00:17:08,840 - VoiceAssistant - INFO - info:50 - Starting audio recording (waiting for sound...)
2025-11-20 00:17:12,908 - VoiceAssistant - WARNING - warning:54 - Max silence timeout reached during wait phase
2025-11-20 00:17:13,141 - VoiceAssistant - INFO - info:50 - Starting audio recording (waiting for sound...)
2025-11-20 00:17:13,489 - VoiceAssistant - WARNING - warning:54 - Max silence timeout reached during wait phase
2025-11-20 00:17:13,712 - VoiceAssistant - INFO - info:50 - Starting audio recording (waiting for sound...)
2025-11-20 00:17:13,853 - VoiceAssistant - WARNING - warning:54 - Max silence timeout reached during wait phase
2025-11-20 00:17:14,241 - VoiceAssistant - INFO - info:50 - Starting audio recording (waiting for sound...)
2025-11-20 00:17:18,153 - VoiceAssistant - WARNING - warning:54 - Max silence timeout reached during wait phase
2025-11-20 00:17:18,377 - VoiceAssistant - INFO - info:50 - Starting audio recording (waiting for sound...)
2025-11-20 00:17:18,726 - VoiceAssistant - WARNING - warning:54 - Max silence timeout reached during wait phase
2025-11-20 00:17:18,950 - VoiceAssistant - INFO - info:50 - Starting audio recording (waiting for sound...)
2025-11-20 00:17:19,114 - VoiceAssistant - INFO - info:50 - Loading Whisper model: tiny (float32)
2025-11-20 00:17:19,254 - VoiceAssistant - WARNING - warning:54 - Max silence timeout reached during wait phase
2025-11-20 00:17:19,472 - VoiceAssistant - INFO - info:50 - Starting audio recording (waiting for sound...)
2025-11-20 00:17:20,465 - VoiceAssistant - INFO - info:50 - Whisper model loaded successfully
2025-11-20 00:17:20,835 - VoiceAssistant - INFO - info:50 - Starting audio recording (waiting for sound...)
2025-11-20 00:17:23,391 - VoiceAssistant - WARNING - warning:54 - Max silence timeout reached during wait phase
2025-11-20 00:17:23,609 - VoiceAssistant - INFO - info:50 - Starting audio recording (waiting for sound...)
2025-11-20 00:17:23,965 - VoiceAssistant - WARNING - warning:54 - Max silence timeout reached during wait phase
2025-11-20 00:17:24,189 - VoiceAssistant - INFO - info:50 - Starting audio recording (waiting for sound...)
2025-11-20 00:17:24,490 - VoiceAssistant - WARNING - warning:54 - Max silence timeout reached during wait phase
2025-11-20 00:17:24,702 - VoiceAssistant - INFO - info:50 - Starting audio recording (waiting for sound...)
2025-11-20 00:17:25,845 - VoiceAssistant - WARNING - warning:54 - Max silence timeout reached during wait phase
2025-11-20 00:17:26,080 - VoiceAssistant - INFO - info:50 - Starting audio recording (waiting for sound...)
2025-11-20 00:17:28,623 - VoiceAssistant - WARNING - warning:54 - Max silence timeout reached during wait phase
2025-11-20 00:17:28,845 - VoiceAssistant - INFO - info:50 - Starting audio recording (waiting for sound...)
2025-11-20 00:17:29,205 - VoiceAssistant - WARNING - warning:54 - Max silence timeout reached during wait phase
2025-11-20 00:17:29,421 - VoiceAssistant - INFO - info:50 - Starting audio recording (waiting for sound...)
2025-11-20 00:17:29,716 - VoiceAssistant - WARNING - warning:54 - Max silence timeout reached during wait phase
2025-11-20 00:17:29,948 - VoiceAssistant - INFO - info:50 - Starting audio recording (waiting for sound...)
2025-11-20 00:17:31,093 - VoiceAssistant - WARNING - warning:54 - Max silence timeout reached during wait phase
2025-11-20 00:17:31,309 - VoiceAssistant - INFO - info:50 - Starting audio recording (waiting for sound...)
2025-11-20 00:17:33,861 - VoiceAssistant - WARNING - warning:54 - Max silence timeout reached during wait phase
2025-11-20 00:17:34,084 - VoiceAssistant - INFO - info:50 - Starting audio recording (waiting for sound...)
2025-11-20 00:17:34,433 - VoiceAssistant - WARNING - warning:54 - Max silence timeout reached during wait phase
2025-11-20 00:17:34,647 - VoiceAssistant - INFO - info:50 - Starting audio recording (waiting for sound...)
2025-11-20 00:17:34,960 - VoiceAssistant - WARNING - warning:54 - Max silence timeout reached during wait phase
2025-11-20 00:17:35,200 - VoiceAssistant - INFO - info:50 - Starting audio recording (waiting for sound...)
2025-11-20 00:17:36,325 - VoiceAssistant - WARNING - warning:54 - Max silence timeout reached during wait phase
2025-11-20 00:17:36,557 - VoiceAssistant - INFO - info:50 - Starting audio recording (waiting for sound...)
2025-11-20 00:17:39,096 - VoiceAssistant - WARNING - warning:54 - Max silence timeout reached during wait phase
2025-11-20 00:17:39,307 - VoiceAssistant - INFO - info:50 - Starting audio recording (waiting for sound...)
2025-11-20 00:17:39,660 - VoiceAssistant - WARNING - warning:54 - Max silence timeout reached during wait phase
2025-11-20 00:17:39,879 - VoiceAssistant - INFO - info:50 - Starting audio recording (waiting for sound...)
2025-11-20 00:17:40,213 - VoiceAssistant - WARNING - warning:54 - Max silence timeout reached during wait phase
2025-11-20 00:17:40,433 - VoiceAssistant - INFO - info:50 - Starting audio recording (waiting for sound...)
2025-11-20 00:17:41,572 - VoiceAssistant - WARNING - warning:54 - Max silence timeout reached during wait phase
2025-11-20 00:17:41,787 - VoiceAssistant - INFO - info:50 - Starting audio recording (waiting for sound...)
2025-11-20 00:17:44,322 - VoiceAssistant - WARNING - warning:54 - Max silence timeout reached during wait phase
2025-11-20 00:17:44,541 - VoiceAssistant - INFO - info:50 - Starting audio recording (waiting for sound...)
2025-11-20 00:17:44,894 - VoiceAssistant - WARNING - warning:54 - Max silence timeout reached during wait phase
2025-11-20 00:17:45,104 - VoiceAssistant - INFO - info:50 - Starting audio recording (waiting for sound...)
2025-11-20 00:17:45,449 - VoiceAssistant - WARNING - warning:54 - Max silence timeout reached during wait phase
2025-11-20 00:17:45,657 - VoiceAssistant - INFO - info:50 - Starting audio recording (waiting for sound...)
2025-11-20 00:17:46,800 - VoiceAssistant - WARNING - warning:54 - Max silence timeout reached during wait phase
2025-11-20 00:17:47,012 - VoiceAssistant - INFO - info:50 - Starting audio recording (waiting for sound...)
2025-11-20 00:17:49,553 - VoiceAssistant - WARNING - warning:54 - Max silence timeout reached during wait phase
2025-11-20 00:17:49,766 - VoiceAssistant - INFO - info:50 - Starting audio recording (waiting for sound...)
2025-11-20 00:17:50,118 - VoiceAssistant - WARNING - warning:54 - Max silence timeout reached during wait phase
2025-11-20 00:17:50,335 - VoiceAssistant - INFO - info:50 - Starting audio recording (waiting for sound...)
2025-11-20 00:17:50,669 - VoiceAssistant - WARNING - warning:54 - Max silence timeout reached during wait phase
2025-11-20 00:17:50,878 - VoiceAssistant - INFO - info:50 - Starting audio recording (waiting for sound...)
2025-11-20 00:17:52,025 - VoiceAssistant - WARNING - warning:54 - Max silence timeout reached during wait phase
2025-11-20 00:17:52,247 - VoiceAssistant - INFO - info:50 - Starting audio recording (waiting for sound...)
2025-11-20 00:17:54,784 - VoiceAssistant - WARNING - warning:54 - Max silence timeout reached during wait phase
2025-11-20 00:17:55,001 - VoiceAssistant - INFO - info:50 - Starting audio recording (waiting for sound...)
2025-11-20 00:17:55,347 - VoiceAssistant - WARNING - warning:54 - Max silence timeout reached during wait phase
2025-11-20 00:17:55,560 - VoiceAssistant - INFO - info:50 - Starting audio recording (waiting for sound...)
2025-11-20 00:17:55,896 - VoiceAssistant - WARNING - warning:54 - Max silence timeout reached during wait phase
2025-11-20 00:17:56,106 - VoiceAssistant - INFO - info:50 - Starting audio recording (waiting for sound...)
2025-11-20 00:17:57,263 - VoiceAssistant - WARNING - warning:54 - Max silence timeout reached during wait phase
2025-11-20 00:17:57,482 - VoiceAssistant - INFO - info:50 - Starting audio recording (waiting for sound...)
2025-11-20 00:18:00,013 - VoiceAssistant - WARNING - warning:54 - Max silence timeout reached during wait phase
2025-11-20 00:18:00,225 - VoiceAssistant - INFO - info:50 - Starting audio recording (waiting for sound...)
2025-11-20 00:18:00,574 - VoiceAssistant - WARNING - warning:54 - Max silence timeout reached during wait phase
2025-11-20 00:18:00,784 - VoiceAssistant - INFO - info:50 - Starting audio recording (waiting for sound...)
2025-11-20 00:18:01,120 - VoiceAssistant - WARNING - warning:54 - Max silence timeout reached during wait phase
2025-11-20 00:18:01,324 - VoiceAssistant - INFO - info:50 - Starting audio recording (waiting for sound...)
2025-11-20 00:18:02,496 - VoiceAssistant - WARNING - warning:54 - Max silence timeout reached during wait phase
2025-11-20 00:18:02,709 - VoiceAssistant - INFO - info:50 - Starting audio recording (waiting for sound...)
2025-11-20 00:18:05,238 - VoiceAssistant - WARNING - warning:54 - Max silence timeout reached during wait phase
2025-11-20 00:18:05,311 - VoiceAssistant - INFO - info:50 - Sound detected! Recording...
2025-11-20 00:18:05,332 - VoiceAssistant - INFO - info:50 - Sound detected! Recording...
2025-11-20 00:18:05,337 - VoiceAssistant - INFO - info:50 - Sound detected! Recording...
2025-11-20 00:18:05,451 - VoiceAssistant - INFO - info:50 - Starting audio recording (waiting for sound...)
2025-11-20 00:18:06,353 - VoiceAssistant - INFO - info:50 - Silence detected, stopping recording...
2025-11-20 00:18:06,354 - VoiceAssistant - INFO - info:50 - Saved audio: files/Artur Recordings/20251120_001800_689.wav (2.0s, 178220 bytes)
2025-11-20 00:18:06,359 - VoiceAssistant - INFO - info:50 - Silence detected, stopping recording...
2025-11-20 00:18:06,361 - VoiceAssistant - INFO - info:50 - Silence detected, stopping recording...
2025-11-20 00:18:06,361 - VoiceAssistant - INFO - info:50 - Saved audio: files/Artur Recordings/20251120_001801_235.wav (2.0s, 178220 bytes)
2025-11-20 00:18:06,362 - VoiceAssistant - INFO - info:50 - Saved audio: files/Artur Recordings/20251120_001802_616.wav (2.0s, 180268 bytes)
2025-11-20 00:18:06,470 - VoiceAssistant - INFO - info:50 - Transcribing: files/Artur Recordings/20251120_001800_689.wav (2.0s)
2025-11-20 00:18:06,477 - VoiceAssistant - INFO - info:50 - Transcribing: files/Artur Recordings/20251120_001801_235.wav (2.0s)
2025-11-20 00:18:06,481 - VoiceAssistant - INFO - info:50 - Transcribing: files/Artur Recordings/20251120_001802_616.wav (2.0s)
2025-11-20 00:18:07,694 - VoiceAssistant - INFO - info:50 - No transcription found (empty audio)
2025-11-20 00:18:07,697 - VoiceAssistant - INFO - info:50 - No transcription found (empty audio)
2025-11-20 00:18:07,732 - VoiceAssistant - INFO - info:50 - No transcription found (empty audio)
2025-11-20 00:18:08,136 - VoiceAssistant - INFO - info:50 - Starting audio recording (waiting for sound...)
2025-11-20 00:18:08,162 - VoiceAssistant - INFO - info:50 - Starting audio recording (waiting for sound...)
2025-11-20 00:18:08,212 - VoiceAssistant - INFO - info:50 - Starting audio recording (waiting for sound...)
2025-11-20 00:18:10,468 - VoiceAssistant - WARNING - warning:54 - Max silence timeout reached during wait phase
2025-11-20 00:18:10,683 - VoiceAssistant - INFO - info:50 - Starting audio recording (waiting for sound...)
2025-11-20 00:18:13,150 - VoiceAssistant - WARNING - warning:54 - Max silence timeout reached during wait phase
2025-11-20 00:18:13,175 - VoiceAssistant - WARNING - warning:54 - Max silence timeout reached during wait phase
2025-11-20 00:18:13,225 - VoiceAssistant - WARNING - warning:54 - Max silence timeout reached during wait phase
2025-11-20 00:18:13,533 - VoiceAssistant - INFO - info:50 - Starting audio recording (waiting for sound...)
2025-11-20 00:18:13,578 - VoiceAssistant - INFO - info:50 - Starting audio recording (waiting for sound...)
2025-11-20 00:18:13,646 - VoiceAssistant - INFO - info:50 - Starting audio recording (waiting for sound...)
2025-11-20 00:18:15,695 - VoiceAssistant - WARNING - warning:54 - Max silence timeout reached during wait phase
2025-11-20 00:18:15,909 - VoiceAssistant - INFO - info:50 - Starting audio recording (waiting for sound...)
2025-11-20 00:18:18,547 - VoiceAssistant - WARNING - warning:54 - Max silence timeout reached during wait phase
2025-11-20 00:18:18,594 - VoiceAssistant - WARNING - warning:54 - Max silence timeout reached during wait phase
2025-11-20 00:18:18,658 - VoiceAssistant - WARNING - warning:54 - Max silence timeout reached during wait phase
2025-11-20 00:18:18,801 - VoiceAssistant - INFO - info:50 - Starting audio recording (waiting for sound...)
2025-11-20 00:18:18,908 - VoiceAssistant - INFO - info:50 - Starting audio recording (waiting for sound...)
2025-11-20 00:18:19,019 - VoiceAssistant - INFO - info:50 - Starting audio recording (waiting for sound...)
2025-11-20 00:18:20,923 - VoiceAssistant - WARNING - warning:54 - Max silence timeout reached during wait phase
2025-11-20 00:18:21,138 - VoiceAssistant - INFO - info:50 - Starting audio recording (waiting for sound...)
2025-11-20 00:18:23,816 - VoiceAssistant - WARNING - warning:54 - Max silence timeout reached during wait phase
2025-11-20 00:18:23,920 - VoiceAssistant - WARNING - warning:54 - Max silence timeout reached during wait phase
2025-11-20 00:18:24,032 - VoiceAssistant - WARNING - warning:54 - Max silence timeout reached during wait phase
2025-11-20 00:18:24,041 - VoiceAssistant - INFO - info:50 - Starting audio recording (waiting for sound...)
2025-11-20 00:18:24,137 - VoiceAssistant - INFO - info:50 - Starting audio recording (waiting for sound...)
2025-11-20 00:18:24,304 - VoiceAssistant - INFO - info:50 - Starting audio recording (waiting for sound...)
2025-11-20 00:18:26,152 - VoiceAssistant - WARNING - warning:54 - Max silence timeout reached during wait phase
2025-11-20 00:18:26,373 - VoiceAssistant - INFO - info:50 - Starting audio recording (waiting for sound...)
2025-11-20 00:18:29,059 - VoiceAssistant - WARNING - warning:54 - Max silence timeout reached during wait phase
2025-11-20 00:18:29,152 - VoiceAssistant - WARNING - warning:54 - Max silence timeout reached during wait phase
2025-11-20 00:18:29,264 - VoiceAssistant - INFO - info:50 - Starting audio recording (waiting for sound...)
2025-11-20 00:18:29,320 - VoiceAssistant - WARNING - warning:54 - Max silence timeout reached during wait phase
2025-11-20 00:18:29,365 - VoiceAssistant - INFO - info:50 - Starting audio recording (waiting for sound...)
2025-11-20 00:18:29,596 - VoiceAssistant - INFO - info:50 - Starting audio recording (waiting for sound...)
2025-11-20 00:18:31,388 - VoiceAssistant - WARNING - warning:54 - Max silence timeout reached during wait phase
2025-11-20 00:18:31,595 - VoiceAssistant - INFO - info:50 - Starting audio recording (waiting for sound...)
2025-11-20 00:18:34,279 - VoiceAssistant - WARNING - warning:54 - Max silence timeout reached during wait phase
2025-11-20 00:18:34,379 - VoiceAssistant - WARNING - warning:54 - Max silence timeout reached during wait phase
2025-11-20 00:18:34,489 - VoiceAssistant - INFO - info:50 - Starting audio recording (waiting for sound...)
2025-11-20 00:18:34,592 - VoiceAssistant - INFO - info:50 - Starting audio recording (waiting for sound...)
2025-11-20 00:18:34,611 - VoiceAssistant - WARNING - warning:54 - Max silence timeout reached during wait phase
2025-11-20 00:18:34,875 - VoiceAssistant - INFO - info:50 - Starting audio recording (waiting for sound...)
2025-11-20 00:18:36,607 - VoiceAssistant - WARNING - warning:54 - Max silence timeout reached during wait phase
2025-11-20 00:18:36,814 - VoiceAssistant - INFO - info:50 - Starting audio recording (waiting for sound...)
2025-11-20 00:18:39,504 - VoiceAssistant - WARNING - warning:54 - Max silence timeout reached during wait phase
2025-11-20 00:18:39,609 - VoiceAssistant - WARNING - warning:54 - Max silence timeout reached during wait phase
2025-11-20 00:18:39,716 - VoiceAssistant - INFO - info:50 - Starting audio recording (waiting for sound...)
2025-11-20 00:18:39,816 - VoiceAssistant - INFO - info:50 - Starting audio recording (waiting for sound...)
2025-11-20 00:18:39,890 - VoiceAssistant - WARNING - warning:54 - Max silence timeout reached during wait phase
2025-11-20 00:18:40,124 - VoiceAssistant - INFO - info:50 - Starting audio recording (waiting for sound...)
2025-11-20 00:18:41,826 - VoiceAssistant - WARNING - warning:54 - Max silence timeout reached during wait phase
2025-11-20 00:18:42,037 - VoiceAssistant - INFO - info:50 - Starting audio recording (waiting for sound...)
2025-11-20 00:18:44,729 - VoiceAssistant - WARNING - warning:54 - Max silence timeout reached during wait phase
2025-11-20 00:18:44,833 - VoiceAssistant - WARNING - warning:54 - Max silence timeout reached during wait phase
2025-11-20 00:18:44,942 - VoiceAssistant - INFO - info:50 - Starting audio recording (waiting for sound...)
2025-11-20 00:18:45,040 - VoiceAssistant - INFO - info:50 - Starting audio recording (waiting for sound...)
2025-11-20 00:18:45,139 - VoiceAssistant - WARNING - warning:54 - Max silence timeout reached during wait phase
2025-11-20 00:18:45,357 - VoiceAssistant - INFO - info:50 - Starting audio recording (waiting for sound...)
2025-11-20 00:18:47,054 - VoiceAssistant - WARNING - warning:54 - Max silence timeout reached during wait phase
2025-11-20 00:18:47,262 - VoiceAssistant - INFO - info:50 - Starting audio recording (waiting for sound...)
2025-11-20 00:18:49,956 - VoiceAssistant - WARNING - warning:54 - Max silence timeout reached during wait phase
2025-11-20 00:18:50,055 - VoiceAssistant - WARNING - warning:54 - Max silence timeout reached during wait phase
2025-11-20 00:18:50,165 - VoiceAssistant - INFO - info:50 - Starting audio recording (waiting for sound...)
2025-11-20 00:18:50,263 - VoiceAssistant - INFO - info:50 - Starting audio recording (waiting for sound...)
2025-11-20 00:18:50,373 - VoiceAssistant - WARNING - warning:54 - Max silence timeout reached during wait phase
2025-11-20 00:18:50,591 - VoiceAssistant - INFO - info:50 - Starting audio recording (waiting for sound...)
2025-11-20 00:18:52,278 - VoiceAssistant - WARNING - warning:54 - Max silence timeout reached during wait phase
2025-11-20 00:18:52,500 - VoiceAssistant - INFO - info:50 - Starting audio recording (waiting for sound...)
2025-11-20 00:18:55,180 - VoiceAssistant - WARNING - warning:54 - Max silence timeout reached during wait phase
2025-11-20 00:18:55,278 - VoiceAssistant - WARNING - warning:54 - Max silence timeout reached during wait phase
2025-11-20 00:18:55,387 - VoiceAssistant - INFO - info:50 - Starting audio recording (waiting for sound...)
2025-11-20 00:18:55,485 - VoiceAssistant - INFO - info:50 - Starting audio recording (waiting for sound...)
2025-11-20 00:18:55,604 - VoiceAssistant - WARNING - warning:54 - Max silence timeout reached during wait phase
2025-11-20 00:18:55,826 - VoiceAssistant - INFO - info:50 - Starting audio recording (waiting for sound...)
2025-11-20 00:18:57,517 - VoiceAssistant - WARNING - warning:54 - Max silence timeout reached during wait phase
2025-11-20 00:18:57,728 - VoiceAssistant - INFO - info:50 - Starting audio recording (waiting for sound...)
2025-11-20 00:19:00,401 - VoiceAssistant - WARNING - warning:54 - Max silence timeout reached during wait phase
2025-11-20 00:19:00,501 - VoiceAssistant - WARNING - warning:54 - Max silence timeout reached during wait phase
2025-11-20 00:19:00,611 - VoiceAssistant - INFO - info:50 - Starting audio recording (waiting for sound...)
2025-11-20 00:19:00,708 - VoiceAssistant - INFO - info:50 - Starting audio recording (waiting for sound...)
2025-11-20 00:19:00,842 - VoiceAssistant - WARNING - warning:54 - Max silence timeout reached during wait phase
2025-11-20 00:19:01,058 - VoiceAssistant - INFO - info:50 - Starting audio recording (waiting for sound...)
2025-11-20 00:19:02,744 - VoiceAssistant - WARNING - warning:54 - Max silence timeout reached during wait phase
2025-11-20 00:19:02,954 - VoiceAssistant - INFO - info:50 - Starting audio recording (waiting for sound...)
2025-11-20 00:19:05,626 - VoiceAssistant - WARNING - warning:54 - Max silence timeout reached during wait phase
2025-11-20 00:19:05,721 - VoiceAssistant - WARNING - warning:54 - Max silence timeout reached during wait phase
2025-11-20 00:19:05,835 - VoiceAssistant - INFO - info:50 - Starting audio recording (waiting for sound...)
2025-11-20 00:19:05,932 - VoiceAssistant - INFO - info:50 - Starting audio recording (waiting for sound...)
2025-11-20 00:19:06,072 - VoiceAssistant - WARNING - warning:54 - Max silence timeout reached during wait phase
2025-11-20 00:19:06,283 - VoiceAssistant - INFO - info:50 - Starting audio recording (waiting for sound...)
2025-11-20 00:19:07,968 - VoiceAssistant - WARNING - warning:54 - Max silence timeout reached during wait phase
2025-11-20 00:19:08,177 - VoiceAssistant - INFO - info:50 - Starting audio recording (waiting for sound...)
2025-11-20 00:19:10,849 - VoiceAssistant - WARNING - warning:54 - Max silence timeout reached during wait phase
2025-11-20 00:19:10,949 - VoiceAssistant - WARNING - warning:54 - Max silence timeout reached during wait phase
2025-11-20 00:19:11,067 - VoiceAssistant - INFO - info:50 - Starting audio recording (waiting for sound...)
2025-11-20 00:19:11,171 - VoiceAssistant - INFO - info:50 - Starting audio recording (waiting for sound...)
2025-11-20 00:19:11,299 - VoiceAssistant - WARNING - warning:54 - Max silence timeout reached during wait phase
2025-11-20 00:19:11,516 - VoiceAssistant - INFO - info:50 - Starting audio recording (waiting for sound...)
2025-11-20 00:19:13,190 - VoiceAssistant - WARNING - warning:54 - Max silence timeout reached during wait phase
2025-11-20 00:19:13,409 - VoiceAssistant - INFO - info:50 - Starting audio recording (waiting for sound...)
2025-11-20 00:19:16,080 - VoiceAssistant - WARNING - warning:54 - Max silence timeout reached during wait phase
2025-11-20 00:19:16,185 - VoiceAssistant - WARNING - warning:54 - Max silence timeout reached during wait phase
2025-11-20 00:19:16,290 - VoiceAssistant - INFO - info:50 - Starting audio recording (waiting for sound...)
2025-11-20 00:19:16,389 - VoiceAssistant - INFO - info:50 - Starting audio recording (waiting for sound...)
2025-11-20 00:19:16,529 - VoiceAssistant - WARNING - warning:54 - Max silence timeout reached during wait phase
2025-11-20 00:19:16,739 - VoiceAssistant - INFO - info:50 - Starting audio recording (waiting for sound...)
2025-11-20 00:19:18,422 - VoiceAssistant - WARNING - warning:54 - Max silence timeout reached during wait phase
2025-11-20 00:19:18,635 - VoiceAssistant - INFO - info:50 - Starting audio recording (waiting for sound...)
2025-11-20 00:19:21,302 - VoiceAssistant - WARNING - warning:54 - Max silence timeout reached during wait phase
2025-11-20 00:19:21,404 - VoiceAssistant - WARNING - warning:54 - Max silence timeout reached during wait phase
2025-11-20 00:19:21,525 - VoiceAssistant - INFO - info:50 - Starting audio recording (waiting for sound...)
2025-11-20 00:19:21,639 - VoiceAssistant - INFO - info:50 - Starting audio recording (waiting for sound...)
2025-11-20 00:19:21,752 - VoiceAssistant - WARNING - warning:54 - Max silence timeout reached during wait phase
2025-11-20 00:19:21,964 - VoiceAssistant - INFO - info:50 - Starting audio recording (waiting for sound...)
2025-11-20 00:19:23,651 - VoiceAssistant - WARNING - warning:54 - Max silence timeout reached during wait phase
2025-11-20 00:19:23,869 - VoiceAssistant - INFO - info:50 - Starting audio recording (waiting for sound...)
2025-11-20 00:19:26,538 - VoiceAssistant - WARNING - warning:54 - Max silence timeout reached during wait phase
2025-11-20 00:19:26,653 - VoiceAssistant - WARNING - warning:54 - Max silence timeout reached during wait phase
2025-11-20 00:19:26,754 - VoiceAssistant - INFO - info:50 - Starting audio recording (waiting for sound...)
2025-11-20 00:19:26,863 - VoiceAssistant - INFO - info:50 - Starting audio recording (waiting for sound...)
2025-11-20 00:19:26,981 - VoiceAssistant - WARNING - warning:54 - Max silence timeout reached during wait phase
2025-11-20 00:19:27,200 - VoiceAssistant - INFO - info:50 - Starting audio recording (waiting for sound...)
2025-11-20 00:19:28,885 - VoiceAssistant - WARNING - warning:54 - Max silence timeout reached during wait phase
2025-11-20 00:19:29,093 - VoiceAssistant - INFO - info:50 - Starting audio recording (waiting for sound...)
2025-11-20 00:19:31,768 - VoiceAssistant - WARNING - warning:54 - Max silence timeout reached during wait phase
2025-11-20 00:19:31,876 - VoiceAssistant - WARNING - warning:54 - Max silence timeout reached during wait phase
2025-11-20 00:19:31,980 - VoiceAssistant - INFO - info:50 - Starting audio recording (waiting for sound...)
2025-11-20 00:19:32,085 - VoiceAssistant - INFO - info:50 - Starting audio recording (waiting for sound...)
2025-11-20 00:19:32,212 - VoiceAssistant - WARNING - warning:54 - Max silence timeout reached during wait phase
2025-11-20 00:19:32,426 - VoiceAssistant - INFO - info:50 - Starting audio recording (waiting for sound...)
2025-11-20 00:19:34,106 - VoiceAssistant - WARNING - warning:54 - Max silence timeout reached during wait phase
2025-11-20 00:19:34,321 - VoiceAssistant - INFO - info:50 - Starting audio recording (waiting for sound...)
2025-11-20 00:19:36,996 - VoiceAssistant - WARNING - warning:54 - Max silence timeout reached during wait phase
2025-11-20 00:19:37,098 - VoiceAssistant - WARNING - warning:54 - Max silence timeout reached during wait phase
2025-11-20 00:19:37,229 - VoiceAssistant - INFO - info:50 - Starting audio recording (waiting for sound...)
2025-11-20 00:19:37,330 - VoiceAssistant - INFO - info:50 - Starting audio recording (waiting for sound...)
2025-11-20 00:19:37,442 - VoiceAssistant - WARNING - warning:54 - Max silence timeout reached during wait phase
2025-11-20 00:19:37,681 - VoiceAssistant - INFO - info:50 - Starting audio recording (waiting for sound...)
2025-11-20 00:19:39,334 - VoiceAssistant - WARNING - warning:54 - Max silence timeout reached during wait phase
2025-11-20 00:19:39,563 - VoiceAssistant - INFO - info:50 - Starting audio recording (waiting for sound...)
2025-11-20 00:19:42,246 - VoiceAssistant - WARNING - warning:54 - Max silence timeout reached during wait phase
2025-11-20 00:19:42,345 - VoiceAssistant - WARNING - warning:54 - Max silence timeout reached during wait phase
2025-11-20 00:19:42,456 - VoiceAssistant - INFO - info:50 - Starting audio recording (waiting for sound...)
2025-11-20 00:19:42,553 - VoiceAssistant - INFO - info:50 - Starting audio recording (waiting for sound...)
2025-11-20 00:19:42,695 - VoiceAssistant - WARNING - warning:54 - Max silence timeout reached during wait phase
2025-11-20 00:19:42,911 - VoiceAssistant - INFO - info:50 - Starting audio recording (waiting for sound...)
2025-11-20 00:19:44,579 - VoiceAssistant - WARNING - warning:54 - Max silence timeout reached during wait phase
2025-11-20 00:19:44,800 - VoiceAssistant - INFO - info:50 - Starting audio recording (waiting for sound...)
2025-11-20 00:19:47,473 - VoiceAssistant - WARNING - warning:54 - Max silence timeout reached during wait phase
2025-11-20 00:19:47,568 - VoiceAssistant - WARNING - warning:54 - Max silence timeout reached during wait phase
2025-11-20 00:19:47,680 - VoiceAssistant - INFO - info:50 - Starting audio recording (waiting for sound...)
2025-11-20 00:19:47,776 - VoiceAssistant - INFO - info:50 - Starting audio recording (waiting for sound...)
2025-11-20 00:19:47,927 - VoiceAssistant - WARNING - warning:54 - Max silence timeout reached during wait phase
2025-11-20 00:19:48,140 - VoiceAssistant - INFO - info:50 - Starting audio recording (waiting for sound...)
2025-11-20 00:19:49,817 - VoiceAssistant - WARNING - warning:54 - Max silence timeout reached during wait phase
2025-11-20 00:19:50,042 - VoiceAssistant - INFO - info:50 - Starting audio recording (waiting for sound...)
2025-11-20 00:19:52,697 - VoiceAssistant - WARNING - warning:54 - Max silence timeout reached during wait phase
2025-11-20 00:19:52,790 - VoiceAssistant - WARNING - warning:54 - Max silence timeout reached during wait phase
2025-11-20 00:19:52,910 - VoiceAssistant - INFO - info:50 - Starting audio recording (waiting for sound...)
2025-11-20 00:19:53,002 - VoiceAssistant - INFO - info:50 - Starting audio recording (waiting for sound...)
2025-11-20 00:19:53,155 - VoiceAssistant - WARNING - warning:54 - Max silence timeout reached during wait phase
2025-11-20 00:19:53,367 - VoiceAssistant - INFO - info:50 - Starting audio recording (waiting for sound...)
2025-11-20 00:19:55,055 - VoiceAssistant - WARNING - warning:54 - Max silence timeout reached during wait phase
2025-11-20 00:19:55,271 - VoiceAssistant - INFO - info:50 - Starting audio recording (waiting for sound...)
2025-11-20 00:19:57,924 - VoiceAssistant - WARNING - warning:54 - Max silence timeout reached during wait phase
2025-11-20 00:19:58,018 - VoiceAssistant - WARNING - warning:54 - Max silence timeout reached during wait phase
2025-11-20 00:19:58,135 - VoiceAssistant - INFO - info:50 - Starting audio recording (waiting for sound...)
2025-11-20 00:19:58,227 - VoiceAssistant - INFO - info:50 - Starting audio recording (waiting for sound...)
2025-11-20 00:19:58,383 - VoiceAssistant - WARNING - warning:54 - Max silence timeout reached during wait phase
2025-11-20 00:19:58,595 - VoiceAssistant - INFO - info:50 - Starting audio recording (waiting for sound...)
2025-11-20 00:20:00,288 - VoiceAssistant - WARNING - warning:54 - Max silence timeout reached during wait phase
2025-11-20 00:20:00,513 - VoiceAssistant - INFO - info:50 - Starting audio recording (waiting for sound...)
2025-11-20 00:20:03,147 - VoiceAssistant - WARNING - warning:54 - Max silence timeout reached during wait phase
2025-11-20 00:20:03,240 - VoiceAssistant - WARNING - warning:54 - Max silence timeout reached during wait phase
2025-11-20 00:20:03,368 - VoiceAssistant - INFO - info:50 - Starting audio recording (waiting for sound...)
2025-11-20 00:20:03,460 - VoiceAssistant - INFO - info:50 - Starting audio recording (waiting for sound...)
2025-11-20 00:20:03,610 - VoiceAssistant - WARNING - warning:54 - Max silence timeout reached during wait phase
2025-11-20 00:20:03,838 - VoiceAssistant - INFO - info:50 - Starting audio recording (waiting for sound...)
2025-11-20 00:20:05,529 - VoiceAssistant - WARNING - warning:54 - Max silence timeout reached during wait phase
2025-11-20 00:20:05,750 - VoiceAssistant - INFO - info:50 - Starting audio recording (waiting for sound...)
2025-11-20 00:20:08,383 - VoiceAssistant - WARNING - warning:54 - Max silence timeout reached during wait phase
2025-11-20 00:20:08,477 - VoiceAssistant - WARNING - warning:54 - Max silence timeout reached during wait phase
2025-11-20 00:20:08,595 - VoiceAssistant - INFO - info:50 - Starting audio recording (waiting for sound...)
2025-11-20 00:20:08,689 - VoiceAssistant - INFO - info:50 - Starting audio recording (waiting for sound...)
2025-11-20 00:20:08,853 - VoiceAssistant - WARNING - warning:54 - Max silence timeout reached during wait phase
2025-11-20 00:20:09,066 - VoiceAssistant - INFO - info:50 - Starting audio recording (waiting for sound...)
2025-11-20 00:20:10,764 - VoiceAssistant - WARNING - warning:54 - Max silence timeout reached during wait phase
2025-11-20 00:20:10,990 - VoiceAssistant - INFO - info:50 - Starting audio recording (waiting for sound...)
2025-11-20 00:20:11,786 - VoiceAssistant - INFO - info:50 - Sound detected! Recording...
2025-11-20 00:20:11,797 - VoiceAssistant - INFO - info:50 - Sound detected! Recording...
2025-11-20 00:20:11,797 - VoiceAssistant - INFO - info:50 - Sound detected! Recording...
2025-11-20 00:20:11,803 - VoiceAssistant - INFO - info:50 - Sound detected! Recording...
2025-11-20 00:20:13,854 - VoiceAssistant - INFO - info:50 - Silence detected, stopping recording...
2025-11-20 00:20:13,855 - VoiceAssistant - INFO - info:50 - Saved audio: files/Artur Recordings/20251120_002008_594.wav (3.1s, 270380 bytes)
2025-11-20 00:20:13,865 - VoiceAssistant - INFO - info:50 - Silence detected, stopping recording...
2025-11-20 00:20:13,867 - VoiceAssistant - INFO - info:50 - Saved audio: files/Artur Recordings/20251120_002008_499.wav (3.1s, 270380 bytes)
2025-11-20 00:20:13,887 - VoiceAssistant - INFO - info:50 - Silence detected, stopping recording...
2025-11-20 00:20:13,889 - VoiceAssistant - INFO - info:50 - Saved audio: files/Artur Recordings/20251120_002008_974.wav (3.1s, 272428 bytes)
2025-11-20 00:20:13,892 - VoiceAssistant - INFO - info:50 - Silence detected, stopping recording...
2025-11-20 00:20:13,893 - VoiceAssistant - INFO - info:50 - Saved audio: files/Artur Recordings/20251120_002010_882.wav (2.9s, 253996 bytes)
2025-11-20 00:20:13,972 - VoiceAssistant - INFO - info:50 - Transcribing: files/Artur Recordings/20251120_002008_594.wav (3.1s)
2025-11-20 00:20:13,983 - VoiceAssistant - INFO - info:50 - Transcribing: files/Artur Recordings/20251120_002008_499.wav (3.1s)
2025-11-20 00:20:14,011 - VoiceAssistant - INFO - info:50 - Transcribing: files/Artur Recordings/20251120_002008_974.wav (3.1s)
2025-11-20 00:20:14,019 - VoiceAssistant - INFO - info:50 - Transcribing: files/Artur Recordings/20251120_002010_882.wav (2.9s)
2025-11-20 00:20:16,035 - VoiceAssistant - INFO - info:50 - No transcription found (empty audio)
2025-11-20 00:20:16,041 - VoiceAssistant - INFO - info:50 - No transcription found (empty audio)
2025-11-20 00:20:16,051 - VoiceAssistant - INFO - info:50 - No transcription found (empty audio)
2025-11-20 00:20:16,056 - VoiceAssistant - INFO - info:50 - No transcription found (empty audio)
2025-11-20 00:20:16,391 - VoiceAssistant - INFO - info:50 - Starting audio recording (waiting for sound...)
2025-11-20 00:20:16,432 - VoiceAssistant - INFO - info:50 - Starting audio recording (waiting for sound...)
2025-11-20 00:20:16,457 - VoiceAssistant - INFO - info:50 - Starting audio recording (waiting for sound...)
2025-11-20 00:20:16,478 - VoiceAssistant - INFO - info:50 - Starting audio recording (waiting for sound...)
2025-11-20 00:20:21,404 - VoiceAssistant - WARNING - warning:54 - Max silence timeout reached during wait phase
2025-11-20 00:20:21,447 - VoiceAssistant - WARNING - warning:54 - Max silence timeout reached during wait phase
2025-11-20 00:20:21,474 - VoiceAssistant - WARNING - warning:54 - Max silence timeout reached during wait phase
2025-11-20 00:20:21,491 - VoiceAssistant - WARNING - warning:54 - Max silence timeout reached during wait phase
2025-11-20 00:20:21,677 - VoiceAssistant - INFO - info:50 - Starting audio recording (waiting for sound...)
2025-11-20 00:20:21,840 - VoiceAssistant - INFO - info:50 - Starting audio recording (waiting for sound...)
2025-11-20 00:20:21,881 - VoiceAssistant - INFO - info:50 - Starting audio recording (waiting for sound...)
2025-11-20 00:20:21,925 - VoiceAssistant - INFO - info:50 - Starting audio recording (waiting for sound...)
2025-11-20 00:20:26,693 - VoiceAssistant - WARNING - warning:54 - Max silence timeout reached during wait phase
2025-11-20 00:20:26,852 - VoiceAssistant - WARNING - warning:54 - Max silence timeout reached during wait phase
2025-11-20 00:20:26,894 - VoiceAssistant - WARNING - warning:54 - Max silence timeout reached during wait phase
2025-11-20 00:20:26,904 - VoiceAssistant - INFO - info:50 - Starting audio recording (waiting for sound...)
2025-11-20 00:20:26,938 - VoiceAssistant - WARNING - warning:54 - Max silence timeout reached during wait phase
2025-11-20 00:20:27,101 - VoiceAssistant - INFO - info:50 - Starting audio recording (waiting for sound...)
2025-11-20 00:20:27,205 - VoiceAssistant - INFO - info:50 - Starting audio recording (waiting for sound...)
2025-11-20 00:20:27,290 - VoiceAssistant - INFO - info:50 - Starting audio recording (waiting for sound...)
2025-11-20 00:20:31,918 - VoiceAssistant - WARNING - warning:54 - Max silence timeout reached during wait phase
2025-11-20 00:20:32,117 - VoiceAssistant - WARNING - warning:54 - Max silence timeout reached during wait phase
2025-11-20 00:20:32,125 - VoiceAssistant - INFO - info:50 - Starting audio recording (waiting for sound...)
2025-11-20 00:20:32,222 - VoiceAssistant - WARNING - warning:54 - Max silence timeout reached during wait phase
2025-11-20 00:20:32,306 - VoiceAssistant - WARNING - warning:54 - Max silence timeout reached during wait phase
2025-11-20 00:20:32,331 - VoiceAssistant - INFO - info:50 - Starting audio recording (waiting for sound...)
2025-11-20 00:20:32,433 - VoiceAssistant - INFO - info:50 - Starting audio recording (waiting for sound...)
2025-11-20 00:20:32,581 - VoiceAssistant - INFO - info:50 - Starting audio recording (waiting for sound...)
2025-11-20 00:20:37,145 - VoiceAssistant - WARNING - warning:54 - Max silence timeout reached during wait phase
2025-11-20 00:20:37,351 - VoiceAssistant - WARNING - warning:54 - Max silence timeout reached during wait phase
2025-11-20 00:20:37,352 - VoiceAssistant - INFO - info:50 - Starting audio recording (waiting for sound...)
2025-11-20 00:20:37,451 - VoiceAssistant - WARNING - warning:54 - Max silence timeout reached during wait phase
2025-11-20 00:20:37,558 - VoiceAssistant - INFO - info:50 - Starting audio recording (waiting for sound...)
2025-11-20 00:20:37,598 - VoiceAssistant - WARNING - warning:54 - Max silence timeout reached during wait phase
2025-11-20 00:20:37,664 - VoiceAssistant - INFO - info:50 - Starting audio recording (waiting for sound...)
2025-11-20 00:20:37,871 - VoiceAssistant - INFO - info:50 - Starting audio recording (waiting for sound...)
2025-11-20 00:20:42,370 - VoiceAssistant - WARNING - warning:54 - Max silence timeout reached during wait phase
2025-11-20 00:20:42,575 - VoiceAssistant - WARNING - warning:54 - Max silence timeout reached during wait phase
2025-11-20 00:20:42,597 - VoiceAssistant - INFO - info:50 - Starting audio recording (waiting for sound...)
2025-11-20 00:20:42,683 - VoiceAssistant - WARNING - warning:54 - Max silence timeout reached during wait phase
2025-11-20 00:20:42,787 - VoiceAssistant - INFO - info:50 - Starting audio recording (waiting for sound...)
2025-11-20 00:20:42,886 - VoiceAssistant - WARNING - warning:54 - Max silence timeout reached during wait phase
2025-11-20 00:20:42,890 - VoiceAssistant - INFO - info:50 - Starting audio recording (waiting for sound...)
2025-11-20 00:20:43,002 - VoiceAssistant - INFO - info:50 - Sound detected! Recording...
2025-11-20 00:20:43,022 - VoiceAssistant - INFO - info:50 - Sound detected! Recording...
2025-11-20 00:20:43,027 - VoiceAssistant - INFO - info:50 - Sound detected! Recording...
2025-11-20 00:20:43,172 - VoiceAssistant - INFO - info:50 - Starting audio recording (waiting for sound...)
2025-11-20 00:20:44,149 - VoiceAssistant - INFO - info:50 - Silence detected, stopping recording...
2025-11-20 00:20:44,150 - VoiceAssistant - INFO - info:50 - Saved audio: files/Artur Recordings/20251120_002042_798.wav (1.3s, 110636 bytes)
2025-11-20 00:20:44,157 - VoiceAssistant - INFO - info:50 - Silence detected, stopping recording...
2025-11-20 00:20:44,158 - VoiceAssistant - INFO - info:50 - Saved audio: files/Artur Recordings/20251120_002042_485.wav (1.6s, 137260 bytes)
2025-11-20 00:20:44,177 - VoiceAssistant - INFO - info:50 - Silence detected, stopping recording...
2025-11-20 00:20:44,180 - VoiceAssistant - INFO - info:50 - Saved audio: files/Artur Recordings/20251120_002042_690.wav (1.4s, 120876 bytes)
2025-11-20 00:20:44,265 - VoiceAssistant - INFO - info:50 - Transcribing: files/Artur Recordings/20251120_002042_798.wav (1.3s)
2025-11-20 00:20:44,273 - VoiceAssistant - INFO - info:50 - Transcribing: files/Artur Recordings/20251120_002042_485.wav (1.6s)
2025-11-20 00:20:44,295 - VoiceAssistant - INFO - info:50 - Transcribing: files/Artur Recordings/20251120_002042_690.wav (1.4s)
2025-11-20 00:20:45,149 - VoiceAssistant - INFO - info:50 - Transcription complete: 'Oh' (0.88s)
2025-11-20 00:20:45,150 - VoiceAssistant - INFO - info:50 - Saved transcription: files/Artur Recordings/20251120_002042_485.json
2025-11-20 00:20:45,151 - VoiceAssistant - INFO - info:50 - Text preprocessed: 'Oh.'
2025-11-20 00:20:45,176 - VoiceAssistant - INFO - info:50 - Transcription complete: 'Oh.' (0.91s)
2025-11-20 00:20:45,177 - VoiceAssistant - INFO - info:50 - Saved transcription: files/Artur Recordings/20251120_002042_798.json
2025-11-20 00:20:45,177 - VoiceAssistant - INFO - info:50 - Text preprocessed: 'Oh.'
2025-11-20 00:20:45,198 - VoiceAssistant - INFO - info:50 - Transcription complete: 'Okay.' (0.90s)
2025-11-20 00:20:45,199 - VoiceAssistant - INFO - info:50 - Saved transcription: files/Artur Recordings/20251120_002042_690.json
2025-11-20 00:20:45,200 - VoiceAssistant - INFO - info:50 - Text preprocessed: 'Okay.'
2025-11-20 00:20:45,921 - VoiceAssistant - INFO - info:50 - Successfully pasted: 'Oh.'
2025-11-20 00:20:45,949 - VoiceAssistant - INFO - info:50 - Successfully pasted: 'Oh.'
2025-11-20 00:20:45,972 - VoiceAssistant - INFO - info:50 - Successfully pasted: 'Okay.'
2025-11-20 00:20:46,083 - VoiceAssistant - INFO - info:50 - Starting audio recording (waiting for sound...)
2025-11-20 00:20:46,170 - VoiceAssistant - INFO - info:50 - Starting audio recording (waiting for sound...)
2025-11-20 00:20:46,191 - VoiceAssistant - INFO - info:50 - Starting audio recording (waiting for sound...)
2025-11-20 00:20:48,186 - VoiceAssistant - WARNING - warning:54 - Max silence timeout reached during wait phase
2025-11-20 00:20:48,457 - VoiceAssistant - INFO - info:50 - Starting audio recording (waiting for sound...)
2025-11-20 00:20:51,100 - VoiceAssistant - WARNING - warning:54 - Max silence timeout reached during wait phase
2025-11-20 00:20:51,186 - VoiceAssistant - WARNING - warning:54 - Max silence timeout reached during wait phase
2025-11-20 00:20:51,209 - VoiceAssistant - WARNING - warning:54 - Max silence timeout reached during wait phase
2025-11-20 00:20:51,331 - VoiceAssistant - INFO - info:50 - Starting audio recording (waiting for sound...)
2025-11-20 00:20:51,492 - VoiceAssistant - INFO - info:50 - Starting audio recording (waiting for sound...)
2025-11-20 00:20:51,525 - VoiceAssistant - INFO - info:50 - Starting audio recording (waiting for sound...)
2025-11-20 00:20:53,471 - VoiceAssistant - WARNING - warning:54 - Max silence timeout reached during wait phase
2025-11-20 00:20:53,742 - VoiceAssistant - INFO - info:50 - Starting audio recording (waiting for sound...)
2025-11-20 00:20:56,349 - VoiceAssistant - WARNING - warning:54 - Max silence timeout reached during wait phase
2025-11-20 00:20:56,506 - VoiceAssistant - WARNING - warning:54 - Max silence timeout reached during wait phase
2025-11-20 00:20:56,541 - VoiceAssistant - WARNING - warning:54 - Max silence timeout reached during wait phase
2025-11-20 00:20:56,572 - VoiceAssistant - INFO - info:50 - Starting audio recording (waiting for sound...)
2025-11-20 00:20:56,750 - VoiceAssistant - INFO - info:50 - Starting audio recording (waiting for sound...)
2025-11-20 00:20:56,795 - VoiceAssistant - INFO - info:50 - Starting audio recording (waiting for sound...)
2025-11-20 00:20:58,755 - VoiceAssistant - WARNING - warning:54 - Max silence timeout reached during wait phase
2025-11-20 00:20:59,042 - VoiceAssistant - INFO - info:50 - Starting audio recording (waiting for sound...)
2025-11-20 00:21:01,586 - VoiceAssistant - WARNING - warning:54 - Max silence timeout reached during wait phase
2025-11-20 00:21:01,763 - VoiceAssistant - WARNING - warning:54 - Max silence timeout reached during wait phase
2025-11-20 00:21:01,809 - VoiceAssistant - INFO - info:50 - Starting audio recording (waiting for sound...)
2025-11-20 00:21:01,811 - VoiceAssistant - WARNING - warning:54 - Max silence timeout reached during wait phase
2025-11-20 00:21:01,990 - VoiceAssistant - INFO - info:50 - Starting audio recording (waiting for sound...)
2025-11-20 00:21:02,060 - VoiceAssistant - INFO - info:50 - Starting audio recording (waiting for sound...)
2025-11-20 00:21:04,058 - VoiceAssistant - WARNING - warning:54 - Max silence timeout reached during wait phase
2025-11-20 00:21:04,358 - VoiceAssistant - INFO - info:50 - Starting audio recording (waiting for sound...)
2025-11-20 00:21:06,823 - VoiceAssistant - WARNING - warning:54 - Max silence timeout reached during wait phase
2025-11-20 00:21:07,005 - VoiceAssistant - WARNING - warning:54 - Max silence timeout reached during wait phase
2025-11-20 00:21:07,057 - VoiceAssistant - INFO - info:50 - Starting audio recording (waiting for sound...)
2025-11-20 00:21:07,078 - VoiceAssistant - WARNING - warning:54 - Max silence timeout reached during wait phase
2025-11-20 00:21:07,213 - VoiceAssistant - INFO - info:50 - Starting audio recording (waiting for sound...)
2025-11-20 00:21:07,303 - VoiceAssistant - INFO - info:50 - Starting audio recording (waiting for sound...)
2025-11-20 00:21:09,376 - VoiceAssistant - WARNING - warning:54 - Max silence timeout reached during wait phase
2025-11-20 00:21:09,663 - VoiceAssistant - INFO - info:50 - Starting audio recording (waiting for sound...)
2025-11-20 00:21:12,073 - VoiceAssistant - WARNING - warning:54 - Max silence timeout reached during wait phase
2025-11-20 00:21:12,228 - VoiceAssistant - WARNING - warning:54 - Max silence timeout reached during wait phase
2025-11-20 00:21:12,296 - VoiceAssistant - INFO - info:50 - Starting audio recording (waiting for sound...)
2025-11-20 00:21:12,316 - VoiceAssistant - WARNING - warning:54 - Max silence timeout reached during wait phase
2025-11-20 00:21:12,434 - VoiceAssistant - INFO - info:50 - Starting audio recording (waiting for sound...)
2025-11-20 00:21:12,534 - VoiceAssistant - INFO - info:50 - Starting audio recording (waiting for sound...)
2025-11-20 00:21:14,678 - VoiceAssistant - WARNING - warning:54 - Max silence timeout reached during wait phase
2025-11-20 00:21:14,962 - VoiceAssistant - INFO - info:50 - Starting audio recording (waiting for sound...)
2025-11-20 00:21:17,312 - VoiceAssistant - WARNING - warning:54 - Max silence timeout reached during wait phase
2025-11-20 00:21:17,448 - VoiceAssistant - WARNING - warning:54 - Max silence timeout reached during wait phase
2025-11-20 00:21:17,534 - VoiceAssistant - INFO - info:50 - Starting audio recording (waiting for sound...)
2025-11-20 00:21:17,548 - VoiceAssistant - WARNING - warning:54 - Max silence timeout reached during wait phase
2025-11-20 00:21:17,654 - VoiceAssistant - INFO - info:50 - Starting audio recording (waiting for sound...)
2025-11-20 00:21:17,754 - VoiceAssistant - INFO - info:50 - Starting audio recording (waiting for sound...)
2025-11-20 00:21:19,976 - VoiceAssistant - WARNING - warning:54 - Max silence timeout reached during wait phase
2025-11-20 00:21:20,263 - VoiceAssistant - INFO - info:50 - Starting audio recording (waiting for sound...)
2025-11-20 00:21:22,548 - VoiceAssistant - WARNING - warning:54 - Max silence timeout reached during wait phase
2025-11-20 00:21:22,667 - VoiceAssistant - WARNING - warning:54 - Max silence timeout reached during wait phase
2025-11-20 00:21:22,772 - VoiceAssistant - WARNING - warning:54 - Max silence timeout reached during wait phase
2025-11-20 00:21:22,773 - VoiceAssistant - INFO - info:50 - Starting audio recording (waiting for sound...)
2025-11-20 00:21:22,877 - VoiceAssistant - INFO - info:50 - Starting audio recording (waiting for sound...)
2025-11-20 00:21:22,986 - VoiceAssistant - INFO - info:50 - Starting audio recording (waiting for sound...)
2025-11-20 00:21:25,277 - VoiceAssistant - WARNING - warning:54 - Max silence timeout reached during wait phase
2025-11-20 00:21:25,564 - VoiceAssistant - INFO - info:50 - Starting audio recording (waiting for sound...)
2025-11-20 00:21:27,787 - VoiceAssistant - WARNING - warning:54 - Max silence timeout reached during wait phase
2025-11-20 00:21:27,892 - VoiceAssistant - WARNING - warning:54 - Max silence timeout reached during wait phase
2025-11-20 00:21:27,999 - VoiceAssistant - WARNING - warning:54 - Max silence timeout reached during wait phase
2025-11-20 00:21:28,007 - VoiceAssistant - INFO - info:50 - Starting audio recording (waiting for sound...)
2025-11-20 00:21:28,103 - VoiceAssistant - INFO - info:50 - Starting audio recording (waiting for sound...)
2025-11-20 00:21:28,204 - VoiceAssistant - INFO - info:50 - Starting audio recording (waiting for sound...)
2025-11-20 00:21:29,983 - VoiceAssistant - INFO - info:50 - Sound detected! Recording...
2025-11-20 00:21:29,991 - VoiceAssistant - INFO - info:50 - Sound detected! Recording...
2025-11-20 00:21:29,996 - VoiceAssistant - INFO - info:50 - Sound detected! Recording...
2025-11-20 00:21:30,002 - VoiceAssistant - INFO - info:50 - Sound detected! Recording...
2025-11-20 00:21:31,142 - VoiceAssistant - INFO - info:50 - Silence detected, stopping recording...
2025-11-20 00:21:31,145 - VoiceAssistant - INFO - info:50 - Saved audio: files/Artur Recordings/20251120_002127_907.wav (2.2s, 190508 bytes)
2025-11-20 00:21:31,147 - VoiceAssistant - INFO - info:50 - Silence detected, stopping recording...
2025-11-20 00:21:31,151 - VoiceAssistant - INFO - info:50 - Saved audio: files/Artur Recordings/20251120_002128_114.wav (2.1s, 188460 bytes)
2025-11-20 00:21:31,155 - VoiceAssistant - INFO - info:50 - Silence detected, stopping recording...
2025-11-20 00:21:31,156 - VoiceAssistant - INFO - info:50 - Saved audio: files/Artur Recordings/20251120_002128_009.wav (2.2s, 190508 bytes)
2025-11-20 00:21:31,159 - VoiceAssistant - INFO - info:50 - Silence detected, stopping recording...
2025-11-20 00:21:31,160 - VoiceAssistant - INFO - info:50 - Saved audio: files/Artur Recordings/20251120_002125_402.wav (2.2s, 190508 bytes)
2025-11-20 00:21:31,262 - VoiceAssistant - INFO - info:50 - Transcribing: files/Artur Recordings/20251120_002127_907.wav (2.2s)
2025-11-20 00:21:31,268 - VoiceAssistant - INFO - info:50 - Transcribing: files/Artur Recordings/20251120_002128_114.wav (2.1s)
2025-11-20 00:21:31,274 - VoiceAssistant - INFO - info:50 - Transcribing: files/Artur Recordings/20251120_002128_009.wav (2.2s)
2025-11-20 00:21:31,279 - VoiceAssistant - INFO - info:50 - Transcribing: files/Artur Recordings/20251120_002125_402.wav (2.2s)
2025-11-20 00:21:32,772 - VoiceAssistant - INFO - info:50 - No transcription found (empty audio)
2025-11-20 00:21:32,779 - VoiceAssistant - INFO - info:50 - No transcription found (empty audio)
2025-11-20 00:21:32,791 - VoiceAssistant - INFO - info:50 - No transcription found (empty audio)
2025-11-20 00:21:32,902 - VoiceAssistant - INFO - info:50 - No transcription found (empty audio)
2025-11-20 00:21:33,199 - VoiceAssistant - INFO - info:50 - Starting audio recording (waiting for sound...)
2025-11-20 00:21:33,225 - VoiceAssistant - INFO - info:50 - Starting audio recording (waiting for sound...)
2025-11-20 00:21:33,276 - VoiceAssistant - INFO - info:50 - Starting audio recording (waiting for sound...)
2025-11-20 00:21:33,340 - VoiceAssistant - INFO - info:50 - Starting audio recording (waiting for sound...)
2025-11-20 00:21:38,214 - VoiceAssistant - WARNING - warning:54 - Max silence timeout reached during wait phase
2025-11-20 00:21:38,240 - VoiceAssistant - WARNING - warning:54 - Max silence timeout reached during wait phase
2025-11-20 00:21:38,290 - VoiceAssistant - WARNING - warning:54 - Max silence timeout reached during wait phase
2025-11-20 00:21:38,354 - VoiceAssistant - WARNING - warning:54 - Max silence timeout reached during wait phase
2025-11-20 00:21:38,499 - VoiceAssistant - INFO - info:50 - Starting audio recording (waiting for sound...)
2025-11-20 00:21:38,660 - VoiceAssistant - INFO - info:50 - Starting audio recording (waiting for sound...)
2025-11-20 00:21:38,783 - VoiceAssistant - INFO - info:50 - Starting audio recording (waiting for sound...)
2025-11-20 00:21:38,827 - VoiceAssistant - INFO - info:50 - Starting audio recording (waiting for sound...)
2025-11-20 00:21:43,516 - VoiceAssistant - WARNING - warning:54 - Max silence timeout reached during wait phase
2025-11-20 00:21:43,676 - VoiceAssistant - WARNING - warning:54 - Max silence timeout reached during wait phase
2025-11-20 00:21:43,724 - VoiceAssistant - INFO - info:50 - Starting audio recording (waiting for sound...)
2025-11-20 00:21:43,798 - VoiceAssistant - WARNING - warning:54 - Max silence timeout reached during wait phase
2025-11-20 00:21:43,841 - VoiceAssistant - WARNING - warning:54 - Max silence timeout reached during wait phase
2025-11-20 00:21:43,916 - VoiceAssistant - INFO - info:50 - Starting audio recording (waiting for sound...)
2025-11-20 00:21:44,157 - VoiceAssistant - INFO - info:50 - Starting audio recording (waiting for sound...)
2025-11-20 00:21:44,223 - VoiceAssistant - INFO - info:50 - Starting audio recording (waiting for sound...)
2025-11-20 00:21:48,742 - VoiceAssistant - WARNING - warning:54 - Max silence timeout reached during wait phase
2025-11-20 00:21:48,929 - VoiceAssistant - WARNING - warning:54 - Max silence timeout reached during wait phase
2025-11-20 00:21:48,953 - VoiceAssistant - INFO - info:50 - Starting audio recording (waiting for sound...)
2025-11-20 00:21:49,151 - VoiceAssistant - INFO - info:50 - Starting audio recording (waiting for sound...)
2025-11-20 00:21:49,173 - VoiceAssistant - WARNING - warning:54 - Max silence timeout reached during wait phase
2025-11-20 00:21:49,236 - VoiceAssistant - WARNING - warning:54 - Max silence timeout reached during wait phase
2025-11-20 00:21:49,439 - VoiceAssistant - INFO - info:50 - Starting audio recording (waiting for sound...)
2025-11-20 00:21:49,547 - VoiceAssistant - INFO - info:50 - Starting audio recording (waiting for sound...)
2025-11-20 00:21:51,107 - VoiceAssistant - INFO - info:50 - Sound detected! Recording...
2025-11-20 00:21:51,107 - VoiceAssistant - INFO - info:50 - Sound detected! Recording...
2025-11-20 00:21:51,107 - VoiceAssistant - INFO - info:50 - Sound detected! Recording...
2025-11-20 00:21:51,114 - VoiceAssistant - INFO - info:50 - Sound detected! Recording...
2025-11-20 00:21:52,109 - VoiceAssistant - INFO - info:50 - Silence detected, stopping recording...
2025-11-20 00:21:52,110 - VoiceAssistant - INFO - info:50 - Saved audio: files/Artur Recordings/20251120_002149_351.wav (2.0s, 176172 bytes)
2025-11-20 00:21:52,118 - VoiceAssistant - INFO - info:50 - Silence detected, stopping recording...
2025-11-20 00:21:52,119 - VoiceAssistant - INFO - info:50 - Saved audio: files/Artur Recordings/20251120_002149_049.wav (2.0s, 176172 bytes)
2025-11-20 00:21:52,126 - VoiceAssistant - INFO - info:50 - Silence detected, stopping recording...
2025-11-20 00:21:52,126 - VoiceAssistant - INFO - info:50 - Saved audio: files/Artur Recordings/20251120_002149_288.wav (2.0s, 178220 bytes)
2025-11-20 00:21:52,131 - VoiceAssistant - INFO - info:50 - Silence detected, stopping recording...
2025-11-20 00:21:52,133 - VoiceAssistant - INFO - info:50 - Saved audio: files/Artur Recordings/20251120_002148_858.wav (2.0s, 178220 bytes)
2025-11-20 00:21:52,225 - VoiceAssistant - INFO - info:50 - Transcribing: files/Artur Recordings/20251120_002149_351.wav (2.0s)
2025-11-20 00:21:52,240 - VoiceAssistant - INFO - info:50 - Transcribing: files/Artur Recordings/20251120_002149_049.wav (2.0s)
2025-11-20 00:21:52,242 - VoiceAssistant - INFO - info:50 - Transcribing: files/Artur Recordings/20251120_002149_288.wav (2.0s)
2025-11-20 00:21:52,259 - VoiceAssistant - INFO - info:50 - Transcribing: files/Artur Recordings/20251120_002148_858.wav (2.0s)
2025-11-20 00:21:53,622 - VoiceAssistant - INFO - info:50 - No transcription found (empty audio)
2025-11-20 00:21:53,627 - VoiceAssistant - INFO - info:50 - No transcription found (empty audio)
2025-11-20 00:21:53,633 - VoiceAssistant - INFO - info:50 - No transcription found (empty audio)
2025-11-20 00:21:53,643 - VoiceAssistant - INFO - info:50 - No transcription found (empty audio)
2025-11-20 00:21:54,076 - VoiceAssistant - INFO - info:50 - Starting audio recording (waiting for sound...)
2025-11-20 00:21:54,120 - VoiceAssistant - INFO - info:50 - Starting audio recording (waiting for sound...)
2025-11-20 00:21:54,142 - VoiceAssistant - INFO - info:50 - Starting audio recording (waiting for sound...)
2025-11-20 00:21:54,165 - VoiceAssistant - INFO - info:50 - Starting audio recording (waiting for sound...)
2025-11-20 00:21:59,091 - VoiceAssistant - WARNING - warning:54 - Max silence timeout reached during wait phase
2025-11-20 00:21:59,134 - VoiceAssistant - WARNING - warning:54 - Max silence timeout reached during wait phase
2025-11-20 00:21:59,156 - VoiceAssistant - WARNING - warning:54 - Max silence timeout reached during wait phase
2025-11-20 00:21:59,177 - VoiceAssistant - WARNING - warning:54 - Max silence timeout reached during wait phase
2025-11-20 00:21:59,553 - VoiceAssistant - INFO - info:50 - Starting audio recording (waiting for sound...)
2025-11-20 00:21:59,659 - VoiceAssistant - INFO - info:50 - Starting audio recording (waiting for sound...)
2025-11-20 00:21:59,681 - VoiceAssistant - INFO - info:50 - Starting audio recording (waiting for sound...)
2025-11-20 00:21:59,702 - VoiceAssistant - INFO - info:50 - Starting audio recording (waiting for sound...)
2025-11-20 00:22:04,568 - VoiceAssistant - WARNING - warning:54 - Max silence timeout reached during wait phase
2025-11-20 00:22:04,672 - VoiceAssistant - WARNING - warning:54 - Max silence timeout reached during wait phase
2025-11-20 00:22:04,693 - VoiceAssistant - WARNING - warning:54 - Max silence timeout reached during wait phase
2025-11-20 00:22:04,718 - VoiceAssistant - WARNING - warning:54 - Max silence timeout reached during wait phase
2025-11-20 00:22:04,867 - VoiceAssistant - INFO - info:50 - Starting audio recording (waiting for sound...)
2025-11-20 00:22:05,091 - VoiceAssistant - INFO - info:50 - Starting audio recording (waiting for sound...)
2025-11-20 00:22:05,117 - VoiceAssistant - INFO - info:50 - Starting audio recording (waiting for sound...)
2025-11-20 00:22:05,137 - VoiceAssistant - INFO - info:50 - Starting audio recording (waiting for sound...)
2025-11-20 00:22:09,883 - VoiceAssistant - WARNING - warning:54 - Max silence timeout reached during wait phase
2025-11-20 00:22:10,096 - VoiceAssistant - INFO - info:50 - Starting audio recording (waiting for sound...)
2025-11-20 00:22:10,107 - VoiceAssistant - WARNING - warning:54 - Max silence timeout reached during wait phase
2025-11-20 00:22:10,132 - VoiceAssistant - WARNING - warning:54 - Max silence timeout reached during wait phase
2025-11-20 00:22:10,152 - VoiceAssistant - WARNING - warning:54 - Max silence timeout reached during wait phase
2025-11-20 00:22:10,394 - VoiceAssistant - INFO - info:50 - Starting audio recording (waiting for sound...)
2025-11-20 00:22:10,457 - VoiceAssistant - INFO - info:50 - Starting audio recording (waiting for sound...)
2025-11-20 00:22:10,479 - VoiceAssistant - INFO - info:50 - Starting audio recording (waiting for sound...)
2025-11-20 00:22:15,109 - VoiceAssistant - WARNING - warning:54 - Max silence timeout reached during wait phase
2025-11-20 00:22:15,318 - VoiceAssistant - INFO - info:50 - Starting audio recording (waiting for sound...)
2025-11-20 00:22:15,407 - VoiceAssistant - WARNING - warning:54 - Max silence timeout reached during wait phase
2025-11-20 00:22:15,474 - VoiceAssistant - WARNING - warning:54 - Max silence timeout reached during wait phase
2025-11-20 00:22:15,494 - VoiceAssistant - WARNING - warning:54 - Max silence timeout reached during wait phase
2025-11-20 00:22:15,615 - VoiceAssistant - INFO - info:50 - Starting audio recording (waiting for sound...)
2025-11-20 00:22:15,761 - VoiceAssistant - INFO - info:50 - Starting audio recording (waiting for sound...)
2025-11-20 00:22:15,783 - VoiceAssistant - INFO - info:50 - Starting audio recording (waiting for sound...)
2025-11-20 00:22:20,071 - VoiceAssistant - INFO - info:50 - Sound detected! Recording...
2025-11-20 00:22:20,074 - VoiceAssistant - INFO - info:50 - Sound detected! Recording...
2025-11-20 00:22:20,076 - VoiceAssistant - INFO - info:50 - Sound detected! Recording...
2025-11-20 00:22:20,098 - VoiceAssistant - INFO - info:50 - Sound detected! Recording...
2025-11-20 00:22:22,250 - VoiceAssistant - INFO - info:50 - Silence detected, stopping recording...
2025-11-20 00:22:22,251 - VoiceAssistant - INFO - info:50 - Silence detected, stopping recording...
2025-11-20 00:22:22,251 - VoiceAssistant - INFO - info:50 - Silence detected, stopping recording...
2025-11-20 00:22:22,254 - VoiceAssistant - INFO - info:50 - Saved audio: files/Artur Recordings/20251120_002215_610.wav (3.2s, 280620 bytes)
2025-11-20 00:22:22,254 - VoiceAssistant - INFO - info:50 - Saved audio: files/Artur Recordings/20251120_002215_594.wav (3.2s, 280620 bytes)
2025-11-20 00:22:22,256 - VoiceAssistant - INFO - info:50 - Saved audio: files/Artur Recordings/20251120_002215_224.wav (3.2s, 280620 bytes)
2025-11-20 00:22:22,273 - VoiceAssistant - INFO - info:50 - Silence detected, stopping recording...
2025-11-20 00:22:22,275 - VoiceAssistant - INFO - info:50 - Saved audio: files/Artur Recordings/20251120_002215_522.wav (3.2s, 280620 bytes)
2025-11-20 00:22:22,372 - VoiceAssistant - INFO - info:50 - Transcribing: files/Artur Recordings/20251120_002215_610.wav (3.2s)
2025-11-20 00:22:22,372 - VoiceAssistant - INFO - info:50 - Transcribing: files/Artur Recordings/20251120_002215_594.wav (3.2s)
2025-11-20 00:22:22,376 - VoiceAssistant - INFO - info:50 - Transcribing: files/Artur Recordings/20251120_002215_224.wav (3.2s)
2025-11-20 00:22:22,390 - VoiceAssistant - INFO - info:50 - Transcribing: files/Artur Recordings/20251120_002215_522.wav (3.2s)
2025-11-20 00:22:24,302 - VoiceAssistant - INFO - info:50 - No transcription found (empty audio)
2025-11-20 00:22:24,336 - VoiceAssistant - INFO - info:50 - No transcription found (empty audio)
2025-11-20 00:22:24,398 - VoiceAssistant - INFO - info:50 - No transcription found (empty audio)
2025-11-20 00:22:24,399 - VoiceAssistant - INFO - info:50 - No transcription found (empty audio)
2025-11-20 00:22:24,699 - VoiceAssistant - INFO - info:50 - Starting audio recording (waiting for sound...)
2025-11-20 00:22:24,775 - VoiceAssistant - INFO - info:50 - Starting audio recording (waiting for sound...)
2025-11-20 00:22:24,873 - VoiceAssistant - INFO - info:50 - Starting audio recording (waiting for sound...)
2025-11-20 00:22:24,899 - VoiceAssistant - INFO - info:50 - Starting audio recording (waiting for sound...)
2025-11-20 00:22:29,714 - VoiceAssistant - WARNING - warning:54 - Max silence timeout reached during wait phase
2025-11-20 00:22:29,790 - VoiceAssistant - WARNING - warning:54 - Max silence timeout reached during wait phase
2025-11-20 00:22:29,886 - VoiceAssistant - WARNING - warning:54 - Max silence timeout reached during wait phase
2025-11-20 00:22:29,913 - VoiceAssistant - WARNING - warning:54 - Max silence timeout reached during wait phase
2025-11-20 00:22:29,951 - VoiceAssistant - INFO - info:50 - Starting audio recording (waiting for sound...)
2025-11-20 00:22:30,200 - VoiceAssistant - INFO - info:50 - Starting audio recording (waiting for sound...)
2025-11-20 00:22:30,327 - VoiceAssistant - INFO - info:50 - Starting audio recording (waiting for sound...)
2025-11-20 00:22:30,350 - VoiceAssistant - INFO - info:50 - Starting audio recording (waiting for sound...)
2025-11-20 00:22:34,966 - VoiceAssistant - WARNING - warning:54 - Max silence timeout reached during wait phase
2025-11-20 00:22:35,173 - VoiceAssistant - INFO - info:50 - Starting audio recording (waiting for sound...)
2025-11-20 00:22:35,217 - VoiceAssistant - WARNING - warning:54 - Max silence timeout reached during wait phase
2025-11-20 00:22:35,342 - VoiceAssistant - WARNING - warning:54 - Max silence timeout reached during wait phase
2025-11-20 00:22:35,367 - VoiceAssistant - WARNING - warning:54 - Max silence timeout reached during wait phase
2025-11-20 00:22:35,490 - VoiceAssistant - INFO - info:50 - Starting audio recording (waiting for sound...)
2025-11-20 00:22:35,695 - VoiceAssistant - INFO - info:50 - Starting audio recording (waiting for sound...)
2025-11-20 00:22:35,718 - VoiceAssistant - INFO - info:50 - Starting audio recording (waiting for sound...)
2025-11-20 00:22:40,189 - VoiceAssistant - WARNING - warning:54 - Max silence timeout reached during wait phase
2025-11-20 00:22:40,403 - VoiceAssistant - INFO - info:50 - Starting audio recording (waiting for sound...)
2025-11-20 00:22:40,502 - VoiceAssistant - WARNING - warning:54 - Max silence timeout reached during wait phase
2025-11-20 00:22:40,708 - VoiceAssistant - WARNING - warning:54 - Max silence timeout reached during wait phase
2025-11-20 00:22:40,734 - VoiceAssistant - WARNING - warning:54 - Max silence timeout reached during wait phase
2025-11-20 00:22:40,749 - VoiceAssistant - INFO - info:50 - Starting audio recording (waiting for sound...)
2025-11-20 00:22:40,995 - VoiceAssistant - INFO - info:50 - Starting audio recording (waiting for sound...)
2025-11-20 00:22:41,040 - VoiceAssistant - INFO - info:50 - Starting audio recording (waiting for sound...)
2025-11-20 00:22:45,418 - VoiceAssistant - WARNING - warning:54 - Max silence timeout reached during wait phase
2025-11-20 00:22:45,644 - VoiceAssistant - INFO - info:50 - Starting audio recording (waiting for sound...)
2025-11-20 00:22:45,765 - VoiceAssistant - WARNING - warning:54 - Max silence timeout reached during wait phase
2025-11-20 00:22:46,004 - VoiceAssistant - INFO - info:50 - Starting audio recording (waiting for sound...)
2025-11-20 00:22:46,009 - VoiceAssistant - WARNING - warning:54 - Max silence timeout reached during wait phase
2025-11-20 00:22:46,054 - VoiceAssistant - WARNING - warning:54 - Max silence timeout reached during wait phase
2025-11-20 00:22:46,294 - VoiceAssistant - INFO - info:50 - Starting audio recording (waiting for sound...)
2025-11-20 00:22:46,344 - VoiceAssistant - INFO - info:50 - Starting audio recording (waiting for sound...)
2025-11-20 00:22:50,659 - VoiceAssistant - WARNING - warning:54 - Max silence timeout reached during wait phase
2025-11-20 00:22:50,862 - VoiceAssistant - INFO - info:50 - Starting audio recording (waiting for sound...)
2025-11-20 00:22:51,021 - VoiceAssistant - WARNING - warning:54 - Max silence timeout reached during wait phase
2025-11-20 00:22:51,245 - VoiceAssistant - INFO - info:50 - Starting audio recording (waiting for sound...)
2025-11-20 00:22:51,308 - VoiceAssistant - WARNING - warning:54 - Max silence timeout reached during wait phase
2025-11-20 00:22:51,357 - VoiceAssistant - WARNING - warning:54 - Max silence timeout reached during wait phase
2025-11-20 00:22:51,515 - VoiceAssistant - INFO - info:50 - Starting audio recording (waiting for sound...)
2025-11-20 00:22:51,604 - VoiceAssistant - INFO - info:50 - Starting audio recording (waiting for sound...)
2025-11-20 00:22:55,876 - VoiceAssistant - WARNING - warning:54 - Max silence timeout reached during wait phase
2025-11-20 00:22:56,079 - VoiceAssistant - INFO - info:50 - Starting audio recording (waiting for sound...)
2025-11-20 00:22:56,261 - VoiceAssistant - WARNING - warning:54 - Max silence timeout reached during wait phase
2025-11-20 00:22:56,475 - VoiceAssistant - INFO - info:50 - Starting audio recording (waiting for sound...)
2025-11-20 00:22:56,530 - VoiceAssistant - WARNING - warning:54 - Max silence timeout reached during wait phase
2025-11-20 00:22:56,617 - VoiceAssistant - WARNING - warning:54 - Max silence timeout reached during wait phase
2025-11-20 00:22:56,736 - VoiceAssistant - INFO - info:50 - Starting audio recording (waiting for sound...)
2025-11-20 00:22:56,838 - VoiceAssistant - INFO - info:50 - Starting audio recording (waiting for sound...)
2025-11-20 00:23:01,092 - VoiceAssistant - WARNING - warning:54 - Max silence timeout reached during wait phase
2025-11-20 00:23:01,304 - VoiceAssistant - INFO - info:50 - Starting audio recording (waiting for sound...)
2025-11-20 00:23:01,491 - VoiceAssistant - WARNING - warning:54 - Max silence timeout reached during wait phase
2025-11-20 00:23:01,705 - VoiceAssistant - INFO - info:50 - Starting audio recording (waiting for sound...)
2025-11-20 00:23:01,749 - VoiceAssistant - WARNING - warning:54 - Max silence timeout reached during wait phase
2025-11-20 00:23:01,853 - VoiceAssistant - WARNING - warning:54 - Max silence timeout reached during wait phase
2025-11-20 00:23:01,960 - VoiceAssistant - INFO - info:50 - Starting audio recording (waiting for sound...)
2025-11-20 00:23:02,064 - VoiceAssistant - INFO - info:50 - Starting audio recording (waiting for sound...)
2025-11-20 00:23:06,321 - VoiceAssistant - WARNING - warning:54 - Max silence timeout reached during wait phase
2025-11-20 00:23:06,549 - VoiceAssistant - INFO - info:50 - Starting audio recording (waiting for sound...)
2025-11-20 00:23:06,720 - VoiceAssistant - WARNING - warning:54 - Max silence timeout reached during wait phase
2025-11-20 00:23:06,966 - VoiceAssistant - INFO - info:50 - Starting audio recording (waiting for sound...)
2025-11-20 00:23:06,977 - VoiceAssistant - WARNING - warning:54 - Max silence timeout reached during wait phase
2025-11-20 00:23:07,079 - VoiceAssistant - WARNING - warning:54 - Max silence timeout reached during wait phase
2025-11-20 00:23:07,195 - VoiceAssistant - INFO - info:50 - Starting audio recording (waiting for sound...)
2025-11-20 00:23:07,297 - VoiceAssistant - INFO - info:50 - Starting audio recording (waiting for sound...)
2025-11-20 00:23:11,563 - VoiceAssistant - WARNING - warning:54 - Max silence timeout reached during wait phase
2025-11-20 00:23:11,775 - VoiceAssistant - INFO - info:50 - Starting audio recording (waiting for sound...)
2025-11-20 00:23:11,979 - VoiceAssistant - WARNING - warning:54 - Max silence timeout reached during wait phase
2025-11-20 00:23:12,189 - VoiceAssistant - INFO - info:50 - Starting audio recording (waiting for sound...)
2025-11-20 00:23:12,207 - VoiceAssistant - WARNING - warning:54 - Max silence timeout reached during wait phase
2025-11-20 00:23:12,313 - VoiceAssistant - WARNING - warning:54 - Max silence timeout reached during wait phase
2025-11-20 00:23:12,425 - VoiceAssistant - INFO - info:50 - Starting audio recording (waiting for sound...)
2025-11-20 00:23:12,529 - VoiceAssistant - INFO - info:50 - Starting audio recording (waiting for sound...)
2025-11-20 00:23:16,789 - VoiceAssistant - WARNING - warning:54 - Max silence timeout reached during wait phase
2025-11-20 00:23:17,002 - VoiceAssistant - INFO - info:50 - Starting audio recording (waiting for sound...)
2025-11-20 00:23:17,196 - VoiceAssistant - INFO - info:50 - Sound detected! Recording...
2025-11-20 00:23:17,201 - VoiceAssistant - INFO - info:50 - Sound detected! Recording...
2025-11-20 00:23:17,205 - VoiceAssistant - WARNING - warning:54 - Max silence timeout reached during wait phase
2025-11-20 00:23:17,227 - VoiceAssistant - INFO - info:50 - Sound detected! Recording...
2025-11-20 00:23:17,419 - VoiceAssistant - INFO - info:50 - Starting audio recording (waiting for sound...)
2025-11-20 00:23:17,823 - VoiceAssistant - INFO - info:50 - Sound detected! Recording...
2025-11-20 00:23:19,234 - VoiceAssistant - INFO - info:50 - Silence detected, stopping recording...
2025-11-20 00:23:19,235 - VoiceAssistant - INFO - info:50 - Saved audio: files/Artur Recordings/20251120_002317_319.wav (1.8s, 159788 bytes)
2025-11-20 00:23:19,241 - VoiceAssistant - INFO - info:50 - Silence detected, stopping recording...
2025-11-20 00:23:19,242 - VoiceAssistant - INFO - info:50 - Saved audio: files/Artur Recordings/20251120_002316_904.wav (2.2s, 196652 bytes)
2025-11-20 00:23:19,273 - VoiceAssistant - INFO - info:50 - Silence detected, stopping recording...
2025-11-20 00:23:19,275 - VoiceAssistant - INFO - info:50 - Saved audio: files/Artur Recordings/20251120_002312_433.wav (3.1s, 270380 bytes)
2025-11-20 00:23:19,276 - VoiceAssistant - INFO - info:50 - Silence detected, stopping recording...
2025-11-20 00:23:19,277 - VoiceAssistant - INFO - info:50 - Saved audio: files/Artur Recordings/20251120_002312_322.wav (3.0s, 268332 bytes)
2025-11-20 00:23:19,350 - VoiceAssistant - INFO - info:50 - Transcribing: files/Artur Recordings/20251120_002317_319.wav (1.8s)
2025-11-20 00:23:19,358 - VoiceAssistant - INFO - info:50 - Transcribing: files/Artur Recordings/20251120_002316_904.wav (2.2s)
2025-11-20 00:23:19,398 - VoiceAssistant - INFO - info:50 - Transcribing: files/Artur Recordings/20251120_002312_433.wav (3.1s)
2025-11-20 00:23:19,403 - VoiceAssistant - INFO - info:50 - Transcribing: files/Artur Recordings/20251120_002312_322.wav (3.0s)
2025-11-20 00:23:21,792 - VoiceAssistant - INFO - info:50 - No transcription found (empty audio)
2025-11-20 00:23:21,796 - VoiceAssistant - INFO - info:50 - No transcription found (empty audio)
2025-11-20 00:23:22,024 - VoiceAssistant - INFO - info:50 - Starting audio recording (waiting for sound...)
2025-11-20 00:23:22,061 - VoiceAssistant - INFO - info:50 - Starting audio recording (waiting for sound...)
2025-11-20 00:23:27,041 - VoiceAssistant - WARNING - warning:54 - Max silence timeout reached during wait phase
2025-11-20 00:23:27,078 - VoiceAssistant - WARNING - warning:54 - Max silence timeout reached during wait phase
2025-11-20 00:23:27,114 - VoiceAssistant - INFO - info:50 - No transcription found (empty audio)
2025-11-20 00:23:27,239 - VoiceAssistant - INFO - info:50 - No transcription found (empty audio)
2025-11-20 00:23:27,339 - VoiceAssistant - INFO - info:50 - Starting audio recording (waiting for sound...)
2025-11-20 00:23:27,519 - VoiceAssistant - INFO - info:50 - Starting audio recording (waiting for sound...)
2025-11-20 00:23:27,562 - VoiceAssistant - INFO - info:50 - Starting audio recording (waiting for sound...)
2025-11-20 00:23:27,608 - VoiceAssistant - INFO - info:50 - Starting audio recording (waiting for sound...)
2025-11-20 00:23:32,351 - VoiceAssistant - WARNING - warning:54 - Max silence timeout reached during wait phase
2025-11-20 00:23:32,535 - VoiceAssistant - WARNING - warning:54 - Max silence timeout reached during wait phase
2025-11-20 00:23:32,571 - VoiceAssistant - INFO - info:50 - Starting audio recording (waiting for sound...)
2025-11-20 00:23:32,576 - VoiceAssistant - WARNING - warning:54 - Max silence timeout reached during wait phase
2025-11-20 00:23:32,625 - VoiceAssistant - WARNING - warning:54 - Max silence timeout reached during wait phase
2025-11-20 00:23:32,803 - VoiceAssistant - INFO - info:50 - Starting audio recording (waiting for sound...)
2025-11-20 00:23:32,951 - VoiceAssistant - INFO - info:50 - Starting audio recording (waiting for sound...)
2025-11-20 00:23:33,043 - VoiceAssistant - INFO - info:50 - Starting audio recording (waiting for sound...)
2025-11-20 00:23:37,588 - VoiceAssistant - WARNING - warning:54 - Max silence timeout reached during wait phase
2025-11-20 00:23:37,814 - VoiceAssistant - INFO - info:50 - Starting audio recording (waiting for sound...)
2025-11-20 00:23:37,817 - VoiceAssistant - WARNING - warning:54 - Max silence timeout reached during wait phase
2025-11-20 00:23:37,962 - VoiceAssistant - WARNING - warning:54 - Max silence timeout reached during wait phase
2025-11-20 00:23:38,033 - VoiceAssistant - INFO - info:50 - Starting audio recording (waiting for sound...)
2025-11-20 00:23:38,056 - VoiceAssistant - WARNING - warning:54 - Max silence timeout reached during wait phase
2025-11-20 00:23:38,178 - VoiceAssistant - INFO - info:50 - Starting audio recording (waiting for sound...)
2025-11-20 00:23:38,414 - VoiceAssistant - INFO - info:50 - Starting audio recording (waiting for sound...)
2025-11-20 00:23:42,827 - VoiceAssistant - WARNING - warning:54 - Max silence timeout reached during wait phase
2025-11-20 00:23:43,050 - VoiceAssistant - INFO - info:50 - Starting audio recording (waiting for sound...)
2025-11-20 00:23:43,050 - VoiceAssistant - WARNING - warning:54 - Max silence timeout reached during wait phase
2025-11-20 00:23:43,191 - VoiceAssistant - WARNING - warning:54 - Max silence timeout reached during wait phase
2025-11-20 00:23:43,263 - VoiceAssistant - INFO - info:50 - Starting audio recording (waiting for sound...)
2025-11-20 00:23:43,405 - VoiceAssistant - INFO - info:50 - Starting audio recording (waiting for sound...)
2025-11-20 00:23:43,428 - VoiceAssistant - WARNING - warning:54 - Max silence timeout reached during wait phase
2025-11-20 00:23:43,712 - VoiceAssistant - INFO - info:50 - Starting audio recording (waiting for sound...)
2025-11-20 00:23:48,063 - VoiceAssistant - WARNING - warning:54 - Max silence timeout reached during wait phase
2025-11-20 00:23:48,277 - VoiceAssistant - WARNING - warning:54 - Max silence timeout reached during wait phase
2025-11-20 00:23:48,281 - VoiceAssistant - INFO - info:50 - Starting audio recording (waiting for sound...)
2025-11-20 00:23:48,422 - VoiceAssistant - WARNING - warning:54 - Max silence timeout reached during wait phase
2025-11-20 00:23:48,493 - VoiceAssistant - INFO - info:50 - Starting audio recording (waiting for sound...)
2025-11-20 00:23:48,631 - VoiceAssistant - INFO - info:50 - Starting audio recording (waiting for sound...)
2025-11-20 00:23:48,727 - VoiceAssistant - WARNING - warning:54 - Max silence timeout reached during wait phase
2025-11-20 00:23:48,991 - VoiceAssistant - INFO - info:50 - Starting audio recording (waiting for sound...)
2025-11-20 00:23:53,294 - VoiceAssistant - WARNING - warning:54 - Max silence timeout reached during wait phase
2025-11-20 00:23:53,508 - VoiceAssistant - INFO - info:50 - Starting audio recording (waiting for sound...)
2025-11-20 00:23:53,510 - VoiceAssistant - WARNING - warning:54 - Max silence timeout reached during wait phase
2025-11-20 00:23:53,646 - VoiceAssistant - WARNING - warning:54 - Max silence timeout reached during wait phase
2025-11-20 00:23:53,720 - VoiceAssistant - INFO - info:50 - Starting audio recording (waiting for sound...)
2025-11-20 00:23:53,853 - VoiceAssistant - INFO - info:50 - Starting audio recording (waiting for sound...)
2025-11-20 00:23:54,007 - VoiceAssistant - WARNING - warning:54 - Max silence timeout reached during wait phase
2025-11-20 00:23:54,252 - VoiceAssistant - INFO - info:50 - Starting audio recording (waiting for sound...)
2025-11-20 00:23:58,523 - VoiceAssistant - WARNING - warning:54 - Max silence timeout reached during wait phase
2025-11-20 00:23:58,735 - VoiceAssistant - WARNING - warning:54 - Max silence timeout reached during wait phase
2025-11-20 00:23:58,742 - VoiceAssistant - INFO - info:50 - Starting audio recording (waiting for sound...)
2025-11-20 00:23:58,867 - VoiceAssistant - WARNING - warning:54 - Max silence timeout reached during wait phase
2025-11-20 00:23:58,947 - VoiceAssistant - INFO - info:50 - Starting audio recording (waiting for sound...)
2025-11-20 00:23:59,073 - VoiceAssistant - INFO - info:50 - Starting audio recording (waiting for sound...)
2025-11-20 00:23:59,267 - VoiceAssistant - WARNING - warning:54 - Max silence timeout reached during wait phase
2025-11-20 00:23:59,494 - VoiceAssistant - INFO - info:50 - Starting audio recording (waiting for sound...)
2025-11-20 00:24:03,755 - VoiceAssistant - WARNING - warning:54 - Max silence timeout reached during wait phase
2025-11-20 00:24:03,963 - VoiceAssistant - WARNING - warning:54 - Max silence timeout reached during wait phase
2025-11-20 00:24:03,968 - VoiceAssistant - INFO - info:50 - Starting audio recording (waiting for sound...)
2025-11-20 00:24:04,088 - VoiceAssistant - WARNING - warning:54 - Max silence timeout reached during wait phase
2025-11-20 00:24:04,177 - VoiceAssistant - INFO - info:50 - Starting audio recording (waiting for sound...)
2025-11-20 00:24:04,290 - VoiceAssistant - INFO - info:50 - Starting audio recording (waiting for sound...)
2025-11-20 00:24:04,509 - VoiceAssistant - WARNING - warning:54 - Max silence timeout reached during wait phase
2025-11-20 00:24:04,714 - VoiceAssistant - INFO - info:50 - Starting audio recording (waiting for sound...)
2025-11-20 00:24:08,981 - VoiceAssistant - WARNING - warning:54 - Max silence timeout reached during wait phase
2025-11-20 00:24:09,194 - VoiceAssistant - WARNING - warning:54 - Max silence timeout reached during wait phase
2025-11-20 00:24:09,198 - VoiceAssistant - INFO - info:50 - Starting audio recording (waiting for sound...)
2025-11-20 00:24:09,306 - VoiceAssistant - WARNING - warning:54 - Max silence timeout reached during wait phase
2025-11-20 00:24:09,413 - VoiceAssistant - INFO - info:50 - Starting audio recording (waiting for sound...)
2025-11-20 00:24:09,526 - VoiceAssistant - INFO - info:50 - Starting audio recording (waiting for sound...)
2025-11-20 00:24:09,731 - VoiceAssistant - WARNING - warning:54 - Max silence timeout reached during wait phase
2025-11-20 00:24:09,954 - VoiceAssistant - INFO - info:50 - Starting audio recording (waiting for sound...)
2025-11-20 00:24:14,211 - VoiceAssistant - WARNING - warning:54 - Max silence timeout reached during wait phase
2025-11-20 00:24:14,425 - VoiceAssistant - WARNING - warning:54 - Max silence timeout reached during wait phase
2025-11-20 00:24:14,427 - VoiceAssistant - INFO - info:50 - Starting audio recording (waiting for sound...)
2025-11-20 00:24:14,541 - VoiceAssistant - WARNING - warning:54 - Max silence timeout reached during wait phase
2025-11-20 00:24:14,633 - VoiceAssistant - INFO - info:50 - Starting audio recording (waiting for sound...)
2025-11-20 00:24:14,744 - VoiceAssistant - INFO - info:50 - Starting audio recording (waiting for sound...)
2025-11-20 00:24:14,967 - VoiceAssistant - WARNING - warning:54 - Max silence timeout reached during wait phase
2025-11-20 00:24:15,176 - VoiceAssistant - INFO - info:50 - Starting audio recording (waiting for sound...)
2025-11-20 00:24:19,440 - VoiceAssistant - WARNING - warning:54 - Max silence timeout reached during wait phase
2025-11-20 00:24:19,648 - VoiceAssistant - WARNING - warning:54 - Max silence timeout reached during wait phase
2025-11-20 00:24:19,671 - VoiceAssistant - INFO - info:50 - Starting audio recording (waiting for sound...)
2025-11-20 00:24:19,757 - VoiceAssistant - WARNING - warning:54 - Max silence timeout reached during wait phase
2025-11-20 00:24:19,869 - VoiceAssistant - INFO - info:50 - Starting audio recording (waiting for sound...)
2025-11-20 00:24:19,964 - VoiceAssistant - INFO - info:50 - Starting audio recording (waiting for sound...)
2025-11-20 00:24:20,191 - VoiceAssistant - WARNING - warning:54 - Max silence timeout reached during wait phase
2025-11-20 00:24:20,399 - VoiceAssistant - INFO - info:50 - Starting audio recording (waiting for sound...)
2025-11-20 00:24:24,687 - VoiceAssistant - WARNING - warning:54 - Max silence timeout reached during wait phase
2025-11-20 00:24:24,884 - VoiceAssistant - WARNING - warning:54 - Max silence timeout reached during wait phase
2025-11-20 00:24:24,926 - VoiceAssistant - INFO - info:50 - Starting audio recording (waiting for sound...)
2025-11-20 00:24:24,976 - VoiceAssistant - WARNING - warning:54 - Max silence timeout reached during wait phase
2025-11-20 00:24:25,093 - VoiceAssistant - INFO - info:50 - Starting audio recording (waiting for sound...)
2025-11-20 00:24:25,190 - VoiceAssistant - INFO - info:50 - Starting audio recording (waiting for sound...)
2025-11-20 00:24:25,415 - VoiceAssistant - WARNING - warning:54 - Max silence timeout reached during wait phase
2025-11-20 00:24:25,846 - VoiceAssistant - INFO - info:50 - Starting audio recording (waiting for sound...)
2025-11-20 00:24:29,936 - VoiceAssistant - WARNING - warning:54 - Max silence timeout reached during wait phase
2025-11-20 00:24:30,107 - VoiceAssistant - WARNING - warning:54 - Max silence timeout reached during wait phase
2025-11-20 00:24:30,206 - VoiceAssistant - WARNING - warning:54 - Max silence timeout reached during wait phase
2025-11-20 00:24:30,463 - VoiceAssistant - INFO - info:50 - Starting audio recording (waiting for sound...)
2025-11-20 00:24:30,665 - VoiceAssistant - INFO - info:50 - Starting audio recording (waiting for sound...)
2025-11-20 00:24:30,755 - VoiceAssistant - INFO - info:50 - Starting audio recording (waiting for sound...)
2025-11-20 00:24:30,860 - VoiceAssistant - WARNING - warning:54 - Max silence timeout reached during wait phase
2025-11-20 00:24:31,280 - VoiceAssistant - INFO - info:50 - Starting audio recording (waiting for sound...)
2025-11-20 00:24:35,473 - VoiceAssistant - WARNING - warning:54 - Max silence timeout reached during wait phase
2025-11-20 00:24:35,675 - VoiceAssistant - WARNING - warning:54 - Max silence timeout reached during wait phase
2025-11-20 00:24:35,705 - VoiceAssistant - INFO - info:50 - Starting audio recording (waiting for sound...)
2025-11-20 00:24:35,768 - VoiceAssistant - WARNING - warning:54 - Max silence timeout reached during wait phase
2025-11-20 00:24:35,919 - VoiceAssistant - INFO - info:50 - Starting audio recording (waiting for sound...)
2025-11-20 00:24:36,069 - VoiceAssistant - INFO - info:50 - Starting audio recording (waiting for sound...)
2025-11-20 00:24:36,297 - VoiceAssistant - WARNING - warning:54 - Max silence timeout reached during wait phase
2025-11-20 00:24:36,545 - VoiceAssistant - INFO - info:50 - Starting audio recording (waiting for sound...)
2025-11-20 00:24:40,723 - VoiceAssistant - WARNING - warning:54 - Max silence timeout reached during wait phase
2025-11-20 00:24:40,936 - VoiceAssistant - WARNING - warning:54 - Max silence timeout reached during wait phase
2025-11-20 00:24:40,956 - VoiceAssistant - INFO - info:50 - Starting audio recording (waiting for sound...)
2025-11-20 00:24:41,080 - VoiceAssistant - WARNING - warning:54 - Max silence timeout reached during wait phase
2025-11-20 00:24:41,157 - VoiceAssistant - INFO - info:50 - Starting audio recording (waiting for sound...)
2025-11-20 00:24:41,297 - VoiceAssistant - INFO - info:50 - Starting audio recording (waiting for sound...)
2025-11-20 00:24:41,562 - VoiceAssistant - WARNING - warning:54 - Max silence timeout reached during wait phase
2025-11-20 00:24:41,781 - VoiceAssistant - INFO - info:50 - Starting audio recording (waiting for sound...)
2025-11-20 00:24:45,971 - VoiceAssistant - WARNING - warning:54 - Max silence timeout reached during wait phase
2025-11-20 00:24:46,174 - VoiceAssistant - WARNING - warning:54 - Max silence timeout reached during wait phase
2025-11-20 00:24:46,205 - VoiceAssistant - INFO - info:50 - Starting audio recording (waiting for sound...)
2025-11-20 00:24:46,310 - VoiceAssistant - WARNING - warning:54 - Max silence timeout reached during wait phase
2025-11-20 00:24:46,388 - VoiceAssistant - INFO - info:50 - Starting audio recording (waiting for sound...)
2025-11-20 00:24:46,518 - VoiceAssistant - INFO - info:50 - Starting audio recording (waiting for sound...)
2025-11-20 00:24:46,794 - VoiceAssistant - WARNING - warning:54 - Max silence timeout reached during wait phase
2025-11-20 00:24:47,010 - VoiceAssistant - INFO - info:50 - Starting audio recording (waiting for sound...)
2025-11-20 00:24:51,222 - VoiceAssistant - WARNING - warning:54 - Max silence timeout reached during wait phase
2025-11-20 00:24:51,401 - VoiceAssistant - WARNING - warning:54 - Max silence timeout reached during wait phase
2025-11-20 00:24:51,456 - VoiceAssistant - INFO - info:50 - Starting audio recording (waiting for sound...)
2025-11-20 00:24:51,532 - VoiceAssistant - WARNING - warning:54 - Max silence timeout reached during wait phase
2025-11-20 00:24:51,616 - VoiceAssistant - INFO - info:50 - Starting audio recording (waiting for sound...)
2025-11-20 00:24:51,739 - VoiceAssistant - INFO - info:50 - Starting audio recording (waiting for sound...)
2025-11-20 00:24:52,022 - VoiceAssistant - WARNING - warning:54 - Max silence timeout reached during wait phase
2025-11-20 00:24:52,242 - VoiceAssistant - INFO - info:50 - Starting audio recording (waiting for sound...)
2025-11-20 00:24:56,474 - VoiceAssistant - WARNING - warning:54 - Max silence timeout reached during wait phase
2025-11-20 00:24:56,633 - VoiceAssistant - WARNING - warning:54 - Max silence timeout reached during wait phase
2025-11-20 00:24:56,706 - VoiceAssistant - INFO - info:50 - Starting audio recording (waiting for sound...)
2025-11-20 00:24:56,752 - VoiceAssistant - WARNING - warning:54 - Max silence timeout reached during wait phase
2025-11-20 00:24:56,842 - VoiceAssistant - INFO - info:50 - Starting audio recording (waiting for sound...)
2025-11-20 00:24:56,953 - VoiceAssistant - INFO - info:50 - Starting audio recording (waiting for sound...)
2025-11-20 00:24:57,256 - VoiceAssistant - WARNING - warning:54 - Max silence timeout reached during wait phase
2025-11-20 00:24:57,459 - VoiceAssistant - INFO - info:50 - Starting audio recording (waiting for sound...)
2025-11-20 00:24:57,902 - VoiceAssistant - INFO - info:50 - Sound detected! Recording...
2025-11-20 00:24:57,907 - VoiceAssistant - INFO - info:50 - Sound detected! Recording...
2025-11-20 00:24:57,913 - VoiceAssistant - INFO - info:50 - Sound detected! Recording...
2025-11-20 00:24:57,913 - VoiceAssistant - INFO - info:50 - Sound detected! Recording...
2025-11-20 00:25:00,129 - VoiceAssistant - INFO - info:50 - Silence detected, stopping recording...
2025-11-20 00:25:00,129 - VoiceAssistant - INFO - info:50 - Silence detected, stopping recording...
2025-11-20 00:25:00,131 - VoiceAssistant - INFO - info:50 - Saved audio: files/Artur Recordings/20251120_002456_748.wav (3.2s, 284716 bytes)
2025-11-20 00:25:00,132 - VoiceAssistant - INFO - info:50 - Saved audio: files/Artur Recordings/20251120_002457_371.wav (2.6s, 233516 bytes)
2025-11-20 00:25:00,134 - VoiceAssistant - INFO - info:50 - Silence detected, stopping recording...
2025-11-20 00:25:00,135 - VoiceAssistant - INFO - info:50 - Saved audio: files/Artur Recordings/20251120_002456_866.wav (3.2s, 278572 bytes)
2025-11-20 00:25:00,140 - VoiceAssistant - INFO - info:50 - Silence detected, stopping recording...
2025-11-20 00:25:00,141 - VoiceAssistant - INFO - info:50 - Saved audio: files/Artur Recordings/20251120_002456_597.wav (3.2s, 284716 bytes)
2025-11-20 00:25:00,252 - VoiceAssistant - INFO - info:50 - Transcribing: files/Artur Recordings/20251120_002457_371.wav (2.6s)
2025-11-20 00:25:00,252 - VoiceAssistant - INFO - info:50 - Transcribing: files/Artur Recordings/20251120_002456_748.wav (3.2s)
2025-11-20 00:25:00,255 - VoiceAssistant - INFO - info:50 - Transcribing: files/Artur Recordings/20251120_002456_866.wav (3.2s)
2025-11-20 00:25:00,278 - VoiceAssistant - INFO - info:50 - Transcribing: files/Artur Recordings/20251120_002456_597.wav (3.2s)
2025-11-20 00:25:02,210 - VoiceAssistant - INFO - info:50 - No transcription found (empty audio)
2025-11-20 00:25:02,228 - VoiceAssistant - INFO - info:50 - No transcription found (empty audio)
2025-11-20 00:25:02,494 - VoiceAssistant - INFO - info:50 - Starting audio recording (waiting for sound...)
2025-11-20 00:25:02,568 - VoiceAssistant - INFO - info:50 - Starting audio recording (waiting for sound...)
2025-11-20 00:25:02,599 - VoiceAssistant - INFO - info:50 - Sound detected! Recording...
2025-11-20 00:25:02,613 - VoiceAssistant - INFO - info:50 - Sound detected! Recording...
2025-11-20 00:25:04,639 - VoiceAssistant - INFO - info:50 - Transcription complete: 'Oh my god.' (4.36s)
2025-11-20 00:25:04,640 - VoiceAssistant - INFO - info:50 - Saved transcription: files/Artur Recordings/20251120_002456_597.json
2025-11-20 00:25:04,642 - VoiceAssistant - INFO - info:50 - Text preprocessed: 'Oh my god.'
2025-11-20 00:25:04,680 - VoiceAssistant - INFO - info:50 - Transcription complete: 'Oh my god.' (4.43s)
2025-11-20 00:25:04,680 - VoiceAssistant - INFO - info:50 - Saved transcription: files/Artur Recordings/20251120_002456_866.json
2025-11-20 00:25:04,681 - VoiceAssistant - INFO - info:50 - Text preprocessed: 'Oh my god.'
2025-11-20 00:25:05,454 - VoiceAssistant - INFO - info:50 - Successfully pasted: 'Oh my god.'
2025-11-20 00:25:05,510 - VoiceAssistant - INFO - info:50 - Successfully pasted: 'Oh my god.'
2025-11-20 00:25:05,656 - VoiceAssistant - INFO - info:50 - Starting audio recording (waiting for sound...)
2025-11-20 00:25:05,662 - VoiceAssistant - INFO - info:50 - Silence detected, stopping recording...
2025-11-20 00:25:05,664 - VoiceAssistant - INFO - info:50 - Saved audio: files/Artur Recordings/20251120_002502_229.wav (3.1s, 272428 bytes)
2025-11-20 00:25:05,674 - VoiceAssistant - INFO - info:50 - Silence detected, stopping recording...
2025-11-20 00:25:05,676 - VoiceAssistant - INFO - info:50 - Saved audio: files/Artur Recordings/20251120_002502_211.wav (3.2s, 278572 bytes)
2025-11-20 00:25:05,718 - VoiceAssistant - INFO - info:50 - Starting audio recording (waiting for sound...)
2025-11-20 00:25:05,779 - VoiceAssistant - INFO - info:50 - Transcribing: files/Artur Recordings/20251120_002502_229.wav (3.1s)
2025-11-20 00:25:05,792 - VoiceAssistant - INFO - info:50 - Transcribing: files/Artur Recordings/20251120_002502_211.wav (3.2s)
2025-11-20 00:25:06,573 - VoiceAssistant - INFO - info:50 - Sound detected! Recording...
2025-11-20 00:25:06,574 - VoiceAssistant - INFO - info:50 - Sound detected! Recording...
2025-11-20 00:25:06,641 - VoiceAssistant - INFO - info:50 - No transcription found (empty audio)
2025-11-20 00:25:06,701 - VoiceAssistant - INFO - info:50 - No transcription found (empty audio)
2025-11-20 00:25:06,880 - VoiceAssistant - INFO - info:50 - Starting audio recording (waiting for sound...)
2025-11-20 00:25:06,923 - VoiceAssistant - INFO - info:50 - Sound detected! Recording...
2025-11-20 00:25:06,987 - VoiceAssistant - INFO - info:50 - Starting audio recording (waiting for sound...)
2025-11-20 00:25:07,093 - VoiceAssistant - INFO - info:50 - Sound detected! Recording...
2025-11-20 00:25:08,109 - VoiceAssistant - INFO - info:50 - Silence detected, stopping recording...
2025-11-20 00:25:08,110 - VoiceAssistant - INFO - info:50 - Saved audio: files/Artur Recordings/20251120_002505_454.wav (2.4s, 215084 bytes)
2025-11-20 00:25:08,117 - VoiceAssistant - INFO - info:50 - Silence detected, stopping recording...
2025-11-20 00:25:08,119 - VoiceAssistant - INFO - info:50 - Saved audio: files/Artur Recordings/20251120_002506_702.wav (1.1s, 98348 bytes)
2025-11-20 00:25:08,119 - VoiceAssistant - INFO - info:50 - Silence detected, stopping recording...
2025-11-20 00:25:08,124 - VoiceAssistant - INFO - info:50 - Saved audio: files/Artur Recordings/20251120_002506_641.wav (1.2s, 108588 bytes)
2025-11-20 00:25:08,131 - VoiceAssistant - INFO - info:50 - Silence detected, stopping recording...
2025-11-20 00:25:08,133 - VoiceAssistant - INFO - info:50 - Saved audio: files/Artur Recordings/20251120_002505_511.wav (2.4s, 210988 bytes)
2025-11-20 00:25:08,225 - VoiceAssistant - INFO - info:50 - Transcribing: files/Artur Recordings/20251120_002505_454.wav (2.4s)
2025-11-20 00:25:08,235 - VoiceAssistant - INFO - info:50 - Transcribing: files/Artur Recordings/20251120_002506_702.wav (1.1s)
2025-11-20 00:25:08,240 - VoiceAssistant - INFO - info:50 - Transcribing: files/Artur Recordings/20251120_002506_641.wav (1.2s)
2025-11-20 00:25:08,249 - VoiceAssistant - INFO - info:50 - Transcribing: files/Artur Recordings/20251120_002505_511.wav (2.4s)
2025-11-20 00:25:10,320 - VoiceAssistant - INFO - info:50 - Transcription complete: 'Oh' (2.08s)
2025-11-20 00:25:10,321 - VoiceAssistant - INFO - info:50 - Saved transcription: files/Artur Recordings/20251120_002506_641.json
2025-11-20 00:25:10,322 - VoiceAssistant - INFO - info:50 - Text preprocessed: 'Oh.'
2025-11-20 00:25:10,370 - VoiceAssistant - INFO - info:50 - No transcription found (empty audio)
2025-11-20 00:25:10,382 - VoiceAssistant - INFO - info:50 - No transcription found (empty audio)
2025-11-20 00:25:10,408 - VoiceAssistant - INFO - info:50 - No transcription found (empty audio)
2025-11-20 00:25:10,762 - VoiceAssistant - INFO - info:50 - Starting audio recording (waiting for sound...)
2025-11-20 00:25:10,815 - VoiceAssistant - INFO - info:50 - Starting audio recording (waiting for sound...)
2025-11-20 00:25:10,890 - VoiceAssistant - INFO - info:50 - Starting audio recording (waiting for sound...)
2025-11-20 00:25:11,094 - VoiceAssistant - INFO - info:50 - Successfully pasted: 'Oh.'
2025-11-20 00:25:11,209 - VoiceAssistant - INFO - info:50 - Starting audio recording (waiting for sound...)
2025-11-20 00:25:15,777 - VoiceAssistant - WARNING - warning:54 - Max silence timeout reached during wait phase
2025-11-20 00:25:15,828 - VoiceAssistant - WARNING - warning:54 - Max silence timeout reached during wait phase
2025-11-20 00:25:15,903 - VoiceAssistant - WARNING - warning:54 - Max silence timeout reached during wait phase
2025-11-20 00:25:16,025 - VoiceAssistant - INFO - info:50 - Starting audio recording (waiting for sound...)
2025-11-20 00:25:16,225 - VoiceAssistant - WARNING - warning:54 - Max silence timeout reached during wait phase
2025-11-20 00:25:16,230 - VoiceAssistant - INFO - info:50 - Starting audio recording (waiting for sound...)
2025-11-20 00:25:16,404 - VoiceAssistant - INFO - info:50 - Starting audio recording (waiting for sound...)
2025-11-20 00:25:16,531 - VoiceAssistant - INFO - info:50 - Starting audio recording (waiting for sound...)
2025-11-20 00:25:21,043 - VoiceAssistant - WARNING - warning:54 - Max silence timeout reached during wait phase
2025-11-20 00:25:21,243 - VoiceAssistant - WARNING - warning:54 - Max silence timeout reached during wait phase
2025-11-20 00:25:21,260 - VoiceAssistant - INFO - info:50 - Starting audio recording (waiting for sound...)
2025-11-20 00:25:21,417 - VoiceAssistant - WARNING - warning:54 - Max silence timeout reached during wait phase
2025-11-20 00:25:21,474 - VoiceAssistant - INFO - info:50 - Starting audio recording (waiting for sound...)
2025-11-20 00:25:21,546 - VoiceAssistant - WARNING - warning:54 - Max silence timeout reached during wait phase
2025-11-20 00:25:21,756 - VoiceAssistant - INFO - info:50 - Starting audio recording (waiting for sound...)
2025-11-20 00:25:21,842 - VoiceAssistant - INFO - info:50 - Starting audio recording (waiting for sound...)
2025-11-20 00:25:26,274 - VoiceAssistant - WARNING - warning:54 - Max silence timeout reached during wait phase
2025-11-20 00:25:26,487 - VoiceAssistant - INFO - info:50 - Starting audio recording (waiting for sound...)
2025-11-20 00:25:26,491 - VoiceAssistant - WARNING - warning:54 - Max silence timeout reached during wait phase
2025-11-20 00:25:26,711 - VoiceAssistant - INFO - info:50 - Starting audio recording (waiting for sound...)
2025-11-20 00:25:26,770 - VoiceAssistant - WARNING - warning:54 - Max silence timeout reached during wait phase
2025-11-20 00:25:26,859 - VoiceAssistant - WARNING - warning:54 - Max silence timeout reached during wait phase
2025-11-20 00:25:27,222 - VoiceAssistant - INFO - info:50 - Starting audio recording (waiting for sound...)
2025-11-20 00:25:27,303 - VoiceAssistant - INFO - info:50 - Starting audio recording (waiting for sound...)
2025-11-20 00:25:28,507 - VoiceAssistant - INFO - info:50 - Sound detected! Recording...
2025-11-20 00:25:28,507 - VoiceAssistant - INFO - info:50 - Sound detected! Recording...
2025-11-20 00:25:28,512 - VoiceAssistant - INFO - info:50 - Sound detected! Recording...
2025-11-20 00:25:28,521 - VoiceAssistant - INFO - info:50 - Sound detected! Recording...
2025-11-20 00:25:30,394 - VoiceAssistant - INFO - info:50 - Silence detected, stopping recording...
2025-11-20 00:25:30,395 - VoiceAssistant - INFO - info:50 - Saved audio: files/Artur Recordings/20251120_002526_389.wav (2.9s, 253996 bytes)
2025-11-20 00:25:30,399 - VoiceAssistant - INFO - info:50 - Silence detected, stopping recording...
2025-11-20 00:25:30,401 - VoiceAssistant - INFO - info:50 - Saved audio: files/Artur Recordings/20251120_002526_974.wav (2.9s, 253996 bytes)
2025-11-20 00:25:30,421 - VoiceAssistant - INFO - info:50 - Silence detected, stopping recording...
2025-11-20 00:25:30,422 - VoiceAssistant - INFO - info:50 - Saved audio: files/Artur Recordings/20251120_002526_885.wav (2.9s, 256044 bytes)
2025-11-20 00:25:30,427 - VoiceAssistant - INFO - info:50 - Silence detected, stopping recording...
2025-11-20 00:25:30,428 - VoiceAssistant - INFO - info:50 - Saved audio: files/Artur Recordings/20251120_002526_607.wav (2.9s, 256044 bytes)
2025-11-20 00:25:30,513 - VoiceAssistant - INFO - info:50 - Transcribing: files/Artur Recordings/20251120_002526_389.wav (2.9s)
2025-11-20 00:25:30,516 - VoiceAssistant - INFO - info:50 - Transcribing: files/Artur Recordings/20251120_002526_974.wav (2.9s)
2025-11-20 00:25:30,536 - VoiceAssistant - INFO - info:50 - Transcribing: files/Artur Recordings/20251120_002526_885.wav (2.9s)
2025-11-20 00:25:30,554 - VoiceAssistant - INFO - info:50 - Transcribing: files/Artur Recordings/20251120_002526_607.wav (2.9s)
2025-11-20 00:25:31,879 - VoiceAssistant - INFO - info:50 - Transcription complete: 'Hello, I want to treat.' (1.36s)
2025-11-20 00:25:31,880 - VoiceAssistant - INFO - info:50 - Saved transcription: files/Artur Recordings/20251120_002526_974.json
2025-11-20 00:25:31,880 - VoiceAssistant - INFO - info:50 - Text preprocessed: 'Hello, I want to treat.'
2025-11-20 00:25:31,888 - VoiceAssistant - INFO - info:50 - Transcription complete: 'Hello, I want to treat.' (1.35s)
2025-11-20 00:25:31,889 - VoiceAssistant - INFO - info:50 - Saved transcription: files/Artur Recordings/20251120_002526_885.json
2025-11-20 00:25:31,890 - VoiceAssistant - INFO - info:50 - Text preprocessed: 'Hello, I want to treat.'
2025-11-20 00:25:31,898 - VoiceAssistant - INFO - info:50 - Transcription complete: 'Hello, I want to treat.' (1.38s)
2025-11-20 00:25:31,899 - VoiceAssistant - INFO - info:50 - Saved transcription: files/Artur Recordings/20251120_002526_389.json
2025-11-20 00:25:31,899 - VoiceAssistant - INFO - info:50 - Text preprocessed: 'Hello, I want to treat.'
2025-11-20 00:25:31,905 - VoiceAssistant - INFO - info:50 - Transcription complete: 'Hello, I want to treat.' (1.35s)
2025-11-20 00:25:31,906 - VoiceAssistant - INFO - info:50 - Saved transcription: files/Artur Recordings/20251120_002526_607.json
2025-11-20 00:25:31,906 - VoiceAssistant - INFO - info:50 - Text preprocessed: 'Hello, I want to treat.'
2025-11-20 00:25:32,655 - VoiceAssistant - INFO - info:50 - Successfully pasted: 'Hello, I want to treat.'
2025-11-20 00:25:32,663 - VoiceAssistant - INFO - info:50 - Successfully pasted: 'Hello, I want to treat.'
2025-11-20 00:25:32,674 - VoiceAssistant - INFO - info:50 - Successfully pasted: 'Hello, I want to treat.'
2025-11-20 00:25:32,679 - VoiceAssistant - INFO - info:50 - Successfully pasted: 'Hello, I want to treat.'
2025-11-20 00:25:33,073 - VoiceAssistant - INFO - info:50 - Starting audio recording (waiting for sound...)
2025-11-20 00:25:33,125 - VoiceAssistant - INFO - info:50 - Starting audio recording (waiting for sound...)
2025-11-20 00:25:33,175 - VoiceAssistant - INFO - info:50 - Starting audio recording (waiting for sound...)
2025-11-20 00:25:33,203 - VoiceAssistant - INFO - info:50 - Starting audio recording (waiting for sound...)
2025-11-20 00:25:38,087 - VoiceAssistant - WARNING - warning:54 - Max silence timeout reached during wait phase
2025-11-20 00:25:38,143 - VoiceAssistant - WARNING - warning:54 - Max silence timeout reached during wait phase
2025-11-20 00:25:38,188 - VoiceAssistant - WARNING - warning:54 - Max silence timeout reached during wait phase
2025-11-20 00:25:38,220 - VoiceAssistant - WARNING - warning:54 - Max silence timeout reached during wait phase
2025-11-20 00:25:38,438 - VoiceAssistant - INFO - info:50 - Starting audio recording (waiting for sound...)
2025-11-20 00:25:38,618 - VoiceAssistant - INFO - info:50 - Starting audio recording (waiting for sound...)
2025-11-20 00:25:38,679 - VoiceAssistant - INFO - info:50 - Starting audio recording (waiting for sound...)
2025-11-20 00:25:38,700 - VoiceAssistant - INFO - info:50 - Starting audio recording (waiting for sound...)
2025-11-20 00:25:42,285 - VoiceAssistant - INFO - info:50 - Sound detected! Recording...
2025-11-20 00:25:42,285 - VoiceAssistant - INFO - info:50 - Sound detected! Recording...
2025-11-20 00:25:42,301 - VoiceAssistant - INFO - info:50 - Sound detected! Recording...
2025-11-20 00:25:42,312 - VoiceAssistant - INFO - info:50 - Sound detected! Recording...
2025-11-20 00:25:44,159 - VoiceAssistant - INFO - info:50 - Silence detected, stopping recording...
2025-11-20 00:25:44,160 - VoiceAssistant - INFO - info:50 - Saved audio: files/Artur Recordings/20251120_002538_203.wav (2.9s, 251948 bytes)
2025-11-20 00:25:44,163 - VoiceAssistant - INFO - info:50 - Silence detected, stopping recording...
2025-11-20 00:25:44,164 - VoiceAssistant - INFO - info:50 - Silence detected, stopping recording...
2025-11-20 00:25:44,165 - VoiceAssistant - INFO - info:50 - Saved audio: files/Artur Recordings/20251120_002538_303.wav (2.9s, 253996 bytes)
2025-11-20 00:25:44,166 - VoiceAssistant - INFO - info:50 - Saved audio: files/Artur Recordings/20251120_002538_334.wav (2.9s, 253996 bytes)
2025-11-20 00:25:44,185 - VoiceAssistant - INFO - info:50 - Silence detected, stopping recording...
2025-11-20 00:25:44,186 - VoiceAssistant - INFO - info:50 - Saved audio: files/Artur Recordings/20251120_002538_258.wav (2.9s, 253996 bytes)
2025-11-20 00:25:44,276 - VoiceAssistant - INFO - info:50 - Transcribing: files/Artur Recordings/20251120_002538_203.wav (2.9s)
2025-11-20 00:25:44,282 - VoiceAssistant - INFO - info:50 - Transcribing: files/Artur Recordings/20251120_002538_334.wav (2.9s)
2025-11-20 00:25:44,282 - VoiceAssistant - INFO - info:50 - Transcribing: files/Artur Recordings/20251120_002538_303.wav (2.9s)
2025-11-20 00:25:44,300 - VoiceAssistant - INFO - info:50 - Transcribing: files/Artur Recordings/20251120_002538_258.wav (2.9s)
2025-11-20 00:25:45,607 - VoiceAssistant - INFO - info:50 - Transcription complete: 'Hello one two three' (1.32s)
2025-11-20 00:25:45,607 - VoiceAssistant - INFO - info:50 - Transcription complete: 'Hello one two three' (1.33s)
2025-11-20 00:25:45,608 - VoiceAssistant - INFO - info:50 - Saved transcription: files/Artur Recordings/20251120_002538_203.json
2025-11-20 00:25:45,608 - VoiceAssistant - INFO - info:50 - Saved transcription: files/Artur Recordings/20251120_002538_334.json
2025-11-20 00:25:45,608 - VoiceAssistant - INFO - info:50 - Text preprocessed: 'Hello one two three.'
2025-11-20 00:25:45,608 - VoiceAssistant - INFO - info:50 - Text preprocessed: 'Hello one two three.'
2025-11-20 00:25:45,610 - VoiceAssistant - INFO - info:50 - Transcription complete: 'Hello one two three' (1.33s)
2025-11-20 00:25:45,611 - VoiceAssistant - INFO - info:50 - Saved transcription: files/Artur Recordings/20251120_002538_303.json
2025-11-20 00:25:45,611 - VoiceAssistant - INFO - info:50 - Text preprocessed: 'Hello one two three.'
2025-11-20 00:25:45,626 - VoiceAssistant - INFO - info:50 - Transcription complete: 'Hello one two three' (1.33s)
2025-11-20 00:25:45,627 - VoiceAssistant - INFO - info:50 - Saved transcription: files/Artur Recordings/20251120_002538_258.json
2025-11-20 00:25:45,627 - VoiceAssistant - INFO - info:50 - Text preprocessed: 'Hello one two three.'
2025-11-20 00:25:46,381 - VoiceAssistant - INFO - info:50 - Successfully pasted: 'Hello one two three.'
2025-11-20 00:25:46,382 - VoiceAssistant - INFO - info:50 - Successfully pasted: 'Hello one two three.'
2025-11-20 00:25:46,389 - VoiceAssistant - INFO - info:50 - Successfully pasted: 'Hello one two three.'
2025-11-20 00:25:46,400 - VoiceAssistant - INFO - info:50 - Successfully pasted: 'Hello one two three.'
2025-11-20 00:25:46,746 - VoiceAssistant - INFO - info:50 - Starting audio recording (waiting for sound...)
2025-11-20 00:25:46,786 - VoiceAssistant - INFO - info:50 - Starting audio recording (waiting for sound...)
2025-11-20 00:25:46,808 - VoiceAssistant - INFO - info:50 - Starting audio recording (waiting for sound...)
2025-11-20 00:25:46,851 - VoiceAssistant - INFO - info:50 - Starting audio recording (waiting for sound...)
2025-11-20 00:25:49,072 - VoiceAssistant - INFO - info:50 - Sound detected! Recording...
2025-11-20 00:25:49,072 - VoiceAssistant - INFO - info:50 - Sound detected! Recording...
2025-11-20 00:25:49,072 - VoiceAssistant - INFO - info:50 - Sound detected! Recording...
2025-11-20 00:25:49,072 - VoiceAssistant - INFO - info:50 - Sound detected! Recording...
2025-11-20 00:25:50,177 - VoiceAssistant - INFO - info:50 - Silence detected, stopping recording...
2025-11-20 00:25:50,178 - VoiceAssistant - INFO - info:50 - Saved audio: files/Artur Recordings/20251120_002546_382.wav (2.1s, 186412 bytes)
2025-11-20 00:25:50,183 - VoiceAssistant - INFO - info:50 - Silence detected, stopping recording...
2025-11-20 00:25:50,183 - VoiceAssistant - INFO - info:50 - Silence detected, stopping recording...
2025-11-20 00:25:50,184 - VoiceAssistant - INFO - info:50 - Saved audio: files/Artur Recordings/20251120_002546_400.wav (2.1s, 186412 bytes)
2025-11-20 00:25:50,184 - VoiceAssistant - INFO - info:50 - Saved audio: files/Artur Recordings/20251120_002546_389.wav (2.1s, 186412 bytes)
2025-11-20 00:25:50,204 - VoiceAssistant - INFO - info:50 - Silence detected, stopping recording...
2025-11-20 00:25:50,205 - VoiceAssistant - INFO - info:50 - Saved audio: files/Artur Recordings/20251120_002546_382.wav (2.1s, 186412 bytes)
2025-11-20 00:25:50,293 - VoiceAssistant - INFO - info:50 - Transcribing: files/Artur Recordings/20251120_002546_382.wav (2.1s)
2025-11-20 00:25:50,302 - VoiceAssistant - INFO - info:50 - Transcribing: files/Artur Recordings/20251120_002546_400.wav (2.1s)
2025-11-20 00:25:50,302 - VoiceAssistant - INFO - info:50 - Transcribing: files/Artur Recordings/20251120_002546_389.wav (2.1s)
2025-11-20 00:25:50,331 - VoiceAssistant - INFO - info:50 - Transcribing: files/Artur Recordings/20251120_002546_382.wav (2.1s)
2025-11-20 00:25:51,829 - VoiceAssistant - INFO - info:50 - No transcription found (empty audio)
2025-11-20 00:25:51,834 - VoiceAssistant - INFO - info:50 - No transcription found (empty audio)
2025-11-20 00:25:51,842 - VoiceAssistant - INFO - info:50 - No transcription found (empty audio)
2025-11-20 00:25:51,849 - VoiceAssistant - INFO - info:50 - No transcription found (empty audio)
2025-11-20 00:25:52,258 - VoiceAssistant - INFO - info:50 - Starting audio recording (waiting for sound...)
2025-11-20 00:25:52,303 - VoiceAssistant - INFO - info:50 - Starting audio recording (waiting for sound...)
2025-11-20 00:25:52,331 - VoiceAssistant - INFO - info:50 - Starting audio recording (waiting for sound...)
2025-11-20 00:25:52,381 - VoiceAssistant - INFO - info:50 - Starting audio recording (waiting for sound...)
2025-11-20 00:25:52,922 - VoiceAssistant - INFO - info:50 - Sound detected! Recording...
2025-11-20 00:25:52,932 - VoiceAssistant - INFO - info:50 - Sound detected! Recording...
2025-11-20 00:25:52,938 - VoiceAssistant - INFO - info:50 - Sound detected! Recording...
2025-11-20 00:25:53,734 - VoiceAssistant - INFO - info:50 - Sound detected! Recording...
2025-11-20 00:25:55,053 - VoiceAssistant - INFO - info:50 - Silence detected, stopping recording...
2025-11-20 00:25:55,054 - VoiceAssistant - INFO - info:50 - Saved audio: files/Artur Recordings/20251120_002551_830.wav (2.8s, 245804 bytes)
2025-11-20 00:25:55,057 - VoiceAssistant - INFO - info:50 - Silence detected, stopping recording...
2025-11-20 00:25:55,059 - VoiceAssistant - INFO - info:50 - Saved audio: files/Artur Recordings/20251120_002551_834.wav (2.3s, 204844 bytes)
2025-11-20 00:25:55,064 - VoiceAssistant - INFO - info:50 - Silence detected, stopping recording...
2025-11-20 00:25:55,067 - VoiceAssistant - INFO - info:50 - Saved audio: files/Artur Recordings/20251120_002551_843.wav (2.7s, 239660 bytes)
2025-11-20 00:25:55,069 - VoiceAssistant - INFO - info:50 - Silence detected, stopping recording...
2025-11-20 00:25:55,071 - VoiceAssistant - INFO - info:50 - Saved audio: files/Artur Recordings/20251120_002551_849.wav (2.7s, 235564 bytes)
2025-11-20 00:25:55,170 - VoiceAssistant - INFO - info:50 - Transcribing: files/Artur Recordings/20251120_002551_830.wav (2.8s)
2025-11-20 00:25:55,176 - VoiceAssistant - INFO - info:50 - Transcribing: files/Artur Recordings/20251120_002551_834.wav (2.3s)
2025-11-20 00:25:55,181 - VoiceAssistant - INFO - info:50 - Transcribing: files/Artur Recordings/20251120_002551_843.wav (2.7s)
2025-11-20 00:25:55,187 - VoiceAssistant - INFO - info:50 - Transcribing: files/Artur Recordings/20251120_002551_849.wav (2.7s)
2025-11-20 00:25:56,425 - VoiceAssistant - INFO - info:50 - No transcription found (empty audio)
2025-11-20 00:25:56,429 - VoiceAssistant - INFO - info:50 - No transcription found (empty audio)
2025-11-20 00:25:56,453 - VoiceAssistant - INFO - info:50 - No transcription found (empty audio)
2025-11-20 00:25:56,467 - VoiceAssistant - INFO - info:50 - No transcription found (empty audio)
2025-11-20 00:25:57,022 - VoiceAssistant - INFO - info:50 - Starting audio recording (waiting for sound...)
2025-11-20 00:25:57,023 - VoiceAssistant - INFO - info:50 - Starting audio recording (waiting for sound...)
2025-11-20 00:25:57,023 - VoiceAssistant - INFO - info:50 - Starting audio recording (waiting for sound...)
2025-11-20 00:25:57,023 - VoiceAssistant - INFO - info:50 - Starting audio recording (waiting for sound...)
2025-11-20 00:25:57,515 - VoiceAssistant - INFO - info:50 - Sound detected! Recording...
2025-11-20 00:25:57,515 - VoiceAssistant - INFO - info:50 - Sound detected! Recording...
2025-11-20 00:25:57,515 - VoiceAssistant - INFO - info:50 - Sound detected! Recording...
2025-11-20 00:25:57,516 - VoiceAssistant - INFO - info:50 - Sound detected! Recording...
2025-11-20 00:25:58,729 - VoiceAssistant - INFO - info:50 - Silence detected, stopping recording...
2025-11-20 00:25:58,729 - VoiceAssistant - INFO - info:50 - Silence detected, stopping recording...
2025-11-20 00:25:58,730 - VoiceAssistant - INFO - info:50 - Saved audio: files/Artur Recordings/20251120_002556_425.wav (1.7s, 149548 bytes)
2025-11-20 00:25:58,730 - VoiceAssistant - INFO - info:50 - Saved audio: files/Artur Recordings/20251120_002556_454.wav (1.7s, 149548 bytes)
2025-11-20 00:25:58,731 - VoiceAssistant - INFO - info:50 - Silence detected, stopping recording...
2025-11-20 00:25:58,732 - VoiceAssistant - INFO - info:50 - Silence detected, stopping recording...
2025-11-20 00:25:58,733 - VoiceAssistant - INFO - info:50 - Saved audio: files/Artur Recordings/20251120_002556_429.wav (1.7s, 149548 bytes)
2025-11-20 00:25:58,733 - VoiceAssistant - INFO - info:50 - Saved audio: files/Artur Recordings/20251120_002556_467.wav (1.7s, 149548 bytes)
2025-11-20 00:25:58,847 - VoiceAssistant - INFO - info:50 - Transcribing: files/Artur Recordings/20251120_002556_454.wav (1.7s)
2025-11-20 00:25:58,847 - VoiceAssistant - INFO - info:50 - Transcribing: files/Artur Recordings/20251120_002556_425.wav (1.7s)
2025-11-20 00:25:58,849 - VoiceAssistant - INFO - info:50 - Transcribing: files/Artur Recordings/20251120_002556_429.wav (1.7s)
2025-11-20 00:25:58,849 - VoiceAssistant - INFO - info:50 - Transcribing: files/Artur Recordings/20251120_002556_467.wav (1.7s)
2025-11-20 00:26:00,228 - VoiceAssistant - INFO - info:50 - No transcription found (empty audio)
2025-11-20 00:26:00,241 - VoiceAssistant - INFO - info:50 - No transcription found (empty audio)
2025-11-20 00:26:00,243 - VoiceAssistant - INFO - info:50 - No transcription found (empty audio)
2025-11-20 00:26:00,248 - VoiceAssistant - INFO - info:50 - No transcription found (empty audio)
2025-11-20 00:26:00,657 - VoiceAssistant - INFO - info:50 - Starting audio recording (waiting for sound...)
2025-11-20 00:26:00,703 - VoiceAssistant - INFO - info:50 - Starting audio recording (waiting for sound...)
2025-11-20 00:26:00,725 - VoiceAssistant - INFO - info:50 - Starting audio recording (waiting for sound...)
2025-11-20 00:26:00,745 - VoiceAssistant - INFO - info:50 - Starting audio recording (waiting for sound...)
2025-11-20 00:26:01,515 - VoiceAssistant - INFO - info:50 - Sound detected! Recording...
2025-11-20 00:26:01,532 - VoiceAssistant - INFO - info:50 - Sound detected! Recording...
2025-11-20 00:26:01,538 - VoiceAssistant - INFO - info:50 - Sound detected! Recording...
2025-11-20 00:26:01,538 - VoiceAssistant - INFO - info:50 - Sound detected! Recording...
2025-11-20 00:26:02,535 - VoiceAssistant - INFO - info:50 - Silence detected, stopping recording...
2025-11-20 00:26:02,537 - VoiceAssistant - INFO - info:50 - Saved audio: files/Artur Recordings/20251120_002600_248.wav (1.8s, 157740 bytes)
2025-11-20 00:26:02,541 - VoiceAssistant - INFO - info:50 - Silence detected, stopping recording...
2025-11-20 00:26:02,542 - VoiceAssistant - INFO - info:50 - Saved audio: files/Artur Recordings/20251120_002600_243.wav (1.8s, 159788 bytes)
2025-11-20 00:26:02,558 - VoiceAssistant - INFO - info:50 - Silence detected, stopping recording...
2025-11-20 00:26:02,559 - VoiceAssistant - INFO - info:50 - Saved audio: files/Artur Recordings/20251120_002600_228.wav (1.9s, 165932 bytes)
2025-11-20 00:26:02,562 - VoiceAssistant - INFO - info:50 - Silence detected, stopping recording...
2025-11-20 00:26:02,563 - VoiceAssistant - INFO - info:50 - Saved audio: files/Artur Recordings/20251120_002600_241.wav (1.8s, 161836 bytes)
2025-11-20 00:26:02,653 - VoiceAssistant - INFO - info:50 - Transcribing: files/Artur Recordings/20251120_002600_248.wav (1.8s)
2025-11-20 00:26:02,656 - VoiceAssistant - INFO - info:50 - Transcribing: files/Artur Recordings/20251120_002600_243.wav (1.8s)
2025-11-20 00:26:02,674 - VoiceAssistant - INFO - info:50 - Transcribing: files/Artur Recordings/20251120_002600_228.wav (1.9s)
2025-11-20 00:26:02,690 - VoiceAssistant - INFO - info:50 - Transcribing: files/Artur Recordings/20251120_002600_241.wav (1.8s)
2025-11-20 00:26:04,541 - VoiceAssistant - INFO - info:50 - No transcription found (empty audio)
2025-11-20 00:26:04,552 - VoiceAssistant - INFO - info:50 - No transcription found (empty audio)
2025-11-20 00:26:04,558 - VoiceAssistant - INFO - info:50 - No transcription found (empty audio)
2025-11-20 00:26:04,575 - VoiceAssistant - INFO - info:50 - No transcription found (empty audio)
2025-11-20 00:26:04,954 - VoiceAssistant - INFO - info:50 - Starting audio recording (waiting for sound...)
2025-11-20 00:26:05,018 - VoiceAssistant - INFO - info:50 - Starting audio recording (waiting for sound...)
2025-11-20 00:26:05,062 - VoiceAssistant - INFO - info:50 - Starting audio recording (waiting for sound...)
2025-11-20 00:26:05,083 - VoiceAssistant - INFO - info:50 - Starting audio recording (waiting for sound...)
2025-11-20 00:26:05,170 - VoiceAssistant - INFO - info:50 - Sound detected! Recording...
2025-11-20 00:26:05,170 - VoiceAssistant - INFO - info:50 - Sound detected! Recording...
2025-11-20 00:26:05,171 - VoiceAssistant - INFO - info:50 - Sound detected! Recording...
2025-11-20 00:26:05,171 - VoiceAssistant - INFO - info:50 - Sound detected! Recording...
2025-11-20 00:26:07,774 - VoiceAssistant - INFO - info:50 - Silence detected, stopping recording...
2025-11-20 00:26:07,774 - VoiceAssistant - INFO - info:50 - Silence detected, stopping recording...
2025-11-20 00:26:07,775 - VoiceAssistant - INFO - info:50 - Saved audio: files/Artur Recordings/20251120_002604_575.wav (2.7s, 235564 bytes)
2025-11-20 00:26:07,777 - VoiceAssistant - INFO - info:50 - Saved audio: files/Artur Recordings/20251120_002604_559.wav (2.7s, 237612 bytes)
2025-11-20 00:26:07,790 - VoiceAssistant - INFO - info:50 - Silence detected, stopping recording...
2025-11-20 00:26:07,790 - VoiceAssistant - INFO - info:50 - Silence detected, stopping recording...
2025-11-20 00:26:07,791 - VoiceAssistant - INFO - info:50 - Saved audio: files/Artur Recordings/20251120_002604_553.wav (2.8s, 243756 bytes)
2025-11-20 00:26:07,791 - VoiceAssistant - INFO - info:50 - Saved audio: files/Artur Recordings/20251120_002604_541.wav (2.8s, 249900 bytes)
2025-11-20 00:26:07,891 - VoiceAssistant - INFO - info:50 - Transcribing: files/Artur Recordings/20251120_002604_575.wav (2.7s)
2025-11-20 00:26:07,893 - VoiceAssistant - INFO - info:50 - Transcribing: files/Artur Recordings/20251120_002604_559.wav (2.7s)
2025-11-20 00:26:07,922 - VoiceAssistant - INFO - info:50 - Transcribing: files/Artur Recordings/20251120_002604_541.wav (2.8s)
2025-11-20 00:26:07,922 - VoiceAssistant - INFO - info:50 - Transcribing: files/Artur Recordings/20251120_002604_553.wav (2.7s)
2025-11-20 00:26:09,614 - VoiceAssistant - INFO - info:50 - No transcription found (empty audio)
2025-11-20 00:26:09,642 - VoiceAssistant - INFO - info:50 - No transcription found (empty audio)
2025-11-20 00:26:09,645 - VoiceAssistant - INFO - info:50 - No transcription found (empty audio)
2025-11-20 00:26:09,653 - VoiceAssistant - INFO - info:50 - No transcription found (empty audio)
2025-11-20 00:26:10,019 - VoiceAssistant - INFO - info:50 - Starting audio recording (waiting for sound...)
2025-11-20 00:26:10,098 - VoiceAssistant - INFO - info:50 - Starting audio recording (waiting for sound...)
2025-11-20 00:26:10,122 - VoiceAssistant - INFO - info:50 - Starting audio recording (waiting for sound...)
2025-11-20 00:26:10,163 - VoiceAssistant - INFO - info:50 - Starting audio recording (waiting for sound...)
2025-11-20 00:26:13,791 - VoiceAssistant - INFO - info:50 - Sound detected! Recording...
2025-11-20 00:26:13,797 - VoiceAssistant - INFO - info:50 - Sound detected! Recording...
2025-11-20 00:26:13,814 - VoiceAssistant - INFO - info:50 - Sound detected! Recording...
2025-11-20 00:26:13,814 - VoiceAssistant - INFO - info:50 - Sound detected! Recording...
2025-11-20 00:26:14,795 - VoiceAssistant - INFO - info:50 - Silence detected, stopping recording...
2025-11-20 00:26:14,795 - VoiceAssistant - INFO - info:50 - Silence detected, stopping recording...
2025-11-20 00:26:14,797 - VoiceAssistant - INFO - info:50 - Saved audio: files/Artur Recordings/20251120_002609_642.wav (2.0s, 176172 bytes)
2025-11-20 00:26:14,798 - VoiceAssistant - INFO - info:50 - Saved audio: files/Artur Recordings/20251120_002609_645.wav (2.0s, 176172 bytes)
2025-11-20 00:26:14,817 - VoiceAssistant - INFO - info:50 - Silence detected, stopping recording...
2025-11-20 00:26:14,818 - VoiceAssistant - INFO - info:50 - Saved audio: files/Artur Recordings/20251120_002609_653.wav (2.0s, 178220 bytes)
2025-11-20 00:26:14,819 - VoiceAssistant - INFO - info:50 - Silence detected, stopping recording...
2025-11-20 00:26:14,820 - VoiceAssistant - INFO - info:50 - Saved audio: files/Artur Recordings/20251120_002609_614.wav (2.0s, 178220 bytes)
2025-11-20 00:26:14,914 - VoiceAssistant - INFO - info:50 - Transcribing: files/Artur Recordings/20251120_002609_645.wav (2.0s)
2025-11-20 00:26:14,914 - VoiceAssistant - INFO - info:50 - Transcribing: files/Artur Recordings/20251120_002609_642.wav (2.0s)
2025-11-20 00:26:14,935 - VoiceAssistant - INFO - info:50 - Transcribing: files/Artur Recordings/20251120_002609_653.wav (2.0s)
2025-11-20 00:26:14,947 - VoiceAssistant - INFO - info:50 - Transcribing: files/Artur Recordings/20251120_002609_614.wav (2.0s)
2025-11-20 00:26:16,614 - VoiceAssistant - INFO - info:50 - No transcription found (empty audio)
2025-11-20 00:26:16,618 - VoiceAssistant - INFO - info:50 - No transcription found (empty audio)
2025-11-20 00:26:16,622 - VoiceAssistant - INFO - info:50 - No transcription found (empty audio)
2025-11-20 00:26:16,625 - VoiceAssistant - INFO - info:50 - No transcription found (empty audio)
2025-11-20 00:26:17,030 - VoiceAssistant - INFO - info:50 - Starting audio recording (waiting for sound...)
2025-11-20 00:26:17,054 - VoiceAssistant - INFO - info:50 - Starting audio recording (waiting for sound...)
2025-11-20 00:26:17,081 - VoiceAssistant - INFO - info:50 - Starting audio recording (waiting for sound...)
2025-11-20 00:26:17,103 - VoiceAssistant - INFO - info:50 - Starting audio recording (waiting for sound...)
2025-11-20 00:26:20,551 - VoiceAssistant - INFO - info:50 - Sound detected! Recording...
2025-11-20 00:26:20,556 - VoiceAssistant - INFO - info:50 - Sound detected! Recording...
2025-11-20 00:26:20,556 - VoiceAssistant - INFO - info:50 - Sound detected! Recording...
2025-11-20 00:26:20,561 - VoiceAssistant - INFO - info:50 - Sound detected! Recording...
2025-11-20 00:26:21,543 - VoiceAssistant - INFO - info:50 - Silence detected, stopping recording...
2025-11-20 00:26:21,544 - VoiceAssistant - INFO - info:50 - Saved audio: files/Artur Recordings/20251120_002616_625.wav (2.0s, 176172 bytes)
2025-11-20 00:26:21,556 - VoiceAssistant - INFO - info:50 - Silence detected, stopping recording...
2025-11-20 00:26:21,557 - VoiceAssistant - INFO - info:50 - Saved audio: files/Artur Recordings/20251120_002616_614.wav (2.0s, 176172 bytes)
2025-11-20 00:26:21,558 - VoiceAssistant - INFO - info:50 - Silence detected, stopping recording...
2025-11-20 00:26:21,559 - VoiceAssistant - INFO - info:50 - Saved audio: files/Artur Recordings/20251120_002616_619.wav (2.0s, 176172 bytes)
2025-11-20 00:26:21,562 - VoiceAssistant - INFO - info:50 - Silence detected, stopping recording...
2025-11-20 00:26:21,564 - VoiceAssistant - INFO - info:50 - Saved audio: files/Artur Recordings/20251120_002616_622.wav (2.0s, 176172 bytes)
2025-11-20 00:26:21,660 - VoiceAssistant - INFO - info:50 - Transcribing: files/Artur Recordings/20251120_002616_625.wav (2.0s)
2025-11-20 00:26:21,673 - VoiceAssistant - INFO - info:50 - Transcribing: files/Artur Recordings/20251120_002616_614.wav (2.0s)
2025-11-20 00:26:21,674 - VoiceAssistant - INFO - info:50 - Transcribing: files/Artur Recordings/20251120_002616_619.wav (2.0s)
2025-11-20 00:26:21,690 - VoiceAssistant - INFO - info:50 - Transcribing: files/Artur Recordings/20251120_002616_622.wav (2.0s)
2025-11-20 00:26:51,641 - VoiceAssistant - INFO - info:50 - Loading Whisper model: tiny (float32)
2025-11-20 00:26:53,134 - VoiceAssistant - INFO - info:50 - Whisper model loaded successfully
2025-11-20 00:26:53,408 - VoiceAssistant - INFO - info:50 - Starting audio recording (waiting for sound...)
2025-11-20 00:26:58,424 - VoiceAssistant - WARNING - warning:54 - Max silence timeout reached during wait phase
2025-11-20 00:26:58,662 - VoiceAssistant - INFO - info:50 - Starting audio recording (waiting for sound...)
2025-11-20 00:27:03,680 - VoiceAssistant - WARNING - warning:54 - Max silence timeout reached during wait phase
2025-11-20 00:27:03,896 - VoiceAssistant - INFO - info:50 - Starting audio recording (waiting for sound...)
2025-11-20 00:27:08,914 - VoiceAssistant - WARNING - warning:54 - Max silence timeout reached during wait phase
2025-11-20 00:27:09,139 - VoiceAssistant - INFO - info:50 - Starting audio recording (waiting for sound...)
2025-11-20 00:27:14,155 - VoiceAssistant - WARNING - warning:54 - Max silence timeout reached during wait phase
2025-11-20 00:27:14,370 - VoiceAssistant - INFO - info:50 - Starting audio recording (waiting for sound...)
2025-11-20 00:27:19,384 - VoiceAssistant - WARNING - warning:54 - Max silence timeout reached during wait phase
2025-11-20 00:27:19,603 - VoiceAssistant - INFO - info:50 - Starting audio recording (waiting for sound...)
2025-11-20 00:27:19,645 - VoiceAssistant - INFO - info:50 - Sound detected! Recording...
2025-11-20 00:27:21,714 - VoiceAssistant - INFO - info:50 - Silence detected, stopping recording...
2025-11-20 00:27:21,719 - VoiceAssistant - INFO - info:50 - Saved audio: files/Artur Recordings/20251120_002719_503.wav (2.1s, 184364 bytes)
2025-11-20 00:27:21,852 - VoiceAssistant - INFO - info:50 - Transcribing: files/Artur Recordings/20251120_002719_503.wav (2.1s)
2025-11-20 00:27:22,393 - VoiceAssistant - INFO - info:50 - Transcription complete: 'Hello one two three.' (0.54s)
2025-11-20 00:27:22,394 - VoiceAssistant - INFO - info:50 - Saved transcription: files/Artur Recordings/20251120_002719_503.json
2025-11-20 00:27:22,395 - VoiceAssistant - INFO - info:50 - Text preprocessed: 'Hello one two three.'
2025-11-20 00:27:23,250 - VoiceAssistant - INFO - info:50 - Successfully pasted: 'Hello one two three.'
2025-11-20 00:27:23,360 - VoiceAssistant - INFO - info:50 - Starting audio recording (waiting for sound...)
2025-11-20 00:27:28,377 - VoiceAssistant - WARNING - warning:54 - Max silence timeout reached during wait phase
2025-11-20 00:27:28,584 - VoiceAssistant - INFO - info:50 - Starting audio recording (waiting for sound...)
2025-11-20 00:27:33,599 - VoiceAssistant - WARNING - warning:54 - Max silence timeout reached during wait phase
2025-11-20 00:27:33,803 - VoiceAssistant - INFO - info:50 - Starting audio recording (waiting for sound...)
2025-11-20 00:27:38,819 - VoiceAssistant - WARNING - warning:54 - Max silence timeout reached during wait phase
2025-11-20 00:27:39,037 - VoiceAssistant - INFO - info:50 - Starting audio recording (waiting for sound...)
2025-11-20 00:27:41,366 - VoiceAssistant - INFO - info:50 - Sound detected! Recording...
2025-11-20 00:27:42,474 - VoiceAssistant - INFO - info:50 - Silence detected, stopping recording...
2025-11-20 00:27:42,475 - VoiceAssistant - INFO - info:50 - Saved audio: files/Artur Recordings/20251120_002738_932.wav (2.1s, 184364 bytes)
2025-11-20 00:27:42,591 - VoiceAssistant - INFO - info:50 - Transcribing: files/Artur Recordings/20251120_002738_932.wav (2.1s)
2025-11-20 00:27:42,971 - VoiceAssistant - INFO - info:50 - No transcription found (empty audio)
2025-11-20 00:27:43,067 - VoiceAssistant - INFO - info:50 - Starting audio recording (waiting for sound...)
2025-11-20 00:27:44,200 - VoiceAssistant - INFO - info:50 - Sound detected! Recording...
2025-11-20 00:27:50,726 - VoiceAssistant - INFO - info:50 - Silence detected, stopping recording...
2025-11-20 00:27:50,727 - VoiceAssistant - INFO - info:50 - Saved audio: files/Artur Recordings/20251120_002742_971.wav (7.5s, 663596 bytes)
2025-11-20 00:27:50,854 - VoiceAssistant - INFO - info:50 - Transcribing: files/Artur Recordings/20251120_002742_971.wav (7.5s)
2025-11-20 00:27:51,309 - VoiceAssistant - INFO - info:50 - Transcription complete: 'Look at this, not all the ones are starting with the time.' (0.46s)
2025-11-20 00:27:51,310 - VoiceAssistant - INFO - info:50 - Saved transcription: files/Artur Recordings/20251120_002742_971.json
2025-11-20 00:27:51,311 - VoiceAssistant - INFO - info:50 - Text preprocessed: 'Look at this, not all the ones are starting with the time.'
2025-11-20 00:27:52,091 - VoiceAssistant - INFO - info:50 - Successfully pasted: 'Look at this, not all the ones are starting with the time.'
2025-11-20 00:27:52,212 - VoiceAssistant - INFO - info:50 - Starting audio recording (waiting for sound...)
2025-11-20 00:27:57,226 - VoiceAssistant - WARNING - warning:54 - Max silence timeout reached during wait phase
2025-11-20 00:27:57,431 - VoiceAssistant - INFO - info:50 - Starting audio recording (waiting for sound...)
2025-11-20 00:28:00,826 - VoiceAssistant - INFO - info:50 - Sound detected! Recording...
2025-11-20 00:28:01,591 - VoiceAssistant - INFO - info:50 - Recording interrupted by user
2025-11-20 00:28:01,794 - VoiceAssistant - INFO - info:50 - Starting audio recording (waiting for sound...)
2025-11-20 00:30:25,870 - VoiceAssistant - WARNING - warning:54 - Max silence timeout reached during wait phase
2025-11-20 00:30:28,549 - VoiceAssistant - INFO - info:50 - Transcription complete: 'one two three' (0.47s)
2025-11-20 00:30:28,550 - VoiceAssistant - INFO - info:50 - Saved transcription: files/Artur Recordings/20251120_003025_988.json
2025-11-20 00:30:28,551 - VoiceAssistant - INFO - info:50 - Text preprocessed: 'One two three.'
2025-11-20 00:30:29,402 - VoiceAssistant - INFO - info:50 - Successfully pasted: 'One two three.'
2025-11-20 00:30:34,509 - VoiceAssistant - WARNING - warning:54 - Max silence timeout reached during wait phase
2025-11-20 00:30:41,343 - VoiceAssistant - INFO - info:50 - Transcription complete: '1, 2, 3.' (0.75s)
2025-11-20 00:30:41,343 - VoiceAssistant - INFO - info:50 - Saved transcription: files/Artur Recordings/20251120_003034_625.json
2025-11-20 00:30:41,344 - VoiceAssistant - INFO - info:50 - Text preprocessed: '1, 2, 3.'
2025-11-20 00:30:42,119 - VoiceAssistant - INFO - info:50 - Successfully pasted: '1, 2, 3.'
2025-11-20 00:30:47,258 - VoiceAssistant - WARNING - warning:54 - Max silence timeout reached during wait phase
2025-11-20 00:30:52,530 - VoiceAssistant - WARNING - warning:54 - Max silence timeout reached during wait phase
2025-11-20 00:31:03,168 - VoiceAssistant - WARNING - warning:54 - Max silence timeout reached during wait phase
2025-11-20 00:31:08,433 - VoiceAssistant - WARNING - warning:54 - Max silence timeout reached during wait phase
2025-11-20 00:31:13,908 - VoiceAssistant - WARNING - warning:54 - Max silence timeout reached during wait phase
2025-11-20 00:31:22,840 - VoiceAssistant - WARNING - warning:54 - Max silence timeout reached during wait phase
2025-11-20 00:31:35,559 - VoiceAssistant - INFO - info:50 - Transcription complete: 'Look at the text marked, there is still some logging without the proper format.' (1.03s)
2025-11-20 00:31:35,559 - VoiceAssistant - INFO - info:50 - Saved transcription: files/Artur Recordings/20251120_003122_955.json
2025-11-20 00:31:35,560 - VoiceAssistant - INFO - info:50 - Text preprocessed: 'Look at the text marked, there is still some logging without the proper format.'
2025-11-20 00:31:36,348 - VoiceAssistant - INFO - info:50 - Successfully pasted: 'Look at the text marked, there is still some logging without the proper format.'
2025-11-20 00:31:41,714 - VoiceAssistant - WARNING - warning:54 - Max silence timeout reached during wait phase
2025-11-20 00:31:47,197 - VoiceAssistant - WARNING - warning:54 - Max silence timeout reached during wait phase
2025-11-20 00:31:52,665 - VoiceAssistant - WARNING - warning:54 - Max silence timeout reached during wait phase
2025-11-20 00:31:58,138 - VoiceAssistant - WARNING - warning:54 - Max silence timeout reached during wait phase
2025-11-20 00:32:03,601 - VoiceAssistant - WARNING - warning:54 - Max silence timeout reached during wait phase
2025-11-20 00:32:09,091 - VoiceAssistant - WARNING - warning:54 - Max silence timeout reached during wait phase
2025-11-20 00:32:21,442 - VoiceAssistant - INFO - info:50 - Transcription complete: 'can you run down with the multiple agents so we can speed up the time?' (0.48s)
2025-11-20 00:32:21,443 - VoiceAssistant - INFO - info:50 - Saved transcription: files/Artur Recordings/20251120_003213_692.json
2025-11-20 00:32:21,443 - VoiceAssistant - INFO - info:50 - Text preprocessed: 'Can you run down with the multiple agents so we can speed up the time?'
2025-11-20 00:32:22,229 - VoiceAssistant - INFO - info:50 - Successfully pasted: 'Can you run down with the multiple agents so we can speed up the time?'
2025-11-20 00:32:29,752 - VoiceAssistant - WARNING - warning:54 - Max silence timeout reached during wait phase
2025-11-20 00:32:34,977 - VoiceAssistant - WARNING - warning:54 - Max silence timeout reached during wait phase
2025-11-20 00:32:40,211 - VoiceAssistant - WARNING - warning:54 - Max silence timeout reached during wait phase
2025-11-20 00:32:45,681 - VoiceAssistant - WARNING - warning:54 - Max silence timeout reached during wait phase
2025-11-20 00:32:51,168 - VoiceAssistant - WARNING - warning:54 - Max silence timeout reached during wait phase
2025-11-20 00:32:56,633 - VoiceAssistant - WARNING - warning:54 - Max silence timeout reached during wait phase
2025-11-20 00:33:02,103 - VoiceAssistant - WARNING - warning:54 - Max silence timeout reached during wait phase
2025-11-20 00:33:07,580 - VoiceAssistant - WARNING - warning:54 - Max silence timeout reached during wait phase
2025-11-20 00:33:13,063 - VoiceAssistant - WARNING - warning:54 - Max silence timeout reached during wait phase
2025-11-20 00:33:18,542 - VoiceAssistant - WARNING - warning:54 - Max silence timeout reached during wait phase
2025-11-20 00:33:27,837 - VoiceAssistant - WARNING - warning:54 - Max silence timeout reached during wait phase
2025-11-20 00:33:33,073 - VoiceAssistant - WARNING - warning:54 - Max silence timeout reached during wait phase
2025-11-20 00:33:38,295 - VoiceAssistant - WARNING - warning:54 - Max silence timeout reached during wait phase
2025-11-20 00:33:43,548 - VoiceAssistant - WARNING - warning:54 - Max silence timeout reached during wait phase
2025-11-20 00:33:49,550 - VoiceAssistant - INFO - info:50 - Transcription complete: 'You' (2.98s)
2025-11-20 00:33:49,551 - VoiceAssistant - INFO - info:50 - Saved transcription: files/Artur Recordings/20251120_003343_674.json
2025-11-20 00:33:49,551 - VoiceAssistant - INFO - info:50 - Text preprocessed: 'You.'
2025-11-20 00:33:50,322 - VoiceAssistant - INFO - info:50 - Successfully pasted: 'You.'
2025-11-20 00:33:55,436 - VoiceAssistant - WARNING - warning:54 - Max silence timeout reached during wait phase
2025-11-20 00:34:00,665 - VoiceAssistant - WARNING - warning:54 - Max silence timeout reached during wait phase
2025-11-20 00:34:05,907 - VoiceAssistant - WARNING - warning:54 - Max silence timeout reached during wait phase
2025-11-20 00:34:11,141 - VoiceAssistant - WARNING - warning:54 - Max silence timeout reached during wait phase
2025-11-20 00:34:16,372 - VoiceAssistant - WARNING - warning:54 - Max silence timeout reached during wait phase
2025-11-20 00:34:21,598 - VoiceAssistant - WARNING - warning:54 - Max silence timeout reached during wait phase
2025-11-20 00:34:26,823 - VoiceAssistant - WARNING - warning:54 - Max silence timeout reached during wait phase
2025-11-20 00:34:32,063 - VoiceAssistant - WARNING - warning:54 - Max silence timeout reached during wait phase
2025-11-20 00:34:32,551 - VoiceAssistant - WARNING - warning:54 - Max silence timeout reached during wait phase
2025-11-20 00:34:37,302 - VoiceAssistant - WARNING - warning:54 - Max silence timeout reached during wait phase
2025-11-20 00:34:37,780 - VoiceAssistant - WARNING - warning:54 - Max silence timeout reached during wait phase
2025-11-20 00:34:42,537 - VoiceAssistant - WARNING - warning:54 - Max silence timeout reached during wait phase
2025-11-20 00:34:43,032 - VoiceAssistant - WARNING - warning:54 - Max silence timeout reached during wait phase
2025-11-20 00:34:52,029 - VoiceAssistant - INFO - info:50 - Transcription complete: 'still apply to the wrong format.' (0.95s)
2025-11-20 00:34:52,031 - VoiceAssistant - INFO - info:50 - Saved transcription: files/Artur Recordings/20251120_003447_800.json
2025-11-20 00:34:52,031 - VoiceAssistant - INFO - info:50 - Text preprocessed: 'Still apply to the wrong format.'
2025-11-20 00:34:52,092 - VoiceAssistant - INFO - info:50 - Transcription complete: 'I'll see you still applied the wrong format.' (0.96s)
2025-11-20 00:34:52,093 - VoiceAssistant - INFO - info:50 - Saved transcription: files/Artur Recordings/20251120_003446_413.json
2025-11-20 00:34:52,808 - VoiceAssistant - INFO - info:50 - Successfully pasted: 'Still apply to the wrong format.'
2025-11-20 00:34:58,084 - VoiceAssistant - WARNING - warning:54 - Max silence timeout reached during wait phase
2025-11-20 00:35:04,962 - VoiceAssistant - INFO - info:50 - Transcription complete: 'Can you show me the correct format which I'm expecting?' (0.73s)
2025-11-20 00:35:04,963 - VoiceAssistant - INFO - info:50 - Saved transcription: files/Artur Recordings/20251120_003456_840.json
2025-11-20 00:35:04,963 - VoiceAssistant - INFO - info:50 - Text preprocessed: 'Can you show me the correct format which I'm expecting?'
2025-11-20 00:35:04,986 - VoiceAssistant - INFO - info:50 - Transcription complete: 'Can you show me the correct format which I'm expecting?' (0.73s)
2025-11-20 00:35:04,986 - VoiceAssistant - INFO - info:50 - Saved transcription: files/Artur Recordings/20251120_003458_201.json
2025-11-20 00:35:05,746 - VoiceAssistant - INFO - info:50 - Successfully pasted: 'Can you show me the correct format which I'm expecting?'
2025-11-20 00:35:10,921 - VoiceAssistant - WARNING - warning:54 - Max silence timeout reached during wait phase
2025-11-20 00:35:10,938 - VoiceAssistant - WARNING - warning:54 - Max silence timeout reached during wait phase
2025-11-20 00:35:16,186 - VoiceAssistant - WARNING - warning:54 - Max silence timeout reached during wait phase
2025-11-20 00:35:16,208 - VoiceAssistant - WARNING - warning:54 - Max silence timeout reached during wait phase
2025-11-20 00:35:29,890 - VoiceAssistant - INFO - info:50 - Transcription complete: 'Okay, so if that's the expected, if you know what's the expected format there, can you list the places where there is incorrectly  Formatted logs?' (0.91s)
2025-11-20 00:35:29,892 - VoiceAssistant - INFO - info:50 - Saved transcription: files/Artur Recordings/20251120_003516_303.json
2025-11-20 00:35:29,893 - VoiceAssistant - INFO - info:50 - Text preprocessed: 'Okay, so if that's the expected, if you know what's the expected format there, can you list the places where there is incorrectly  Formatted logs?'
2025-11-20 00:35:29,913 - VoiceAssistant - INFO - info:50 - Transcription complete: 'Okay, so if that's the expected, if you know what's the expected format there, can you list the places where there is incorrectly  Formatted logs?' (0.95s)
2025-11-20 00:35:29,914 - VoiceAssistant - INFO - info:50 - Saved transcription: files/Artur Recordings/20251120_003516_324.json
2025-11-20 00:35:30,706 - VoiceAssistant - INFO - info:50 - Successfully pasted: 'Okay, so if that's the expected, if you know what's the expected format there, can you list the places where there is incorrectly  Formatted logs?'
2025-11-20 00:35:35,858 - VoiceAssistant - WARNING - warning:54 - Max silence timeout reached during wait phase
2025-11-20 00:35:35,878 - VoiceAssistant - WARNING - warning:54 - Max silence timeout reached during wait phase
2025-11-20 00:35:46,483 - VoiceAssistant - WARNING - warning:54 - Max silence timeout reached during wait phase
2025-11-20 00:35:46,542 - VoiceAssistant - WARNING - warning:54 - Max silence timeout reached during wait phase
2025-11-20 00:35:51,728 - VoiceAssistant - WARNING - warning:54 - Max silence timeout reached during wait phase
2025-11-20 00:35:51,789 - VoiceAssistant - WARNING - warning:54 - Max silence timeout reached during wait phase
2025-11-20 00:36:02,732 - VoiceAssistant - INFO - info:50 - Transcription complete: 'Okay, out of all these logins, can you use?' (0.64s)
2025-11-20 00:36:02,732 - VoiceAssistant - INFO - info:50 - Saved transcription: files/Artur Recordings/20251120_003551_905.json
2025-11-20 00:36:02,737 - VoiceAssistant - INFO - info:50 - Transcription complete: 'Okay, out of all these logins, can you use?' (0.63s)
2025-11-20 00:36:02,737 - VoiceAssistant - INFO - info:50 - Saved transcription: files/Artur Recordings/20251120_003551_844.json
2025-11-20 00:36:02,738 - VoiceAssistant - INFO - info:50 - Text preprocessed: 'Okay, out of all these logins, can you use?'
2025-11-20 00:36:03,521 - VoiceAssistant - INFO - info:50 - Successfully pasted: 'Okay, out of all these logins, can you use?'
2025-11-20 00:36:08,698 - VoiceAssistant - WARNING - warning:54 - Max silence timeout reached during wait phase
2025-11-20 00:36:08,721 - VoiceAssistant - WARNING - warning:54 - Max silence timeout reached during wait phase
2025-11-20 00:36:13,955 - VoiceAssistant - WARNING - warning:54 - Max silence timeout reached during wait phase
2025-11-20 00:36:13,993 - VoiceAssistant - WARNING - warning:54 - Max silence timeout reached during wait phase
2025-11-20 00:36:19,239 - VoiceAssistant - INFO - info:50 - Transcription complete: 'Can you use the timing pipe?' (0.58s)
2025-11-20 00:36:19,241 - VoiceAssistant - INFO - info:50 - Saved transcription: files/Artur Recordings/20251120_003614_071.json
2025-11-20 00:36:19,247 - VoiceAssistant - INFO - info:50 - Transcription complete: 'Can you use the timing pipe?' (0.56s)
2025-11-20 00:36:19,248 - VoiceAssistant - INFO - info:50 - Saved transcription: files/Artur Recordings/20251120_003614_108.json
2025-11-20 00:36:19,248 - VoiceAssistant - INFO - info:50 - Text preprocessed: 'Can you use the timing pipe?'
2025-11-20 00:36:20,023 - VoiceAssistant - INFO - info:50 - Successfully pasted: 'Can you use the timing pipe?'
2025-11-20 00:36:29,244 - VoiceAssistant - WARNING - warning:54 - Max silence timeout reached during wait phase
2025-11-20 00:36:29,272 - VoiceAssistant - WARNING - warning:54 - Max silence timeout reached during wait phase
2025-11-20 00:36:34,509 - VoiceAssistant - WARNING - warning:54 - Max silence timeout reached during wait phase
2025-11-20 00:36:34,553 - VoiceAssistant - WARNING - warning:54 - Max silence timeout reached during wait phase
2025-11-20 00:36:39,768 - VoiceAssistant - WARNING - warning:54 - Max silence timeout reached during wait phase
2025-11-20 00:36:39,813 - VoiceAssistant - WARNING - warning:54 - Max silence timeout reached during wait phase
2025-11-20 00:36:45,035 - VoiceAssistant - WARNING - warning:54 - Max silence timeout reached during wait phase
2025-11-20 00:36:45,084 - VoiceAssistant - WARNING - warning:54 - Max silence timeout reached during wait phase
2025-11-20 00:36:50,282 - VoiceAssistant - WARNING - warning:54 - Max silence timeout reached during wait phase
2025-11-20 00:36:50,348 - VoiceAssistant - WARNING - warning:54 - Max silence timeout reached during wait phase
2025-11-20 00:36:55,504 - VoiceAssistant - WARNING - warning:54 - Max silence timeout reached during wait phase
2025-11-20 00:36:55,584 - VoiceAssistant - WARNING - warning:54 - Max silence timeout reached during wait phase
2025-11-20 00:37:00,724 - VoiceAssistant - WARNING - warning:54 - Max silence timeout reached during wait phase
2025-11-20 00:37:00,810 - VoiceAssistant - WARNING - warning:54 - Max silence timeout reached during wait phase
2025-11-20 00:37:05,951 - VoiceAssistant - WARNING - warning:54 - Max silence timeout reached during wait phase
2025-11-20 00:37:06,031 - VoiceAssistant - WARNING - warning:54 - Max silence timeout reached during wait phase
2025-11-20 00:37:11,171 - VoiceAssistant - WARNING - warning:54 - Max silence timeout reached during wait phase
2025-11-20 00:37:11,258 - VoiceAssistant - WARNING - warning:54 - Max silence timeout reached during wait phase
2025-11-20 00:37:20,059 - VoiceAssistant - WARNING - warning:54 - Max silence timeout reached during wait phase
2025-11-20 00:37:21,182 - VoiceAssistant - WARNING - warning:54 - Max silence timeout reached during wait phase
2025-11-20 00:37:25,280 - VoiceAssistant - WARNING - warning:54 - Max silence timeout reached during wait phase
2025-11-20 00:37:26,409 - VoiceAssistant - WARNING - warning:54 - Max silence timeout reached during wait phase
2025-11-20 00:37:30,498 - VoiceAssistant - WARNING - warning:54 - Max silence timeout reached during wait phase
2025-11-20 00:37:31,627 - VoiceAssistant - WARNING - warning:54 - Max silence timeout reached during wait phase
2025-11-20 00:37:35,756 - VoiceAssistant - WARNING - warning:54 - Max silence timeout reached during wait phase
2025-11-20 00:37:38,829 - VoiceAssistant - INFO - info:50 - Transcription complete: '1, 2, 3, 4' (0.75s)
2025-11-20 00:37:38,830 - VoiceAssistant - INFO - info:50 - Saved transcription: files/Artur Recordings/20251120_003731_741.json
2025-11-20 00:37:38,831 - VoiceAssistant - INFO - info:50 - Text preprocessed: '1, 2, 3, 4.'
2025-11-20 00:37:38,891 - VoiceAssistant - INFO - info:50 - Transcription complete: 'One, two, three, four.' (0.82s)
2025-11-20 00:37:38,892 - VoiceAssistant - INFO - info:50 - Saved transcription: files/Artur Recordings/20251120_003735_872.json
2025-11-20 00:37:39,606 - VoiceAssistant - INFO - info:50 - Successfully pasted: '1, 2, 3, 4.'
2025-11-20 00:37:44,737 - VoiceAssistant - WARNING - warning:54 - Max silence timeout reached during wait phase
2025-11-20 00:37:44,807 - VoiceAssistant - WARNING - warning:54 - Max silence timeout reached during wait phase
2025-11-20 00:37:45,000 - VoiceAssistant - WARNING - warning:54 - Max silence timeout reached during wait phase
2025-11-20 00:37:57,711 - VoiceAssistant - INFO - info:50 - Transcription complete: 'I see the max silence time out reached during what weight phase is still incorrect.' (0.94s)
2025-11-20 00:37:57,712 - VoiceAssistant - INFO - info:50 - Saved transcription: files/Artur Recordings/20251120_003744_852.json
2025-11-20 00:37:57,713 - VoiceAssistant - INFO - info:50 - Text preprocessed: 'I see the max silence time out reached during what weight phase is still incorrect.'
2025-11-20 00:37:57,719 - VoiceAssistant - INFO - info:50 - Transcription complete: 'I see the max silence time out reached during what weight phase is still incorrect.' (0.94s)
2025-11-20 00:37:57,720 - VoiceAssistant - INFO - info:50 - Saved transcription: files/Artur Recordings/20251120_003744_922.json
2025-11-20 00:37:58,509 - VoiceAssistant - INFO - info:50 - Successfully pasted: 'I see the max silence time out reached during what weight phase is still incorrect.'
2025-11-20 00:38:03,726 - VoiceAssistant - WARNING - warning:54 - Max silence timeout reached during wait phase
2025-11-20 00:38:03,774 - VoiceAssistant - WARNING - warning:54 - Max silence timeout reached during wait phase
2025-11-20 00:38:03,795 - VoiceAssistant - WARNING - warning:54 - Max silence timeout reached during wait phase
2025-11-20 00:38:10,739 - VoiceAssistant - INFO - info:50 - Transcription complete: 'reason we duplicating the paste.' (0.90s)
2025-11-20 00:38:10,740 - VoiceAssistant - INFO - info:50 - Saved transcription: files/Artur Recordings/20251120_003806_157.json
2025-11-20 00:38:10,757 - VoiceAssistant - INFO - info:50 - Transcription complete: 'and for some reason we're duplicating the paste.' (0.94s)
2025-11-20 00:38:10,758 - VoiceAssistant - INFO - info:50 - Saved transcription: files/Artur Recordings/20251120_003803_842.json
2025-11-20 00:38:10,758 - VoiceAssistant - INFO - info:50 - Text preprocessed: 'And for some reason we're duplicating the paste.'
2025-11-20 00:38:11,539 - VoiceAssistant - INFO - info:50 - Successfully pasted: 'And for some reason we're duplicating the paste.'
2025-11-20 00:38:22,616 - VoiceAssistant - INFO - info:50 - Transcription complete: 'and we now hit and enter at the end of the pasting.' (0.96s)
2025-11-20 00:38:22,616 - VoiceAssistant - INFO - info:50 - Saved transcription: files/Artur Recordings/20251120_003811_518.json
2025-11-20 00:38:22,624 - VoiceAssistant - INFO - info:50 - Transcription complete: 'and we now hit and enter at the end of the pasting.' (0.95s)
2025-11-20 00:38:22,625 - VoiceAssistant - INFO - info:50 - Saved transcription: files/Artur Recordings/20251120_003811_540.json
2025-11-20 00:38:22,626 - VoiceAssistant - INFO - info:50 - Text preprocessed: 'And we now hit and enter at the end of the pasting.'
2025-11-20 00:38:23,407 - VoiceAssistant - INFO - info:50 - Successfully pasted: 'And we now hit and enter at the end of the pasting.'
2025-11-20 00:38:28,622 - VoiceAssistant - WARNING - warning:54 - Max silence timeout reached during wait phase
2025-11-20 00:38:28,649 - VoiceAssistant - WARNING - warning:54 - Max silence timeout reached during wait phase
2025-11-20 00:38:28,671 - VoiceAssistant - WARNING - warning:54 - Max silence timeout reached during wait phase
2025-11-20 00:38:39,666 - VoiceAssistant - WARNING - warning:54 - Max silence timeout reached during wait phase
2025-11-20 00:38:39,688 - VoiceAssistant - WARNING - warning:54 - Max silence timeout reached during wait phase
2025-11-20 00:38:39,708 - VoiceAssistant - WARNING - warning:54 - Max silence timeout reached during wait phase
2025-11-20 00:38:44,993 - VoiceAssistant - WARNING - warning:54 - Max silence timeout reached during wait phase
2025-11-20 00:38:45,035 - VoiceAssistant - WARNING - warning:54 - Max silence timeout reached during wait phase
2025-11-20 00:38:45,057 - VoiceAssistant - WARNING - warning:54 - Max silence timeout reached during wait phase
2025-11-20 00:38:50,270 - VoiceAssistant - WARNING - warning:54 - Max silence timeout reached during wait phase
2025-11-20 00:38:50,346 - VoiceAssistant - WARNING - warning:54 - Max silence timeout reached during wait phase
2025-11-20 00:38:50,369 - VoiceAssistant - WARNING - warning:54 - Max silence timeout reached during wait phase
2025-11-20 00:38:55,489 - VoiceAssistant - WARNING - warning:54 - Max silence timeout reached during wait phase
2025-11-20 00:38:55,626 - VoiceAssistant - WARNING - warning:54 - Max silence timeout reached during wait phase
2025-11-20 00:38:55,649 - VoiceAssistant - WARNING - warning:54 - Max silence timeout reached during wait phase
2025-11-20 00:39:00,722 - VoiceAssistant - WARNING - warning:54 - Max silence timeout reached during wait phase
2025-11-20 00:39:00,910 - VoiceAssistant - WARNING - warning:54 - Max silence timeout reached during wait phase
2025-11-20 00:39:00,938 - VoiceAssistant - WARNING - warning:54 - Max silence timeout reached during wait phase
2025-11-20 00:39:05,946 - VoiceAssistant - WARNING - warning:54 - Max silence timeout reached during wait phase
2025-11-20 00:39:06,177 - VoiceAssistant - WARNING - warning:54 - Max silence timeout reached during wait phase
2025-11-20 00:39:06,218 - VoiceAssistant - WARNING - warning:54 - Max silence timeout reached during wait phase
2025-11-20 00:39:11,188 - VoiceAssistant - WARNING - warning:54 - Max silence timeout reached during wait phase
2025-11-20 00:39:11,456 - VoiceAssistant - WARNING - warning:54 - Max silence timeout reached during wait phase
2025-11-20 00:39:11,510 - VoiceAssistant - WARNING - warning:54 - Max silence timeout reached during wait phase
2025-11-20 00:39:16,447 - VoiceAssistant - WARNING - warning:54 - Max silence timeout reached during wait phase
2025-11-20 00:39:16,743 - VoiceAssistant - WARNING - warning:54 - Max silence timeout reached during wait phase
2025-11-20 00:39:16,790 - VoiceAssistant - WARNING - warning:54 - Max silence timeout reached during wait phase
2025-11-20 00:39:21,688 - VoiceAssistant - WARNING - warning:54 - Max silence timeout reached during wait phase
2025-11-20 00:39:21,982 - VoiceAssistant - WARNING - warning:54 - Max silence timeout reached during wait phase
2025-11-20 00:39:22,042 - VoiceAssistant - WARNING - warning:54 - Max silence timeout reached during wait phase
2025-11-20 00:39:26,912 - VoiceAssistant - WARNING - warning:54 - Max silence timeout reached during wait phase
2025-11-20 00:39:27,226 - VoiceAssistant - WARNING - warning:54 - Max silence timeout reached during wait phase
2025-11-20 00:39:27,289 - VoiceAssistant - WARNING - warning:54 - Max silence timeout reached during wait phase
2025-11-20 00:39:32,135 - VoiceAssistant - WARNING - warning:54 - Max silence timeout reached during wait phase
2025-11-20 00:39:32,472 - VoiceAssistant - WARNING - warning:54 - Max silence timeout reached during wait phase
2025-11-20 00:39:32,538 - VoiceAssistant - WARNING - warning:54 - Max silence timeout reached during wait phase
2025-11-20 00:39:37,358 - VoiceAssistant - WARNING - warning:54 - Max silence timeout reached during wait phase
2025-11-20 00:39:37,689 - VoiceAssistant - WARNING - warning:54 - Max silence timeout reached during wait phase
2025-11-20 00:39:37,777 - VoiceAssistant - WARNING - warning:54 - Max silence timeout reached during wait phase
2025-11-20 00:39:43,984 - VoiceAssistant - INFO - info:50 - Transcription complete: '1, 2, 3, 4.' (1.22s)
2025-11-20 00:39:43,985 - VoiceAssistant - INFO - info:50 - Saved transcription: files/Artur Recordings/20251120_003937_804.json
2025-11-20 00:39:43,999 - VoiceAssistant - INFO - info:50 - Transcription complete: '1, 2, 3, 4.' (1.24s)
2025-11-20 00:39:44,000 - VoiceAssistant - INFO - info:50 - Saved transcription: files/Artur Recordings/20251120_003937_474.json
2025-11-20 00:39:44,000 - VoiceAssistant - INFO - info:50 - Text preprocessed: '1, 2, 3, 4.'
2025-11-20 00:39:44,773 - VoiceAssistant - INFO - info:50 - Successfully pasted: '1, 2, 3, 4.'
2025-11-20 00:39:50,064 - VoiceAssistant - INFO - info:50 - Transcription complete: '1 2 3 4' (1.21s)
2025-11-20 00:39:50,065 - VoiceAssistant - INFO - info:50 - Saved transcription: files/Artur Recordings/20251120_003944_773.json
2025-11-20 00:39:50,065 - VoiceAssistant - INFO - info:50 - Text preprocessed: '1 2 3 4.'
2025-11-20 00:39:50,121 - VoiceAssistant - INFO - info:50 - Transcription complete: '1, 2, 3, 4.' (1.26s)
2025-11-20 00:39:50,121 - VoiceAssistant - INFO - info:50 - Saved transcription: files/Artur Recordings/20251120_003944_760.json
2025-11-20 00:39:50,843 - VoiceAssistant - INFO - info:50 - Successfully pasted: '1 2 3 4.'
2025-11-20 00:39:56,117 - VoiceAssistant - WARNING - warning:54 - Max silence timeout reached during wait phase
2025-11-20 00:39:56,183 - VoiceAssistant - WARNING - warning:54 - Max silence timeout reached during wait phase
2025-11-20 00:39:56,205 - VoiceAssistant - WARNING - warning:54 - Max silence timeout reached during wait phase
2025-11-20 00:40:01,387 - VoiceAssistant - INFO - info:50 - Transcription complete: '1, 2, 3, 4.' (1.26s)
2025-11-20 00:40:01,388 - VoiceAssistant - INFO - info:50 - Saved transcription: files/Artur Recordings/20251120_003956_232.json
2025-11-20 00:40:01,388 - VoiceAssistant - INFO - info:50 - Text preprocessed: '1, 2, 3, 4.'
2025-11-20 00:40:01,407 - VoiceAssistant - INFO - info:50 - Transcription complete: '1, 2, 3, 4.' (1.26s)
2025-11-20 00:40:01,408 - VoiceAssistant - INFO - info:50 - Saved transcription: files/Artur Recordings/20251120_003956_299.json
2025-11-20 00:40:02,159 - VoiceAssistant - INFO - info:50 - Successfully pasted: '1, 2, 3, 4.'
2025-11-20 00:40:09,251 - VoiceAssistant - INFO - info:50 - Transcription complete: 'It's still duplicating it three times on the paste.' (1.09s)
2025-11-20 00:40:09,252 - VoiceAssistant - INFO - info:50 - Saved transcription: files/Artur Recordings/20251120_004002_159.json
2025-11-20 00:40:09,253 - VoiceAssistant - INFO - info:50 - Text preprocessed: 'It's still duplicating it three times on the paste.'
2025-11-20 00:40:09,261 - VoiceAssistant - INFO - info:50 - Transcription complete: 'It's still duplicating it three times on the paste.' (1.10s)
2025-11-20 00:40:09,262 - VoiceAssistant - INFO - info:50 - Saved transcription: files/Artur Recordings/20251120_004002_180.json
2025-11-20 00:40:10,035 - VoiceAssistant - INFO - info:50 - Successfully pasted: 'It's still duplicating it three times on the paste.'
2025-11-20 00:40:15,348 - VoiceAssistant - WARNING - warning:54 - Max silence timeout reached during wait phase
2025-11-20 00:40:15,364 - VoiceAssistant - WARNING - warning:54 - Max silence timeout reached during wait phase
2025-11-20 00:40:15,385 - VoiceAssistant - WARNING - warning:54 - Max silence timeout reached during wait phase
2025-11-20 00:40:20,697 - VoiceAssistant - WARNING - warning:54 - Max silence timeout reached during wait phase
2025-11-20 00:40:20,740 - VoiceAssistant - WARNING - warning:54 - Max silence timeout reached during wait phase
2025-11-20 00:40:20,778 - VoiceAssistant - WARNING - warning:54 - Max silence timeout reached during wait phase
2025-11-20 00:40:25,988 - VoiceAssistant - WARNING - warning:54 - Max silence timeout reached during wait phase
2025-11-20 00:40:26,090 - VoiceAssistant - WARNING - warning:54 - Max silence timeout reached during wait phase
2025-11-20 00:40:26,160 - VoiceAssistant - WARNING - warning:54 - Max silence timeout reached during wait phase
