2025-11-19 23:37:43,655 - VoiceAssistant - INFO - info:52 - Initializing Voice Assistant...
2025-11-19 23:39:02,076 - VoiceAssistant - INFO - info:52 - Initializing Voice Assistant...
2025-11-19 23:39:02,076 - VoiceAssistant - INFO - info:52 - Loading Whisper model: tiny (float32)
2025-11-19 23:39:03,020 - VoiceAssistant - INFO - info:52 - Whisper model loaded successfully
2025-11-19 23:39:49,433 - VoiceAssistant - INFO - info:52 - Initializing Voice Assistant...
2025-11-19 23:39:49,434 - VoiceAssistant - INFO - info:52 - Loading Whisper model: tiny (float32)
2025-11-19 23:39:50,315 - VoiceAssistant - INFO - info:52 - Whisper model loaded successfully
2025-11-19 23:41:13,340 - VoiceAssistant - INFO - info:52 - Initializing Voice Assistant...
2025-11-19 23:41:13,340 - VoiceAssistant - INFO - info:52 - Loading Whisper model: tiny (float32)
2025-11-19 23:41:14,246 - VoiceAssistant - INFO - info:52 - Whisper model loaded successfully
2025-11-19 23:41:27,540 - VoiceAssistant - INFO - info:52 - Initializing Voice Assistant...
2025-11-19 23:41:27,541 - VoiceAssistant - INFO - info:52 - Loading Whisper model: tiny (float32)
2025-11-19 23:41:28,416 - VoiceAssistant - INFO - info:52 - Whisper model loaded successfully
2025-11-19 23:42:26,344 - VoiceAssistant - INFO - info:52 - Initializing Voice Assistant...
2025-11-19 23:42:26,345 - VoiceAssistant - INFO - info:52 - Loading Whisper model: tiny (float32)
2025-11-19 23:42:27,257 - VoiceAssistant - INFO - info:52 - Whisper model loaded successfully
2025-11-19 23:42:27,296 - VoiceAssistant - INFO - info:52 - Voice Assistant initialized successfully
2025-11-19 23:42:27,296 - VoiceAssistant - INFO - info:52 - ============================================================
2025-11-19 23:42:27,296 - VoiceAssistant - INFO - info:52 - Voice Assistant Started - 2025-11-19 23:42:27
2025-11-19 23:42:27,296 - VoiceAssistant - INFO - info:52 - Mode: dictation
2025-11-19 23:42:27,296 - VoiceAssistant - INFO - info:52 - Press Ctrl+C to stop
2025-11-19 23:42:27,296 - VoiceAssistant - INFO - info:52 - ============================================================
2025-11-19 23:42:27,297 - VoiceAssistant - INFO - info:52 - Listening for audio...
2025-11-19 23:42:27,606 - VoiceAssistant - INFO - info:52 - Starting audio recording (waiting for sound...)
2025-11-19 23:42:32,622 - VoiceAssistant - WARNING - warning:56 - Max silence timeout reached during wait phase
2025-11-19 23:42:32,760 - VoiceAssistant - WARNING - warning:56 - Recording failed or was cancelled
2025-11-19 23:42:32,761 - VoiceAssistant - INFO - info:52 - Listening for audio...
2025-11-19 23:42:33,090 - VoiceAssistant - INFO - info:52 - Starting audio recording (waiting for sound...)
2025-11-19 23:42:38,101 - VoiceAssistant - WARNING - warning:56 - Max silence timeout reached during wait phase
2025-11-19 23:42:38,224 - VoiceAssistant - WARNING - warning:56 - Recording failed or was cancelled
2025-11-19 23:42:38,224 - VoiceAssistant - INFO - info:52 - Listening for audio...
2025-11-19 23:42:38,558 - VoiceAssistant - INFO - info:52 - Starting audio recording (waiting for sound...)
2025-11-19 23:42:43,574 - VoiceAssistant - WARNING - warning:56 - Max silence timeout reached during wait phase
2025-11-19 23:42:43,709 - VoiceAssistant - WARNING - warning:56 - Recording failed or was cancelled
2025-11-19 23:42:43,709 - VoiceAssistant - INFO - info:52 - Listening for audio...
2025-11-19 23:42:44,032 - VoiceAssistant - INFO - info:52 - Starting audio recording (waiting for sound...)
2025-11-19 23:42:49,045 - VoiceAssistant - WARNING - warning:56 - Max silence timeout reached during wait phase
2025-11-19 23:42:49,182 - VoiceAssistant - WARNING - warning:56 - Recording failed or was cancelled
2025-11-19 23:42:49,182 - VoiceAssistant - INFO - info:52 - Listening for audio...
2025-11-19 23:42:49,511 - VoiceAssistant - INFO - info:52 - Starting audio recording (waiting for sound...)
2025-11-19 23:42:54,524 - VoiceAssistant - WARNING - warning:56 - Max silence timeout reached during wait phase
2025-11-19 23:42:54,660 - VoiceAssistant - WARNING - warning:56 - Recording failed or was cancelled
2025-11-19 23:42:54,661 - VoiceAssistant - INFO - info:52 - Listening for audio...
2025-11-19 23:42:54,984 - VoiceAssistant - INFO - info:52 - Starting audio recording (waiting for sound...)
2025-11-19 23:43:00,000 - VoiceAssistant - WARNING - warning:56 - Max silence timeout reached during wait phase
2025-11-19 23:43:00,133 - VoiceAssistant - WARNING - warning:56 - Recording failed or was cancelled
2025-11-19 23:43:00,134 - VoiceAssistant - INFO - info:52 - Listening for audio...
2025-11-19 23:43:00,465 - VoiceAssistant - INFO - info:52 - Starting audio recording (waiting for sound...)
2025-11-19 23:43:05,479 - VoiceAssistant - WARNING - warning:56 - Max silence timeout reached during wait phase
2025-11-19 23:43:05,604 - VoiceAssistant - WARNING - warning:56 - Recording failed or was cancelled
2025-11-19 23:43:05,604 - VoiceAssistant - INFO - info:52 - Listening for audio...
2025-11-19 23:43:05,938 - VoiceAssistant - INFO - info:52 - Starting audio recording (waiting for sound...)
2025-11-19 23:43:10,953 - VoiceAssistant - WARNING - warning:56 - Max silence timeout reached during wait phase
2025-11-19 23:43:11,090 - VoiceAssistant - WARNING - warning:56 - Recording failed or was cancelled
2025-11-19 23:43:11,091 - VoiceAssistant - INFO - info:52 - Listening for audio...
2025-11-19 23:43:11,441 - VoiceAssistant - INFO - info:52 - Starting audio recording (waiting for sound...)
2025-11-19 23:43:16,458 - VoiceAssistant - WARNING - warning:56 - Max silence timeout reached during wait phase
2025-11-19 23:43:16,588 - VoiceAssistant - WARNING - warning:56 - Recording failed or was cancelled
2025-11-19 23:43:16,588 - VoiceAssistant - INFO - info:52 - Listening for audio...
2025-11-19 23:43:16,919 - VoiceAssistant - INFO - info:52 - Starting audio recording (waiting for sound...)
2025-11-19 23:43:21,932 - VoiceAssistant - WARNING - warning:56 - Max silence timeout reached during wait phase
2025-11-19 23:43:22,064 - VoiceAssistant - WARNING - warning:56 - Recording failed or was cancelled
2025-11-19 23:43:22,064 - VoiceAssistant - INFO - info:52 - Listening for audio...
2025-11-19 23:43:22,408 - VoiceAssistant - INFO - info:52 - Starting audio recording (waiting for sound...)
2025-11-19 23:43:22,770 - VoiceAssistant - INFO - info:52 - Sound detected! Recording...
2025-11-19 23:43:22,770 - VoiceAssistant - INFO - info:52 - Speech detected!
2025-11-19 23:43:24,647 - VoiceAssistant - INFO - info:52 - Silence detected, stopping recording...
2025-11-19 23:43:24,648 - VoiceAssistant - INFO - info:52 - Silence detected, processing...
2025-11-19 23:43:24,651 - VoiceAssistant - INFO - info:52 - Saved audio: files/Artur Recordings/20251119_234322_064.wav (2.2s, 196652 bytes)
2025-11-19 23:43:24,773 - VoiceAssistant - INFO - info:52 - Transcribing audio...
2025-11-19 23:43:24,774 - VoiceAssistant - INFO - info:52 - Transcribing: files/Artur Recordings/20251119_234322_064.wav (2.2s)
2025-11-19 23:43:25,378 - VoiceAssistant - INFO - info:52 - Transcription complete: '1 2 3 4' (0.60s)
2025-11-19 23:43:25,379 - VoiceAssistant - INFO - info:52 - Saved transcription: files/Artur Recordings/20251119_234322_064.json
2025-11-19 23:43:25,379 - VoiceAssistant - INFO - info:52 - Transcription: '1 2 3 4'
2025-11-19 23:43:25,379 - VoiceAssistant - INFO - info:52 - Preprocessing text...
2025-11-19 23:43:25,380 - VoiceAssistant - INFO - info:52 - Text preprocessed: '1 2 3 4.'
2025-11-19 23:43:25,380 - VoiceAssistant - INFO - info:52 - Processing as dictation: '1 2 3 4.'
2025-11-19 23:43:25,382 - VoiceAssistant - INFO - info:52 - Auto-pasting transcription...
2025-11-19 23:43:26,219 - VoiceAssistant - INFO - info:52 - Successfully pasted: '1 2 3 4.'
2025-11-19 23:43:26,220 - VoiceAssistant - INFO - info:52 - Listening for audio...
2025-11-19 23:43:26,314 - VoiceAssistant - INFO - info:52 - Starting audio recording (waiting for sound...)
2025-11-19 23:43:31,327 - VoiceAssistant - WARNING - warning:56 - Max silence timeout reached during wait phase
2025-11-19 23:43:31,442 - VoiceAssistant - WARNING - warning:56 - Recording failed or was cancelled
2025-11-19 23:43:31,442 - VoiceAssistant - INFO - info:52 - Listening for audio...
2025-11-19 23:43:31,534 - VoiceAssistant - INFO - info:52 - Starting audio recording (waiting for sound...)
2025-11-19 23:43:36,547 - VoiceAssistant - WARNING - warning:56 - Max silence timeout reached during wait phase
2025-11-19 23:43:36,663 - VoiceAssistant - WARNING - warning:56 - Recording failed or was cancelled
2025-11-19 23:43:36,664 - VoiceAssistant - INFO - info:52 - Listening for audio...
2025-11-19 23:43:36,756 - VoiceAssistant - INFO - info:52 - Starting audio recording (waiting for sound...)
2025-11-19 23:43:41,771 - VoiceAssistant - WARNING - warning:56 - Max silence timeout reached during wait phase
2025-11-19 23:43:41,886 - VoiceAssistant - WARNING - warning:56 - Recording failed or was cancelled
2025-11-19 23:43:41,886 - VoiceAssistant - INFO - info:52 - Listening for audio...
2025-11-19 23:43:41,980 - VoiceAssistant - INFO - info:52 - Starting audio recording (waiting for sound...)
2025-11-19 23:43:46,997 - VoiceAssistant - WARNING - warning:56 - Max silence timeout reached during wait phase
2025-11-19 23:43:47,112 - VoiceAssistant - WARNING - warning:56 - Recording failed or was cancelled
2025-11-19 23:43:47,112 - VoiceAssistant - INFO - info:52 - Listening for audio...
2025-11-19 23:43:47,207 - VoiceAssistant - INFO - info:52 - Starting audio recording (waiting for sound...)
2025-11-19 23:43:52,222 - VoiceAssistant - WARNING - warning:56 - Max silence timeout reached during wait phase
2025-11-19 23:43:52,338 - VoiceAssistant - WARNING - warning:56 - Recording failed or was cancelled
2025-11-19 23:43:52,338 - VoiceAssistant - INFO - info:52 - Listening for audio...
2025-11-19 23:43:52,428 - VoiceAssistant - INFO - info:52 - Starting audio recording (waiting for sound...)
2025-11-19 23:43:57,379 - VoiceAssistant - INFO - info:52 - Sound detected! Recording...
2025-11-19 23:43:57,380 - VoiceAssistant - INFO - info:52 - Speech detected!
2025-11-19 23:43:59,364 - VoiceAssistant - INFO - info:52 - Silence detected, stopping recording...
2025-11-19 23:43:59,364 - VoiceAssistant - INFO - info:52 - Silence detected, processing...
2025-11-19 23:43:59,366 - VoiceAssistant - INFO - info:52 - Saved audio: files/Artur Recordings/20251119_234352_338.wav (3.0s, 262188 bytes)
2025-11-19 23:43:59,491 - VoiceAssistant - INFO - info:52 - Transcribing audio...
2025-11-19 23:43:59,492 - VoiceAssistant - INFO - info:52 - Transcribing: files/Artur Recordings/20251119_234352_338.wav (3.0s)
2025-11-19 23:44:00,984 - VoiceAssistant - INFO - info:52 - Transcription complete: 'onto 3-4' (1.49s)
2025-11-19 23:44:00,984 - VoiceAssistant - INFO - info:52 - Saved transcription: files/Artur Recordings/20251119_234352_338.json
2025-11-19 23:44:00,985 - VoiceAssistant - INFO - info:52 - Transcription: 'onto 3-4'
2025-11-19 23:44:00,985 - VoiceAssistant - INFO - info:52 - Preprocessing text...
2025-11-19 23:44:00,985 - VoiceAssistant - INFO - info:52 - Text preprocessed: 'Onto 3-4.'
2025-11-19 23:44:00,985 - VoiceAssistant - INFO - info:52 - Processing as dictation: 'Onto 3-4.'
2025-11-19 23:44:00,987 - VoiceAssistant - INFO - info:52 - Auto-pasting transcription...
2025-11-19 23:44:01,756 - VoiceAssistant - INFO - info:52 - Successfully pasted: 'Onto 3-4.'
2025-11-19 23:44:01,757 - VoiceAssistant - INFO - info:52 - Listening for audio...
2025-11-19 23:44:01,846 - VoiceAssistant - INFO - info:52 - Starting audio recording (waiting for sound...)
2025-11-19 23:44:01,934 - VoiceAssistant - INFO - info:52 - Sound detected! Recording...
2025-11-19 23:44:01,934 - VoiceAssistant - INFO - info:52 - Speech detected!
2025-11-19 23:44:03,320 - VoiceAssistant - INFO - info:52 - Silence detected, stopping recording...
2025-11-19 23:44:03,320 - VoiceAssistant - INFO - info:52 - Silence detected, processing...
2025-11-19 23:44:03,321 - VoiceAssistant - INFO - info:52 - Saved audio: files/Artur Recordings/20251119_234401_757.wav (1.5s, 129068 bytes)
2025-11-19 23:44:03,447 - VoiceAssistant - INFO - info:52 - Transcribing audio...
2025-11-19 23:44:03,447 - VoiceAssistant - INFO - info:52 - Transcribing: files/Artur Recordings/20251119_234401_757.wav (1.5s)
2025-11-19 23:44:05,097 - VoiceAssistant - INFO - info:52 - Transcription complete: 'Thank you very much.' (1.65s)
2025-11-19 23:44:05,098 - VoiceAssistant - INFO - info:52 - Saved transcription: files/Artur Recordings/20251119_234401_757.json
2025-11-19 23:44:05,098 - VoiceAssistant - INFO - info:52 - Transcription: 'Thank you very much.'
2025-11-19 23:44:05,098 - VoiceAssistant - INFO - info:52 - Preprocessing text...
2025-11-19 23:44:05,098 - VoiceAssistant - INFO - info:52 - Text preprocessed: 'Thank you very much.'
2025-11-19 23:44:05,098 - VoiceAssistant - INFO - info:52 - Processing as dictation: 'Thank you very much.'
2025-11-19 23:44:05,103 - VoiceAssistant - INFO - info:52 - Auto-pasting transcription...
2025-11-19 23:44:05,872 - VoiceAssistant - INFO - info:52 - Successfully pasted: 'Thank you very much.'
2025-11-19 23:44:05,873 - VoiceAssistant - INFO - info:52 - Listening for audio...
2025-11-19 23:44:05,980 - VoiceAssistant - INFO - info:52 - Starting audio recording (waiting for sound...)
2025-11-19 23:44:10,993 - VoiceAssistant - WARNING - warning:56 - Max silence timeout reached during wait phase
2025-11-19 23:44:11,109 - VoiceAssistant - WARNING - warning:56 - Recording failed or was cancelled
2025-11-19 23:44:11,109 - VoiceAssistant - INFO - info:52 - Listening for audio...
2025-11-19 23:44:11,219 - VoiceAssistant - INFO - info:52 - Starting audio recording (waiting for sound...)
2025-11-19 23:44:11,264 - VoiceAssistant - INFO - info:52 - Sound detected! Recording...
2025-11-19 23:44:11,264 - VoiceAssistant - INFO - info:52 - Speech detected!
2025-11-19 23:44:13,247 - VoiceAssistant - INFO - info:52 - Silence detected, stopping recording...
2025-11-19 23:44:13,247 - VoiceAssistant - INFO - info:52 - Silence detected, processing...
2025-11-19 23:44:13,248 - VoiceAssistant - INFO - info:52 - Saved audio: files/Artur Recordings/20251119_234411_109.wav (2.0s, 178220 bytes)
2025-11-19 23:44:13,363 - VoiceAssistant - INFO - info:52 - Transcribing audio...
2025-11-19 23:44:13,363 - VoiceAssistant - INFO - info:52 - Transcribing: files/Artur Recordings/20251119_234411_109.wav (2.0s)
2025-11-19 23:44:13,805 - VoiceAssistant - INFO - info:52 - Transcription complete: '3-4' (0.44s)
2025-11-19 23:44:13,806 - VoiceAssistant - INFO - info:52 - Saved transcription: files/Artur Recordings/20251119_234411_109.json
2025-11-19 23:44:13,806 - VoiceAssistant - INFO - info:52 - Transcription: '3-4'
2025-11-19 23:44:13,806 - VoiceAssistant - INFO - info:52 - Preprocessing text...
2025-11-19 23:44:13,806 - VoiceAssistant - INFO - info:52 - Text preprocessed: '3-4.'
2025-11-19 23:44:13,807 - VoiceAssistant - INFO - info:52 - Processing as dictation: '3-4.'
2025-11-19 23:44:13,808 - VoiceAssistant - INFO - info:52 - Auto-pasting transcription...
2025-11-19 23:44:14,578 - VoiceAssistant - INFO - info:52 - Successfully pasted: '3-4.'
2025-11-19 23:44:14,578 - VoiceAssistant - INFO - info:52 - Listening for audio...
2025-11-19 23:44:14,672 - VoiceAssistant - INFO - info:52 - Starting audio recording (waiting for sound...)
2025-11-19 23:44:18,833 - VoiceAssistant - INFO - info:52 - Sound detected! Recording...
2025-11-19 23:44:18,833 - VoiceAssistant - INFO - info:52 - Speech detected!
2025-11-19 23:44:21,394 - VoiceAssistant - INFO - info:52 - Silence detected, stopping recording...
2025-11-19 23:44:21,394 - VoiceAssistant - INFO - info:52 - Silence detected, processing...
2025-11-19 23:44:21,395 - VoiceAssistant - INFO - info:52 - Saved audio: files/Artur Recordings/20251119_234414_578.wav (3.6s, 313388 bytes)
2025-11-19 23:44:21,510 - VoiceAssistant - INFO - info:52 - Transcribing audio...
2025-11-19 23:44:21,510 - VoiceAssistant - INFO - info:52 - Transcribing: files/Artur Recordings/20251119_234414_578.wav (3.6s)
2025-11-19 23:44:21,975 - VoiceAssistant - INFO - info:52 - No transcription found (empty audio)
2025-11-19 23:44:21,975 - VoiceAssistant - WARNING - warning:56 - Transcription failed
2025-11-19 23:44:21,975 - VoiceAssistant - INFO - info:52 - Listening for audio...
2025-11-19 23:44:22,079 - VoiceAssistant - INFO - info:52 - Starting audio recording (waiting for sound...)
2025-11-19 23:44:27,093 - VoiceAssistant - WARNING - warning:56 - Max silence timeout reached during wait phase
2025-11-19 23:44:27,219 - VoiceAssistant - WARNING - warning:56 - Recording failed or was cancelled
2025-11-19 23:44:27,219 - VoiceAssistant - INFO - info:52 - Listening for audio...
2025-11-19 23:44:27,311 - VoiceAssistant - INFO - info:52 - Starting audio recording (waiting for sound...)
2025-11-19 23:44:32,327 - VoiceAssistant - WARNING - warning:56 - Max silence timeout reached during wait phase
2025-11-19 23:44:32,453 - VoiceAssistant - WARNING - warning:56 - Recording failed or was cancelled
2025-11-19 23:44:32,453 - VoiceAssistant - INFO - info:52 - Listening for audio...
2025-11-19 23:44:32,827 - VoiceAssistant - INFO - info:52 - Starting audio recording (waiting for sound...)
2025-11-19 23:44:37,842 - VoiceAssistant - WARNING - warning:56 - Max silence timeout reached during wait phase
2025-11-19 23:44:37,967 - VoiceAssistant - WARNING - warning:56 - Recording failed or was cancelled
2025-11-19 23:44:37,967 - VoiceAssistant - INFO - info:52 - Listening for audio...
2025-11-19 23:44:38,309 - VoiceAssistant - INFO - info:52 - Starting audio recording (waiting for sound...)
2025-11-19 23:44:43,324 - VoiceAssistant - WARNING - warning:56 - Max silence timeout reached during wait phase
2025-11-19 23:44:43,453 - VoiceAssistant - WARNING - warning:56 - Recording failed or was cancelled
2025-11-19 23:44:43,453 - VoiceAssistant - INFO - info:52 - Listening for audio...
2025-11-19 23:44:43,793 - VoiceAssistant - INFO - info:52 - Starting audio recording (waiting for sound...)
2025-11-19 23:44:48,810 - VoiceAssistant - WARNING - warning:56 - Max silence timeout reached during wait phase
2025-11-19 23:44:48,940 - VoiceAssistant - WARNING - warning:56 - Recording failed or was cancelled
2025-11-19 23:44:48,940 - VoiceAssistant - INFO - info:52 - Listening for audio...
2025-11-19 23:44:49,276 - VoiceAssistant - INFO - info:52 - Starting audio recording (waiting for sound...)
2025-11-19 23:44:54,292 - VoiceAssistant - WARNING - warning:56 - Max silence timeout reached during wait phase
2025-11-19 23:44:54,410 - VoiceAssistant - WARNING - warning:56 - Recording failed or was cancelled
2025-11-19 23:44:54,411 - VoiceAssistant - INFO - info:52 - Listening for audio...
2025-11-19 23:44:54,756 - VoiceAssistant - INFO - info:52 - Starting audio recording (waiting for sound...)
2025-11-19 23:44:59,770 - VoiceAssistant - WARNING - warning:56 - Max silence timeout reached during wait phase
2025-11-19 23:44:59,889 - VoiceAssistant - WARNING - warning:56 - Recording failed or was cancelled
2025-11-19 23:44:59,889 - VoiceAssistant - INFO - info:52 - Listening for audio...
2025-11-19 23:45:00,231 - VoiceAssistant - INFO - info:52 - Starting audio recording (waiting for sound...)
2025-11-19 23:45:05,243 - VoiceAssistant - WARNING - warning:56 - Max silence timeout reached during wait phase
2025-11-19 23:45:05,363 - VoiceAssistant - WARNING - warning:56 - Recording failed or was cancelled
2025-11-19 23:45:05,364 - VoiceAssistant - INFO - info:52 - Listening for audio...
2025-11-19 23:45:05,705 - VoiceAssistant - INFO - info:52 - Starting audio recording (waiting for sound...)
2025-11-19 23:45:10,722 - VoiceAssistant - WARNING - warning:56 - Max silence timeout reached during wait phase
2025-11-19 23:45:10,841 - VoiceAssistant - WARNING - warning:56 - Recording failed or was cancelled
2025-11-19 23:45:10,841 - VoiceAssistant - INFO - info:52 - Listening for audio...
2025-11-19 23:45:11,182 - VoiceAssistant - INFO - info:52 - Starting audio recording (waiting for sound...)
2025-11-19 23:45:16,196 - VoiceAssistant - WARNING - warning:56 - Max silence timeout reached during wait phase
2025-11-19 23:45:16,326 - VoiceAssistant - WARNING - warning:56 - Recording failed or was cancelled
2025-11-19 23:45:16,326 - VoiceAssistant - INFO - info:52 - Listening for audio...
2025-11-19 23:45:16,669 - VoiceAssistant - INFO - info:52 - Starting audio recording (waiting for sound...)
2025-11-19 23:45:21,686 - VoiceAssistant - WARNING - warning:56 - Max silence timeout reached during wait phase
2025-11-19 23:45:21,816 - VoiceAssistant - WARNING - warning:56 - Recording failed or was cancelled
2025-11-19 23:45:21,817 - VoiceAssistant - INFO - info:52 - Listening for audio...
2025-11-19 23:45:22,156 - VoiceAssistant - INFO - info:52 - Starting audio recording (waiting for sound...)
2025-11-19 23:45:27,170 - VoiceAssistant - WARNING - warning:56 - Max silence timeout reached during wait phase
2025-11-19 23:45:27,292 - VoiceAssistant - WARNING - warning:56 - Recording failed or was cancelled
2025-11-19 23:45:27,292 - VoiceAssistant - INFO - info:52 - Listening for audio...
2025-11-19 23:45:27,646 - VoiceAssistant - INFO - info:52 - Starting audio recording (waiting for sound...)
2025-11-19 23:45:28,476 - VoiceAssistant - INFO - info:52 - Sound detected! Recording...
2025-11-19 23:45:28,477 - VoiceAssistant - INFO - info:52 - Speech detected!
2025-11-19 23:45:30,444 - VoiceAssistant - INFO - info:52 - Silence detected, stopping recording...
2025-11-19 23:45:30,444 - VoiceAssistant - INFO - info:52 - Silence detected, processing...
2025-11-19 23:45:30,446 - VoiceAssistant - INFO - info:52 - Saved audio: files/Artur Recordings/20251119_234527_292.wav (2.8s, 245804 bytes)
2025-11-19 23:45:30,564 - VoiceAssistant - INFO - info:52 - Transcribing audio...
2025-11-19 23:45:30,564 - VoiceAssistant - INFO - info:52 - Transcribing: files/Artur Recordings/20251119_234527_292.wav (2.8s)
2025-11-19 23:45:30,990 - VoiceAssistant - INFO - info:52 - No transcription found (empty audio)
2025-11-19 23:45:30,990 - VoiceAssistant - WARNING - warning:56 - Transcription failed
2025-11-19 23:45:30,991 - VoiceAssistant - INFO - info:52 - Listening for audio...
2025-11-19 23:45:31,111 - VoiceAssistant - INFO - info:52 - Starting audio recording (waiting for sound...)
2025-11-19 23:45:31,304 - VoiceAssistant - INFO - info:52 - Sound detected! Recording...
2025-11-19 23:45:31,305 - VoiceAssistant - INFO - info:52 - Speech detected!
2025-11-19 23:45:33,649 - VoiceAssistant - INFO - info:52 - Silence detected, stopping recording...
2025-11-19 23:45:33,650 - VoiceAssistant - INFO - info:52 - Silence detected, processing...
2025-11-19 23:45:33,651 - VoiceAssistant - INFO - info:52 - Saved audio: files/Artur Recordings/20251119_234530_991.wav (2.5s, 223276 bytes)
2025-11-19 23:45:33,766 - VoiceAssistant - INFO - info:52 - Transcribing audio...
2025-11-19 23:45:33,766 - VoiceAssistant - INFO - info:52 - Transcribing: files/Artur Recordings/20251119_234530_991.wav (2.5s)
2025-11-19 23:45:34,160 - VoiceAssistant - INFO - info:52 - No transcription found (empty audio)
2025-11-19 23:45:34,160 - VoiceAssistant - WARNING - warning:56 - Transcription failed
2025-11-19 23:45:34,160 - VoiceAssistant - INFO - info:52 - Listening for audio...
2025-11-19 23:45:34,263 - VoiceAssistant - INFO - info:52 - Starting audio recording (waiting for sound...)
2025-11-19 23:45:39,277 - VoiceAssistant - WARNING - warning:56 - Max silence timeout reached during wait phase
2025-11-19 23:45:39,403 - VoiceAssistant - WARNING - warning:56 - Recording failed or was cancelled
2025-11-19 23:45:39,403 - VoiceAssistant - INFO - info:52 - Listening for audio...
2025-11-19 23:45:39,526 - VoiceAssistant - INFO - info:52 - Starting audio recording (waiting for sound...)
2025-11-19 23:45:44,544 - VoiceAssistant - WARNING - warning:56 - Max silence timeout reached during wait phase
2025-11-19 23:45:44,670 - VoiceAssistant - WARNING - warning:56 - Recording failed or was cancelled
2025-11-19 23:45:44,670 - VoiceAssistant - INFO - info:52 - Listening for audio...
2025-11-19 23:45:44,988 - VoiceAssistant - INFO - info:52 - Starting audio recording (waiting for sound...)
2025-11-19 23:45:47,756 - VoiceAssistant - INFO - info:52 - Initializing Voice Assistant...
2025-11-19 23:45:47,757 - VoiceAssistant - INFO - info:52 - Loading Whisper model: tiny (float32)
2025-11-19 23:45:48,676 - VoiceAssistant - INFO - info:52 - Whisper model loaded successfully
2025-11-19 23:45:48,712 - VoiceAssistant - INFO - info:52 - Voice Assistant initialized successfully
2025-11-19 23:45:48,712 - VoiceAssistant - INFO - info:52 - ============================================================
2025-11-19 23:45:48,712 - VoiceAssistant - INFO - info:52 - Voice Assistant Started - 2025-11-19 23:45:48
2025-11-19 23:45:48,712 - VoiceAssistant - INFO - info:52 - Mode: dictation
2025-11-19 23:45:48,712 - VoiceAssistant - INFO - info:52 - Press Ctrl+C to stop
2025-11-19 23:45:48,712 - VoiceAssistant - INFO - info:52 - ============================================================
2025-11-19 23:45:48,712 - VoiceAssistant - INFO - info:52 - Listening for audio...
2025-11-19 23:45:48,951 - VoiceAssistant - INFO - info:52 - Starting audio recording (waiting for sound...)
2025-11-19 23:45:50,001 - VoiceAssistant - WARNING - warning:56 - Max silence timeout reached during wait phase
2025-11-19 23:45:50,117 - VoiceAssistant - WARNING - warning:56 - Recording failed or was cancelled
2025-11-19 23:45:50,117 - VoiceAssistant - INFO - info:52 - Listening for audio...
2025-11-19 23:45:50,208 - VoiceAssistant - INFO - info:52 - Starting audio recording (waiting for sound...)
2025-11-19 23:45:53,967 - VoiceAssistant - WARNING - warning:56 - Max silence timeout reached during wait phase
2025-11-19 23:45:54,086 - VoiceAssistant - WARNING - warning:56 - Recording failed or was cancelled
2025-11-19 23:45:54,086 - VoiceAssistant - INFO - info:52 - Listening for audio...
2025-11-19 23:45:54,175 - VoiceAssistant - INFO - info:52 - Starting audio recording (waiting for sound...)
2025-11-19 23:45:55,221 - VoiceAssistant - WARNING - warning:56 - Max silence timeout reached during wait phase
2025-11-19 23:45:55,336 - VoiceAssistant - WARNING - warning:56 - Recording failed or was cancelled
2025-11-19 23:45:55,337 - VoiceAssistant - INFO - info:52 - Listening for audio...
2025-11-19 23:45:55,425 - VoiceAssistant - INFO - info:52 - Starting audio recording (waiting for sound...)
2025-11-19 23:45:57,392 - VoiceAssistant - INFO - info:52 - Sound detected! Recording...
2025-11-19 23:45:57,392 - VoiceAssistant - INFO - info:52 - Speech detected!
2025-11-19 23:45:57,398 - VoiceAssistant - INFO - info:52 - Sound detected! Recording...
2025-11-19 23:45:57,399 - VoiceAssistant - INFO - info:52 - Speech detected!
2025-11-19 23:45:59,289 - VoiceAssistant - INFO - info:52 - Silence detected, stopping recording...
2025-11-19 23:45:59,289 - VoiceAssistant - INFO - info:52 - Silence detected, processing...
2025-11-19 23:45:59,290 - VoiceAssistant - INFO - info:52 - Saved audio: files/Artur Recordings/20251119_234555_337.wav (2.9s, 256044 bytes)
2025-11-19 23:45:59,295 - VoiceAssistant - INFO - info:52 - Silence detected, stopping recording...
2025-11-19 23:45:59,295 - VoiceAssistant - INFO - info:52 - Silence detected, processing...
2025-11-19 23:45:59,296 - VoiceAssistant - INFO - info:52 - Saved audio: files/Artur Recordings/20251119_234554_086.wav (2.9s, 256044 bytes)
2025-11-19 23:45:59,405 - VoiceAssistant - INFO - info:52 - Transcribing audio...
2025-11-19 23:45:59,405 - VoiceAssistant - INFO - info:52 - Transcribing: files/Artur Recordings/20251119_234555_337.wav (2.9s)
2025-11-19 23:45:59,415 - VoiceAssistant - INFO - info:52 - Transcribing audio...
2025-11-19 23:45:59,415 - VoiceAssistant - INFO - info:52 - Transcribing: files/Artur Recordings/20251119_234554_086.wav (2.9s)
2025-11-19 23:45:59,946 - VoiceAssistant - INFO - info:52 - Transcription complete: '1 to 3 4' (0.54s)
2025-11-19 23:45:59,948 - VoiceAssistant - INFO - info:52 - Saved transcription: files/Artur Recordings/20251119_234555_337.json
2025-11-19 23:45:59,948 - VoiceAssistant - INFO - info:52 - Transcription: '1 to 3 4'
2025-11-19 23:45:59,949 - VoiceAssistant - INFO - info:52 - Preprocessing text...
2025-11-19 23:45:59,949 - VoiceAssistant - INFO - info:52 - Text preprocessed: '1 to 3 4.'
2025-11-19 23:45:59,949 - VoiceAssistant - INFO - info:52 - Processing as dictation: '1 to 3 4.'
2025-11-19 23:45:59,952 - VoiceAssistant - INFO - info:52 - Auto-pasting transcription...
2025-11-19 23:46:00,072 - VoiceAssistant - INFO - info:52 - Transcription complete: '1 2 3 4' (0.66s)
2025-11-19 23:46:00,073 - VoiceAssistant - INFO - info:52 - Saved transcription: files/Artur Recordings/20251119_234554_086.json
2025-11-19 23:46:00,073 - VoiceAssistant - INFO - info:52 - Transcription: '1 2 3 4'
2025-11-19 23:46:00,073 - VoiceAssistant - INFO - info:52 - Preprocessing text...
2025-11-19 23:46:00,074 - VoiceAssistant - INFO - info:52 - Text preprocessed: '1 2 3 4.'
2025-11-19 23:46:00,074 - VoiceAssistant - INFO - info:52 - Processing as dictation: '1 2 3 4.'
2025-11-19 23:46:00,076 - VoiceAssistant - INFO - info:52 - Auto-pasting transcription...
2025-11-19 23:46:00,721 - VoiceAssistant - INFO - info:52 - Successfully pasted: '1 to 3 4.'
2025-11-19 23:46:00,722 - VoiceAssistant - INFO - info:52 - Listening for audio...
2025-11-19 23:46:00,815 - VoiceAssistant - INFO - info:52 - Starting audio recording (waiting for sound...)
2025-11-19 23:46:00,916 - VoiceAssistant - INFO - info:52 - Successfully pasted: '1 2 3 4.'
2025-11-19 23:46:00,916 - VoiceAssistant - INFO - info:52 - Listening for audio...
2025-11-19 23:46:01,023 - VoiceAssistant - INFO - info:52 - Starting audio recording (waiting for sound...)
2025-11-19 23:46:05,829 - VoiceAssistant - WARNING - warning:56 - Max silence timeout reached during wait phase
2025-11-19 23:46:05,945 - VoiceAssistant - WARNING - warning:56 - Recording failed or was cancelled
2025-11-19 23:46:05,945 - VoiceAssistant - INFO - info:52 - Listening for audio...
2025-11-19 23:46:06,040 - VoiceAssistant - WARNING - warning:56 - Max silence timeout reached during wait phase
2025-11-19 23:46:06,041 - VoiceAssistant - INFO - info:52 - Starting audio recording (waiting for sound...)
2025-11-19 23:46:06,155 - VoiceAssistant - WARNING - warning:56 - Recording failed or was cancelled
2025-11-19 23:46:06,156 - VoiceAssistant - INFO - info:52 - Listening for audio...
2025-11-19 23:46:06,247 - VoiceAssistant - INFO - info:52 - Starting audio recording (waiting for sound...)
2025-11-19 23:46:09,832 - VoiceAssistant - INFO - info:52 - Sound detected! Recording...
2025-11-19 23:46:09,832 - VoiceAssistant - INFO - info:52 - Speech detected!
2025-11-19 23:46:09,841 - VoiceAssistant - INFO - info:52 - Sound detected! Recording...
2025-11-19 23:46:09,841 - VoiceAssistant - INFO - info:52 - Speech detected!
2025-11-19 23:46:11,219 - VoiceAssistant - INFO - info:52 - Silence detected, stopping recording...
2025-11-19 23:46:11,220 - VoiceAssistant - INFO - info:52 - Silence detected, processing...
2025-11-19 23:46:11,221 - VoiceAssistant - INFO - info:52 - Saved audio: files/Artur Recordings/20251119_234606_156.wav (2.4s, 210988 bytes)
2025-11-19 23:46:11,225 - VoiceAssistant - INFO - info:52 - Silence detected, stopping recording...
2025-11-19 23:46:11,225 - VoiceAssistant - INFO - info:52 - Silence detected, processing...
2025-11-19 23:46:11,226 - VoiceAssistant - INFO - info:52 - Saved audio: files/Artur Recordings/20251119_234605_945.wav (2.4s, 210988 bytes)
2025-11-19 23:46:11,335 - VoiceAssistant - INFO - info:52 - Transcribing audio...
2025-11-19 23:46:11,336 - VoiceAssistant - INFO - info:52 - Transcribing: files/Artur Recordings/20251119_234606_156.wav (2.4s)
2025-11-19 23:46:11,343 - VoiceAssistant - INFO - info:52 - Transcribing audio...
2025-11-19 23:46:11,343 - VoiceAssistant - INFO - info:52 - Transcribing: files/Artur Recordings/20251119_234605_945.wav (2.4s)
2025-11-19 23:46:12,190 - VoiceAssistant - INFO - info:52 - No transcription found (empty audio)
2025-11-19 23:46:12,190 - VoiceAssistant - WARNING - warning:56 - Transcription failed
2025-11-19 23:46:12,191 - VoiceAssistant - INFO - info:52 - Listening for audio...
2025-11-19 23:46:12,197 - VoiceAssistant - INFO - info:52 - No transcription found (empty audio)
2025-11-19 23:46:12,197 - VoiceAssistant - WARNING - warning:56 - Transcription failed
2025-11-19 23:46:12,197 - VoiceAssistant - INFO - info:52 - Listening for audio...
2025-11-19 23:46:12,392 - VoiceAssistant - INFO - info:52 - Starting audio recording (waiting for sound...)
2025-11-19 23:46:12,416 - VoiceAssistant - INFO - info:52 - Starting audio recording (waiting for sound...)
2025-11-19 23:46:12,434 - VoiceAssistant - INFO - info:52 - Sound detected! Recording...
2025-11-19 23:46:12,434 - VoiceAssistant - INFO - info:52 - Speech detected!
2025-11-19 23:46:12,459 - VoiceAssistant - INFO - info:52 - Sound detected! Recording...
2025-11-19 23:46:12,459 - VoiceAssistant - INFO - info:52 - Speech detected!
2025-11-19 23:46:13,722 - VoiceAssistant - INFO - info:52 - Silence detected, stopping recording...
2025-11-19 23:46:13,723 - VoiceAssistant - INFO - info:52 - Silence detected, processing...
2025-11-19 23:46:13,726 - VoiceAssistant - INFO - info:52 - Saved audio: files/Artur Recordings/20251119_234612_197.wav (1.3s, 114732 bytes)
2025-11-19 23:46:13,739 - VoiceAssistant - INFO - info:52 - Silence detected, stopping recording...
2025-11-19 23:46:13,739 - VoiceAssistant - INFO - info:52 - Silence detected, processing...
2025-11-19 23:46:13,741 - VoiceAssistant - INFO - info:52 - Saved audio: files/Artur Recordings/20251119_234612_190.wav (1.3s, 116780 bytes)
2025-11-19 23:46:13,842 - VoiceAssistant - INFO - info:52 - Transcribing audio...
2025-11-19 23:46:13,843 - VoiceAssistant - INFO - info:52 - Transcribing: files/Artur Recordings/20251119_234612_197.wav (1.3s)
2025-11-19 23:46:13,867 - VoiceAssistant - INFO - info:52 - Transcribing audio...
2025-11-19 23:46:13,868 - VoiceAssistant - INFO - info:52 - Transcribing: files/Artur Recordings/20251119_234612_190.wav (1.3s)
2025-11-19 23:46:15,353 - VoiceAssistant - INFO - info:52 - Transcription complete: 'for.' (1.49s)
2025-11-19 23:46:15,355 - VoiceAssistant - INFO - info:52 - Saved transcription: files/Artur Recordings/20251119_234612_190.json
2025-11-19 23:46:15,356 - VoiceAssistant - INFO - info:52 - Transcription: 'for.'
2025-11-19 23:46:15,356 - VoiceAssistant - INFO - info:52 - Preprocessing text...
2025-11-19 23:46:15,356 - VoiceAssistant - INFO - info:52 - Text preprocessed: 'For.'
2025-11-19 23:46:15,356 - VoiceAssistant - INFO - info:52 - Processing as dictation: 'For.'
2025-11-19 23:46:15,358 - VoiceAssistant - INFO - info:52 - Auto-pasting transcription...
2025-11-19 23:46:15,634 - VoiceAssistant - INFO - info:52 - Transcription complete: '4.  2.  3.  4.  4.  7.  4.  4.  3.  7.  4.  4.  4.  5.  6.  6.  6.  5.  6.  6.  6.' (1.79s)
2025-11-19 23:46:15,634 - VoiceAssistant - INFO - info:52 - Saved transcription: files/Artur Recordings/20251119_234612_197.json
2025-11-19 23:46:15,635 - VoiceAssistant - INFO - info:52 - Transcription: '4.  2.  3.  4.  4.  7.  4.  4.  3.  7.  4.  4.  4.  5.  6.  6.  6.  5.  6.  6.  6.'
2025-11-19 23:46:15,635 - VoiceAssistant - INFO - info:52 - Preprocessing text...
2025-11-19 23:46:15,635 - VoiceAssistant - INFO - info:52 - Text preprocessed: '4.  2.  3.  4.  4.  7.  4.  4.  3.  7.  4.  4.  4.  5.  6.  6.  6.  5.  6.  6.  6.'
2025-11-19 23:46:15,635 - VoiceAssistant - INFO - info:52 - Processing as dictation: '4.  2.  3.  4.  4.  7.  4.  4.  3.  7.  4.  4.  4.  5.  6.  6.  6.  5.  6.  6.  6.'
2025-11-19 23:46:15,655 - VoiceAssistant - INFO - info:52 - Auto-pasting transcription...
2025-11-19 23:46:16,128 - VoiceAssistant - INFO - info:52 - Successfully pasted: 'For.'
2025-11-19 23:46:16,128 - VoiceAssistant - INFO - info:52 - Listening for audio...
2025-11-19 23:46:16,218 - VoiceAssistant - INFO - info:52 - Starting audio recording (waiting for sound...)
2025-11-19 23:46:16,424 - VoiceAssistant - INFO - info:52 - Successfully pasted: '4.  2.  3.  4.  4.  7.  4.  4.  3.  7.  4.  4.  4.  5.  6.  6.  6.  5.  6.  6.  6.'
2025-11-19 23:46:16,424 - VoiceAssistant - INFO - info:52 - Listening for audio...
2025-11-19 23:46:16,513 - VoiceAssistant - INFO - info:52 - Starting audio recording (waiting for sound...)
2025-11-19 23:46:21,231 - VoiceAssistant - WARNING - warning:56 - Max silence timeout reached during wait phase
2025-11-19 23:46:21,345 - VoiceAssistant - WARNING - warning:56 - Recording failed or was cancelled
2025-11-19 23:46:21,345 - VoiceAssistant - INFO - info:52 - Listening for audio...
2025-11-19 23:46:21,434 - VoiceAssistant - INFO - info:52 - Starting audio recording (waiting for sound...)
2025-11-19 23:46:21,527 - VoiceAssistant - WARNING - warning:56 - Max silence timeout reached during wait phase
2025-11-19 23:46:21,642 - VoiceAssistant - WARNING - warning:56 - Recording failed or was cancelled
2025-11-19 23:46:21,642 - VoiceAssistant - INFO - info:52 - Listening for audio...
2025-11-19 23:46:21,743 - VoiceAssistant - INFO - info:52 - Starting audio recording (waiting for sound...)
2025-11-19 23:46:23,908 - VoiceAssistant - INFO - info:52 - Sound detected! Recording...
2025-11-19 23:46:23,908 - VoiceAssistant - INFO - info:52 - Speech detected!
2025-11-19 23:46:23,921 - VoiceAssistant - INFO - info:52 - Sound detected! Recording...
2025-11-19 23:46:23,921 - VoiceAssistant - INFO - info:52 - Speech detected!
2025-11-19 23:46:25,233 - VoiceAssistant - INFO - info:52 - Silence detected, stopping recording...
2025-11-19 23:46:25,233 - VoiceAssistant - INFO - info:52 - Silence detected, processing...
2025-11-19 23:46:25,234 - VoiceAssistant - INFO - info:52 - Saved audio: files/Artur Recordings/20251119_234621_345.wav (2.3s, 204844 bytes)
2025-11-19 23:46:25,244 - VoiceAssistant - INFO - info:52 - Silence detected, stopping recording...
2025-11-19 23:46:25,244 - VoiceAssistant - INFO - info:52 - Silence detected, processing...
2025-11-19 23:46:25,245 - VoiceAssistant - INFO - info:52 - Saved audio: files/Artur Recordings/20251119_234621_642.wav (2.3s, 204844 bytes)
2025-11-19 23:46:25,349 - VoiceAssistant - INFO - info:52 - Transcribing audio...
2025-11-19 23:46:25,349 - VoiceAssistant - INFO - info:52 - Transcribing: files/Artur Recordings/20251119_234621_345.wav (2.3s)
2025-11-19 23:46:25,360 - VoiceAssistant - INFO - info:52 - Transcribing audio...
2025-11-19 23:46:25,360 - VoiceAssistant - INFO - info:52 - Transcribing: files/Artur Recordings/20251119_234621_642.wav (2.3s)
2025-11-19 23:46:25,895 - VoiceAssistant - INFO - info:52 - No transcription found (empty audio)
2025-11-19 23:46:25,896 - VoiceAssistant - WARNING - warning:56 - Transcription failed
2025-11-19 23:46:25,896 - VoiceAssistant - INFO - info:52 - Listening for audio...
2025-11-19 23:46:25,912 - VoiceAssistant - INFO - info:52 - No transcription found (empty audio)
2025-11-19 23:46:25,913 - VoiceAssistant - WARNING - warning:56 - Transcription failed
2025-11-19 23:46:25,913 - VoiceAssistant - INFO - info:52 - Listening for audio...
2025-11-19 23:46:26,073 - VoiceAssistant - INFO - info:52 - Starting audio recording (waiting for sound...)
2025-11-19 23:46:26,098 - VoiceAssistant - INFO - info:52 - Starting audio recording (waiting for sound...)
2025-11-19 23:46:31,085 - VoiceAssistant - WARNING - warning:56 - Max silence timeout reached during wait phase
2025-11-19 23:46:31,113 - VoiceAssistant - WARNING - warning:56 - Max silence timeout reached during wait phase
2025-11-19 23:46:31,200 - VoiceAssistant - WARNING - warning:56 - Recording failed or was cancelled
2025-11-19 23:46:31,200 - VoiceAssistant - INFO - info:52 - Listening for audio...
2025-11-19 23:46:31,228 - VoiceAssistant - WARNING - warning:56 - Recording failed or was cancelled
2025-11-19 23:46:31,229 - VoiceAssistant - INFO - info:52 - Listening for audio...
2025-11-19 23:46:31,328 - VoiceAssistant - INFO - info:52 - Starting audio recording (waiting for sound...)
2025-11-19 23:46:31,371 - VoiceAssistant - INFO - info:52 - Starting audio recording (waiting for sound...)
2025-11-19 23:46:33,397 - VoiceAssistant - INFO - info:52 - Sound detected! Recording...
2025-11-19 23:46:33,398 - VoiceAssistant - INFO - info:52 - Speech detected!
2025-11-19 23:46:33,402 - VoiceAssistant - INFO - info:52 - Sound detected! Recording...
2025-11-19 23:46:33,402 - VoiceAssistant - INFO - info:52 - Speech detected!
2025-11-19 23:46:34,404 - VoiceAssistant - INFO - info:52 - Silence detected, stopping recording...
2025-11-19 23:46:34,404 - VoiceAssistant - INFO - info:52 - Silence detected, processing...
2025-11-19 23:46:34,405 - VoiceAssistant - INFO - info:52 - Saved audio: files/Artur Recordings/20251119_234631_200.wav (2.0s, 176172 bytes)
2025-11-19 23:46:34,519 - VoiceAssistant - INFO - info:52 - Transcribing audio...
2025-11-19 23:46:34,519 - VoiceAssistant - INFO - info:52 - Transcribing: files/Artur Recordings/20251119_234631_200.wav (2.0s)
2025-11-19 23:46:34,806 - VoiceAssistant - INFO - info:52 - Silence detected, stopping recording...
2025-11-19 23:46:34,806 - VoiceAssistant - INFO - info:52 - Silence detected, processing...
2025-11-19 23:46:34,807 - VoiceAssistant - INFO - info:52 - Saved audio: files/Artur Recordings/20251119_234631_229.wav (2.4s, 210988 bytes)
2025-11-19 23:46:34,929 - VoiceAssistant - INFO - info:52 - No transcription found (empty audio)
2025-11-19 23:46:34,929 - VoiceAssistant - WARNING - warning:56 - Transcription failed
2025-11-19 23:46:34,929 - VoiceAssistant - INFO - info:52 - Listening for audio...
2025-11-19 23:46:34,932 - VoiceAssistant - INFO - info:52 - Transcribing audio...
2025-11-19 23:46:34,932 - VoiceAssistant - INFO - info:52 - Transcribing: files/Artur Recordings/20251119_234631_229.wav (2.4s)
2025-11-19 23:46:35,296 - VoiceAssistant - INFO - info:52 - Starting audio recording (waiting for sound...)
2025-11-19 23:46:35,347 - VoiceAssistant - INFO - info:52 - No transcription found (empty audio)
2025-11-19 23:46:35,347 - VoiceAssistant - WARNING - warning:56 - Transcription failed
2025-11-19 23:46:35,348 - VoiceAssistant - INFO - info:52 - Listening for audio...
2025-11-19 23:46:35,444 - VoiceAssistant - INFO - info:52 - Starting audio recording (waiting for sound...)
2025-11-19 23:46:40,314 - VoiceAssistant - WARNING - warning:56 - Max silence timeout reached during wait phase
2025-11-19 23:46:40,429 - VoiceAssistant - WARNING - warning:56 - Recording failed or was cancelled
2025-11-19 23:46:40,429 - VoiceAssistant - INFO - info:52 - Listening for audio...
2025-11-19 23:46:40,456 - VoiceAssistant - WARNING - warning:56 - Max silence timeout reached during wait phase
2025-11-19 23:46:40,590 - VoiceAssistant - WARNING - warning:56 - Recording failed or was cancelled
2025-11-19 23:46:40,591 - VoiceAssistant - INFO - info:52 - Listening for audio...
2025-11-19 23:46:40,760 - VoiceAssistant - INFO - info:52 - Starting audio recording (waiting for sound...)
2025-11-19 23:46:40,760 - VoiceAssistant - INFO - info:52 - Starting audio recording (waiting for sound...)
2025-11-19 23:46:44,220 - VoiceAssistant - INFO - info:52 - Recording interrupted by user
2025-11-19 23:46:44,335 - VoiceAssistant - WARNING - warning:56 - Recording failed or was cancelled
2025-11-19 23:46:44,335 - VoiceAssistant - INFO - info:52 - Listening for audio...
2025-11-19 23:46:44,430 - VoiceAssistant - INFO - info:52 - Starting audio recording (waiting for sound...)
2025-11-19 23:46:45,776 - VoiceAssistant - WARNING - warning:56 - Max silence timeout reached during wait phase
2025-11-19 23:46:45,902 - VoiceAssistant - WARNING - warning:56 - Recording failed or was cancelled
2025-11-19 23:46:45,902 - VoiceAssistant - INFO - info:52 - Listening for audio...
2025-11-19 23:46:46,253 - VoiceAssistant - INFO - info:52 - Starting audio recording (waiting for sound...)
2025-11-19 23:46:51,268 - VoiceAssistant - WARNING - warning:56 - Max silence timeout reached during wait phase
2025-11-19 23:46:51,394 - VoiceAssistant - WARNING - warning:56 - Recording failed or was cancelled
2025-11-19 23:46:51,394 - VoiceAssistant - INFO - info:52 - Listening for audio...
2025-11-19 23:46:51,755 - VoiceAssistant - INFO - info:52 - Starting audio recording (waiting for sound...)
2025-11-19 23:46:54,850 - VoiceAssistant - INFO - info:52 - Sound detected! Recording...
2025-11-19 23:46:54,850 - VoiceAssistant - INFO - info:52 - Speech detected!
2025-11-19 23:46:56,042 - VoiceAssistant - INFO - info:52 - Silence detected, stopping recording...
2025-11-19 23:46:56,043 - VoiceAssistant - INFO - info:52 - Silence detected, processing...
2025-11-19 23:46:56,044 - VoiceAssistant - INFO - info:52 - Saved audio: files/Artur Recordings/20251119_234651_394.wav (2.2s, 192556 bytes)
2025-11-19 23:46:56,159 - VoiceAssistant - INFO - info:52 - Transcribing audio...
2025-11-19 23:46:56,160 - VoiceAssistant - INFO - info:52 - Transcribing: files/Artur Recordings/20251119_234651_394.wav (2.2s)
2025-11-19 23:46:56,731 - VoiceAssistant - INFO - info:52 - No transcription found (empty audio)
2025-11-19 23:46:56,732 - VoiceAssistant - WARNING - warning:56 - Transcription failed
2025-11-19 23:46:56,732 - VoiceAssistant - INFO - info:52 - Listening for audio...
2025-11-19 23:46:56,819 - VoiceAssistant - INFO - info:52 - Starting audio recording (waiting for sound...)
2025-11-19 23:47:01,834 - VoiceAssistant - WARNING - warning:56 - Max silence timeout reached during wait phase
2025-11-19 23:47:01,949 - VoiceAssistant - WARNING - warning:56 - Recording failed or was cancelled
2025-11-19 23:47:01,950 - VoiceAssistant - INFO - info:52 - Listening for audio...
2025-11-19 23:47:02,048 - VoiceAssistant - INFO - info:52 - Starting audio recording (waiting for sound...)
2025-11-19 23:47:07,063 - VoiceAssistant - WARNING - warning:56 - Max silence timeout reached during wait phase
2025-11-19 23:47:07,178 - VoiceAssistant - WARNING - warning:56 - Recording failed or was cancelled
2025-11-19 23:47:07,178 - VoiceAssistant - INFO - info:52 - Listening for audio...
2025-11-19 23:47:07,271 - VoiceAssistant - INFO - info:52 - Starting audio recording (waiting for sound...)
2025-11-19 23:47:08,444 - VoiceAssistant - INFO - info:52 - Sound detected! Recording...
2025-11-19 23:47:08,445 - VoiceAssistant - INFO - info:52 - Speech detected!
2025-11-19 23:47:16,854 - VoiceAssistant - INFO - info:52 - Silence detected, stopping recording...
2025-11-19 23:47:16,854 - VoiceAssistant - INFO - info:52 - Silence detected, processing...
2025-11-19 23:47:16,855 - VoiceAssistant - INFO - info:52 - Saved audio: files/Artur Recordings/20251119_234707_178.wav (9.4s, 829484 bytes)
2025-11-19 23:47:16,969 - VoiceAssistant - INFO - info:52 - Transcribing audio...
2025-11-19 23:47:16,970 - VoiceAssistant - INFO - info:52 - Transcribing: files/Artur Recordings/20251119_234707_178.wav (9.4s)
2025-11-19 23:47:18,161 - VoiceAssistant - INFO - info:52 - Transcription complete: 'This is the long-term get-in. I want it to be exactly the same once as on the item  points assistant or original one.' (1.19s)
2025-11-19 23:47:18,162 - VoiceAssistant - INFO - info:52 - Saved transcription: files/Artur Recordings/20251119_234707_178.json
2025-11-19 23:47:18,162 - VoiceAssistant - INFO - info:52 - Transcription: 'This is the long-term get-in. I want it to be exactly the same once as on the item  points assistant or original one.'
2025-11-19 23:47:18,162 - VoiceAssistant - INFO - info:52 - Preprocessing text...
2025-11-19 23:47:18,163 - VoiceAssistant - INFO - info:52 - Text preprocessed: 'This is the long-term get-in. I want it to be exactly the same once as on the item  points assistant or original one.'
2025-11-19 23:47:18,163 - VoiceAssistant - INFO - info:52 - Processing as dictation: 'This is the long-term get-in. I want it to be exactly the same once as on the item  points assistant or original one.'
2025-11-19 23:47:18,191 - VoiceAssistant - INFO - info:52 - Auto-pasting transcription...
2025-11-19 23:47:18,962 - VoiceAssistant - INFO - info:52 - Successfully pasted: 'This is the long-term get-in. I want it to be exactly the same once as on the item  points assistant or original one.'
2025-11-19 23:47:18,963 - VoiceAssistant - INFO - info:52 - Listening for audio...
2025-11-19 23:47:19,129 - VoiceAssistant - INFO - info:52 - Starting audio recording (waiting for sound...)
2025-11-19 23:47:24,146 - VoiceAssistant - WARNING - warning:56 - Max silence timeout reached during wait phase
2025-11-19 23:47:24,262 - VoiceAssistant - WARNING - warning:56 - Recording failed or was cancelled
2025-11-19 23:47:24,262 - VoiceAssistant - INFO - info:52 - Listening for audio...
2025-11-19 23:47:24,359 - VoiceAssistant - INFO - info:52 - Starting audio recording (waiting for sound...)
2025-11-19 23:47:29,376 - VoiceAssistant - WARNING - warning:56 - Max silence timeout reached during wait phase
2025-11-19 23:47:29,492 - VoiceAssistant - WARNING - warning:56 - Recording failed or was cancelled
2025-11-19 23:47:29,493 - VoiceAssistant - INFO - info:52 - Listening for audio...
2025-11-19 23:47:29,587 - VoiceAssistant - INFO - info:52 - Starting audio recording (waiting for sound...)
2025-11-19 23:47:34,603 - VoiceAssistant - WARNING - warning:56 - Max silence timeout reached during wait phase
2025-11-19 23:47:34,719 - VoiceAssistant - WARNING - warning:56 - Recording failed or was cancelled
2025-11-19 23:47:34,720 - VoiceAssistant - INFO - info:52 - Listening for audio...
2025-11-19 23:47:34,816 - VoiceAssistant - INFO - info:52 - Starting audio recording (waiting for sound...)
2025-11-19 23:47:39,830 - VoiceAssistant - WARNING - warning:56 - Max silence timeout reached during wait phase
2025-11-19 23:47:39,946 - VoiceAssistant - WARNING - warning:56 - Recording failed or was cancelled
2025-11-19 23:47:39,946 - VoiceAssistant - INFO - info:52 - Listening for audio...
2025-11-19 23:47:40,036 - VoiceAssistant - INFO - info:52 - Starting audio recording (waiting for sound...)
2025-11-19 23:47:42,493 - VoiceAssistant - INFO - info:52 - Sound detected! Recording...
2025-11-19 23:47:42,493 - VoiceAssistant - INFO - info:52 - Speech detected!
2025-11-19 23:47:44,222 - VoiceAssistant - INFO - info:52 - Silence detected, stopping recording...
2025-11-19 23:47:44,223 - VoiceAssistant - INFO - info:52 - Silence detected, processing...
2025-11-19 23:47:44,224 - VoiceAssistant - INFO - info:52 - Saved audio: files/Artur Recordings/20251119_234739_946.wav (2.7s, 241708 bytes)
2025-11-19 23:47:44,339 - VoiceAssistant - INFO - info:52 - Transcribing audio...
2025-11-19 23:47:44,340 - VoiceAssistant - INFO - info:52 - Transcribing: files/Artur Recordings/20251119_234739_946.wav (2.7s)
2025-11-19 23:47:44,866 - VoiceAssistant - INFO - info:52 - No transcription found (empty audio)
2025-11-19 23:47:44,866 - VoiceAssistant - WARNING - warning:56 - Transcription failed
2025-11-19 23:47:44,866 - VoiceAssistant - INFO - info:52 - Listening for audio...
2025-11-19 23:47:44,978 - VoiceAssistant - INFO - info:52 - Starting audio recording (waiting for sound...)
2025-11-19 23:47:49,995 - VoiceAssistant - WARNING - warning:56 - Max silence timeout reached during wait phase
2025-11-19 23:47:50,110 - VoiceAssistant - WARNING - warning:56 - Recording failed or was cancelled
2025-11-19 23:47:50,110 - VoiceAssistant - INFO - info:52 - Listening for audio...
2025-11-19 23:47:50,201 - VoiceAssistant - INFO - info:52 - Starting audio recording (waiting for sound...)
2025-11-19 23:47:53,124 - VoiceAssistant - INFO - info:52 - Sound detected! Recording...
2025-11-19 23:47:53,125 - VoiceAssistant - INFO - info:52 - Speech detected!
2025-11-19 23:47:54,212 - VoiceAssistant - INFO - info:52 - Silence detected, stopping recording...
2025-11-19 23:47:54,213 - VoiceAssistant - INFO - info:52 - Silence detected, processing...
2025-11-19 23:47:54,213 - VoiceAssistant - INFO - info:52 - Saved audio: files/Artur Recordings/20251119_234750_110.wav (2.1s, 184364 bytes)
2025-11-19 23:47:54,338 - VoiceAssistant - INFO - info:52 - Transcribing audio...
2025-11-19 23:47:54,338 - VoiceAssistant - INFO - info:52 - Transcribing: files/Artur Recordings/20251119_234750_110.wav (2.1s)
2025-11-19 23:47:54,791 - VoiceAssistant - INFO - info:52 - No transcription found (empty audio)
2025-11-19 23:47:54,791 - VoiceAssistant - WARNING - warning:56 - Transcription failed
2025-11-19 23:47:54,792 - VoiceAssistant - INFO - info:52 - Listening for audio...
2025-11-19 23:47:54,904 - VoiceAssistant - INFO - info:52 - Starting audio recording (waiting for sound...)
2025-11-19 23:47:59,920 - VoiceAssistant - WARNING - warning:56 - Max silence timeout reached during wait phase
2025-11-19 23:48:00,035 - VoiceAssistant - WARNING - warning:56 - Recording failed or was cancelled
2025-11-19 23:48:00,035 - VoiceAssistant - INFO - info:52 - Listening for audio...
2025-11-19 23:48:00,126 - VoiceAssistant - INFO - info:52 - Starting audio recording (waiting for sound...)
2025-11-19 23:48:05,142 - VoiceAssistant - WARNING - warning:56 - Max silence timeout reached during wait phase
2025-11-19 23:48:05,258 - VoiceAssistant - WARNING - warning:56 - Recording failed or was cancelled
2025-11-19 23:48:05,258 - VoiceAssistant - INFO - info:52 - Listening for audio...
2025-11-19 23:48:05,350 - VoiceAssistant - INFO - info:52 - Starting audio recording (waiting for sound...)
2025-11-19 23:48:10,364 - VoiceAssistant - WARNING - warning:56 - Max silence timeout reached during wait phase
2025-11-19 23:48:10,480 - VoiceAssistant - WARNING - warning:56 - Recording failed or was cancelled
2025-11-19 23:48:10,480 - VoiceAssistant - INFO - info:52 - Listening for audio...
2025-11-19 23:48:10,572 - VoiceAssistant - INFO - info:52 - Starting audio recording (waiting for sound...)
2025-11-19 23:48:15,587 - VoiceAssistant - WARNING - warning:56 - Max silence timeout reached during wait phase
2025-11-19 23:48:15,703 - VoiceAssistant - WARNING - warning:56 - Recording failed or was cancelled
2025-11-19 23:48:15,704 - VoiceAssistant - INFO - info:52 - Listening for audio...
2025-11-19 23:48:15,795 - VoiceAssistant - INFO - info:52 - Starting audio recording (waiting for sound...)
2025-11-19 23:48:20,812 - VoiceAssistant - WARNING - warning:56 - Max silence timeout reached during wait phase
2025-11-19 23:48:20,928 - VoiceAssistant - WARNING - warning:56 - Recording failed or was cancelled
2025-11-19 23:48:20,928 - VoiceAssistant - INFO - info:52 - Listening for audio...
2025-11-19 23:48:21,023 - VoiceAssistant - INFO - info:52 - Starting audio recording (waiting for sound...)
2025-11-19 23:48:24,662 - VoiceAssistant - INFO - info:50 - Initializing Voice Assistant...
2025-11-19 23:48:24,663 - VoiceAssistant - INFO - info:50 - Loading Whisper model: tiny (float32)
2025-11-19 23:48:26,040 - VoiceAssistant - WARNING - warning:56 - Max silence timeout reached during wait phase
2025-11-19 23:48:26,110 - VoiceAssistant - INFO - info:50 - Whisper model loaded successfully
2025-11-19 23:48:26,144 - VoiceAssistant - INFO - info:50 - Voice Assistant initialized successfully
2025-11-19 23:48:26,145 - VoiceAssistant - INFO - info:50 - ============================================================
2025-11-19 23:48:26,145 - VoiceAssistant - INFO - info:50 - Voice Assistant Started - 2025-11-19 23:48:26
2025-11-19 23:48:26,145 - VoiceAssistant - INFO - info:50 - Mode: dictation
2025-11-19 23:48:26,145 - VoiceAssistant - INFO - info:50 - Press Ctrl+C to stop
2025-11-19 23:48:26,145 - VoiceAssistant - INFO - info:50 - ============================================================
2025-11-19 23:48:26,145 - VoiceAssistant - INFO - info:50 - Listening for audio...
2025-11-19 23:48:26,155 - VoiceAssistant - WARNING - warning:56 - Recording failed or was cancelled
2025-11-19 23:48:26,155 - VoiceAssistant - INFO - info:52 - Listening for audio...
2025-11-19 23:48:26,295 - VoiceAssistant - INFO - info:52 - Starting audio recording (waiting for sound...)
2025-11-19 23:48:26,422 - VoiceAssistant - INFO - info:50 - Starting audio recording (waiting for sound...)
2025-11-19 23:48:31,181 - VoiceAssistant - INFO - info:50 - Sound detected! Recording...
2025-11-19 23:48:31,182 - VoiceAssistant - INFO - info:50 - Speech detected!
2025-11-19 23:48:31,182 - VoiceAssistant - INFO - info:52 - Sound detected! Recording...
2025-11-19 23:48:31,182 - VoiceAssistant - INFO - info:52 - Speech detected!
2025-11-19 23:48:33,143 - VoiceAssistant - INFO - info:52 - Silence detected, stopping recording...
2025-11-19 23:48:33,143 - VoiceAssistant - INFO - info:50 - Silence detected, stopping recording...
2025-11-19 23:48:33,143 - VoiceAssistant - INFO - info:52 - Silence detected, processing...
2025-11-19 23:48:33,143 - VoiceAssistant - INFO - info:50 - Silence detected, processing...
2025-11-19 23:48:33,144 - VoiceAssistant - INFO - info:52 - Saved audio: files/Artur Recordings/20251119_234826_155.wav (2.9s, 260140 bytes)
2025-11-19 23:48:33,145 - VoiceAssistant - INFO - info:50 - Saved audio: files/Artur Recordings/20251119_234826_145.wav (3.0s, 262188 bytes)
2025-11-19 23:48:33,261 - VoiceAssistant - INFO - info:52 - Transcribing audio...
2025-11-19 23:48:33,266 - VoiceAssistant - INFO - info:50 - Transcribing audio...
2025-11-19 23:48:33,266 - VoiceAssistant - INFO - info:52 - Transcribing: files/Artur Recordings/20251119_234826_155.wav (2.9s)
2025-11-19 23:48:33,269 - VoiceAssistant - INFO - info:50 - Transcribing: files/Artur Recordings/20251119_234826_145.wav (3.0s)
2025-11-19 23:48:33,890 - VoiceAssistant - INFO - info:52 - Transcription complete: '1, 2, 3, 4.' (0.62s)
2025-11-19 23:48:33,891 - VoiceAssistant - INFO - info:52 - Saved transcription: files/Artur Recordings/20251119_234826_155.json
2025-11-19 23:48:33,891 - VoiceAssistant - INFO - info:52 - Transcription: '1, 2, 3, 4.'
2025-11-19 23:48:33,892 - VoiceAssistant - INFO - info:52 - Preprocessing text...
2025-11-19 23:48:33,892 - VoiceAssistant - INFO - info:52 - Text preprocessed: '1, 2, 3, 4.'
2025-11-19 23:48:33,892 - VoiceAssistant - INFO - info:52 - Processing as dictation: '1, 2, 3, 4.'
2025-11-19 23:48:33,895 - VoiceAssistant - INFO - info:52 - Auto-pasting transcription...
2025-11-19 23:48:34,019 - VoiceAssistant - INFO - info:50 - Transcription complete: '1, 2, 3, 4.' (0.75s)
2025-11-19 23:48:34,020 - VoiceAssistant - INFO - info:50 - Saved transcription: files/Artur Recordings/20251119_234826_145.json
2025-11-19 23:48:34,020 - VoiceAssistant - INFO - info:50 - Transcription: '1, 2, 3, 4.'
2025-11-19 23:48:34,020 - VoiceAssistant - INFO - info:50 - Preprocessing text...
2025-11-19 23:48:34,021 - VoiceAssistant - INFO - info:50 - Text preprocessed: '1, 2, 3, 4.'
2025-11-19 23:48:34,022 - VoiceAssistant - INFO - info:50 - Processing as dictation: '1, 2, 3, 4.'
2025-11-19 23:48:34,025 - VoiceAssistant - INFO - info:50 - Auto-pasting transcription...
2025-11-19 23:48:34,666 - VoiceAssistant - INFO - info:52 - Successfully pasted: '1, 2, 3, 4.'
2025-11-19 23:48:34,667 - VoiceAssistant - INFO - info:52 - Listening for audio...
2025-11-19 23:48:34,769 - VoiceAssistant - INFO - info:52 - Starting audio recording (waiting for sound...)
2025-11-19 23:48:34,878 - VoiceAssistant - INFO - info:50 - Successfully pasted: '1, 2, 3, 4.'
2025-11-19 23:48:34,878 - VoiceAssistant - INFO - info:50 - Listening for audio...
2025-11-19 23:48:34,968 - VoiceAssistant - INFO - info:50 - Starting audio recording (waiting for sound...)
2025-11-19 23:48:36,052 - VoiceAssistant - INFO - info:52 - Sound detected! Recording...
2025-11-19 23:48:36,052 - VoiceAssistant - INFO - info:52 - Speech detected!
2025-11-19 23:48:36,079 - VoiceAssistant - INFO - info:50 - Sound detected! Recording...
2025-11-19 23:48:36,079 - VoiceAssistant - INFO - info:50 - Speech detected!
2025-11-19 23:48:38,674 - VoiceAssistant - INFO - info:52 - Silence detected, stopping recording...
2025-11-19 23:48:38,675 - VoiceAssistant - INFO - info:52 - Silence detected, processing...
2025-11-19 23:48:38,677 - VoiceAssistant - INFO - info:52 - Saved audio: files/Artur Recordings/20251119_234834_667.wav (3.6s, 319532 bytes)
2025-11-19 23:48:38,680 - VoiceAssistant - INFO - info:50 - Silence detected, stopping recording...
2025-11-19 23:48:38,680 - VoiceAssistant - INFO - info:50 - Silence detected, processing...
2025-11-19 23:48:38,680 - VoiceAssistant - INFO - info:50 - Saved audio: files/Artur Recordings/20251119_234834_878.wav (3.6s, 317484 bytes)
2025-11-19 23:48:38,792 - VoiceAssistant - INFO - info:52 - Transcribing audio...
2025-11-19 23:48:38,793 - VoiceAssistant - INFO - info:52 - Transcribing: files/Artur Recordings/20251119_234834_667.wav (3.6s)
2025-11-19 23:48:38,806 - VoiceAssistant - INFO - info:50 - Transcribing audio...
2025-11-19 23:48:38,807 - VoiceAssistant - INFO - info:50 - Transcribing: files/Artur Recordings/20251119_234834_878.wav (3.6s)
2025-11-19 23:48:39,392 - VoiceAssistant - INFO - info:52 - Transcription complete: '1, 2, 3, 4.' (0.60s)
2025-11-19 23:48:39,393 - VoiceAssistant - INFO - info:52 - Saved transcription: files/Artur Recordings/20251119_234834_667.json
2025-11-19 23:48:39,394 - VoiceAssistant - INFO - info:52 - Transcription: '1, 2, 3, 4.'
2025-11-19 23:48:39,394 - VoiceAssistant - INFO - info:52 - Preprocessing text...
2025-11-19 23:48:39,394 - VoiceAssistant - INFO - info:52 - Text preprocessed: '1, 2, 3, 4.'
2025-11-19 23:48:39,394 - VoiceAssistant - INFO - info:52 - Processing as dictation: '1, 2, 3, 4.'
2025-11-19 23:48:39,397 - VoiceAssistant - INFO - info:52 - Auto-pasting transcription...
2025-11-19 23:48:39,404 - VoiceAssistant - INFO - info:50 - Transcription complete: '1, 2, 3, 4.' (0.60s)
2025-11-19 23:48:39,405 - VoiceAssistant - INFO - info:50 - Saved transcription: files/Artur Recordings/20251119_234834_878.json
2025-11-19 23:48:39,405 - VoiceAssistant - INFO - info:50 - Transcription: '1, 2, 3, 4.'
2025-11-19 23:48:39,406 - VoiceAssistant - INFO - info:50 - Preprocessing text...
2025-11-19 23:48:39,406 - VoiceAssistant - INFO - info:50 - Text preprocessed: '1, 2, 3, 4.'
2025-11-19 23:48:39,406 - VoiceAssistant - INFO - info:50 - Processing as dictation: '1, 2, 3, 4.'
2025-11-19 23:48:39,409 - VoiceAssistant - INFO - info:50 - Auto-pasting transcription...
2025-11-19 23:48:40,166 - VoiceAssistant - INFO - info:52 - Successfully pasted: '1, 2, 3, 4.'
2025-11-19 23:48:40,166 - VoiceAssistant - INFO - info:52 - Listening for audio...
2025-11-19 23:48:40,182 - VoiceAssistant - INFO - info:50 - Successfully pasted: '1, 2, 3, 4.'
2025-11-19 23:48:40,182 - VoiceAssistant - INFO - info:50 - Listening for audio...
2025-11-19 23:48:40,328 - VoiceAssistant - INFO - info:52 - Starting audio recording (waiting for sound...)
2025-11-19 23:48:40,353 - VoiceAssistant - INFO - info:50 - Starting audio recording (waiting for sound...)
2025-11-19 23:48:41,953 - VoiceAssistant - INFO - info:50 - Sound detected! Recording...
2025-11-19 23:48:41,953 - VoiceAssistant - INFO - info:50 - Speech detected!
2025-11-19 23:48:41,974 - VoiceAssistant - INFO - info:52 - Sound detected! Recording...
2025-11-19 23:48:41,975 - VoiceAssistant - INFO - info:52 - Speech detected!
2025-11-19 23:48:44,490 - VoiceAssistant - INFO - info:52 - Silence detected, stopping recording...
2025-11-19 23:48:44,490 - VoiceAssistant - INFO - info:52 - Silence detected, processing...
2025-11-19 23:48:44,492 - VoiceAssistant - INFO - info:52 - Saved audio: files/Artur Recordings/20251119_234840_166.wav (3.5s, 311340 bytes)
2025-11-19 23:48:44,495 - VoiceAssistant - INFO - info:50 - Silence detected, stopping recording...
2025-11-19 23:48:44,495 - VoiceAssistant - INFO - info:50 - Silence detected, processing...
2025-11-19 23:48:44,497 - VoiceAssistant - INFO - info:50 - Saved audio: files/Artur Recordings/20251119_234840_182.wav (3.6s, 313388 bytes)
2025-11-19 23:48:44,607 - VoiceAssistant - INFO - info:52 - Transcribing audio...
2025-11-19 23:48:44,607 - VoiceAssistant - INFO - info:52 - Transcribing: files/Artur Recordings/20251119_234840_166.wav (3.5s)
2025-11-19 23:48:44,623 - VoiceAssistant - INFO - info:50 - Transcribing audio...
2025-11-19 23:48:44,623 - VoiceAssistant - INFO - info:50 - Transcribing: files/Artur Recordings/20251119_234840_182.wav (3.6s)
2025-11-19 23:48:45,325 - VoiceAssistant - INFO - info:52 - Transcription complete: '1, 2, 3, 4.' (0.72s)
2025-11-19 23:48:45,325 - VoiceAssistant - INFO - info:52 - Saved transcription: files/Artur Recordings/20251119_234840_166.json
2025-11-19 23:48:45,326 - VoiceAssistant - INFO - info:52 - Transcription: '1, 2, 3, 4.'
2025-11-19 23:48:45,326 - VoiceAssistant - INFO - info:52 - Preprocessing text...
2025-11-19 23:48:45,326 - VoiceAssistant - INFO - info:52 - Text preprocessed: '1, 2, 3, 4.'
2025-11-19 23:48:45,326 - VoiceAssistant - INFO - info:52 - Processing as dictation: '1, 2, 3, 4.'
2025-11-19 23:48:45,329 - VoiceAssistant - INFO - info:52 - Auto-pasting transcription...
2025-11-19 23:48:45,371 - VoiceAssistant - INFO - info:50 - Transcription complete: '1, 2, 3, 4.' (0.75s)
2025-11-19 23:48:45,372 - VoiceAssistant - INFO - info:50 - Saved transcription: files/Artur Recordings/20251119_234840_182.json
2025-11-19 23:48:45,372 - VoiceAssistant - INFO - info:50 - Transcription: '1, 2, 3, 4.'
2025-11-19 23:48:45,372 - VoiceAssistant - INFO - info:50 - Preprocessing text...
2025-11-19 23:48:45,373 - VoiceAssistant - INFO - info:50 - Text preprocessed: '1, 2, 3, 4.'
2025-11-19 23:48:45,373 - VoiceAssistant - INFO - info:50 - Processing as dictation: '1, 2, 3, 4.'
2025-11-19 23:48:45,376 - VoiceAssistant - INFO - info:50 - Auto-pasting transcription...
2025-11-19 23:48:46,098 - VoiceAssistant - INFO - info:52 - Successfully pasted: '1, 2, 3, 4.'
2025-11-19 23:48:46,099 - VoiceAssistant - INFO - info:52 - Listening for audio...
2025-11-19 23:48:46,151 - VoiceAssistant - INFO - info:50 - Successfully pasted: '1, 2, 3, 4.'
2025-11-19 23:48:46,151 - VoiceAssistant - INFO - info:50 - Listening for audio...
2025-11-19 23:48:46,207 - VoiceAssistant - INFO - info:52 - Starting audio recording (waiting for sound...)
2025-11-19 23:48:46,269 - VoiceAssistant - INFO - info:50 - Starting audio recording (waiting for sound...)
2025-11-19 23:48:47,081 - VoiceAssistant - INFO - info:50 - Sound detected! Recording...
2025-11-19 23:48:47,081 - VoiceAssistant - INFO - info:52 - Sound detected! Recording...
2025-11-19 23:48:47,081 - VoiceAssistant - INFO - info:50 - Speech detected!
2025-11-19 23:48:47,081 - VoiceAssistant - INFO - info:52 - Speech detected!
2025-11-19 23:48:49,580 - VoiceAssistant - INFO - info:52 - Silence detected, stopping recording...
2025-11-19 23:48:49,580 - VoiceAssistant - INFO - info:52 - Silence detected, processing...
2025-11-19 23:48:49,581 - VoiceAssistant - INFO - info:52 - Saved audio: files/Artur Recordings/20251119_234846_098.wav (3.4s, 297004 bytes)
2025-11-19 23:48:49,602 - VoiceAssistant - INFO - info:50 - Silence detected, stopping recording...
2025-11-19 23:48:49,602 - VoiceAssistant - INFO - info:50 - Silence detected, processing...
2025-11-19 23:48:49,603 - VoiceAssistant - INFO - info:50 - Saved audio: files/Artur Recordings/20251119_234846_151.wav (3.3s, 292908 bytes)
2025-11-19 23:48:49,696 - VoiceAssistant - INFO - info:52 - Transcribing audio...
2025-11-19 23:48:49,696 - VoiceAssistant - INFO - info:52 - Transcribing: files/Artur Recordings/20251119_234846_098.wav (3.4s)
2025-11-19 23:48:49,728 - VoiceAssistant - INFO - info:50 - Transcribing audio...
2025-11-19 23:48:49,729 - VoiceAssistant - INFO - info:50 - Transcribing: files/Artur Recordings/20251119_234846_151.wav (3.3s)
2025-11-19 23:48:50,344 - VoiceAssistant - INFO - info:52 - Transcription complete: '1, 2, 3, 4.' (0.65s)
2025-11-19 23:48:50,345 - VoiceAssistant - INFO - info:52 - Saved transcription: files/Artur Recordings/20251119_234846_098.json
2025-11-19 23:48:50,345 - VoiceAssistant - INFO - info:52 - Transcription: '1, 2, 3, 4.'
2025-11-19 23:48:50,345 - VoiceAssistant - INFO - info:52 - Preprocessing text...
2025-11-19 23:48:50,345 - VoiceAssistant - INFO - info:52 - Text preprocessed: '1, 2, 3, 4.'
2025-11-19 23:48:50,346 - VoiceAssistant - INFO - info:52 - Processing as dictation: '1, 2, 3, 4.'
2025-11-19 23:48:50,349 - VoiceAssistant - INFO - info:52 - Auto-pasting transcription...
2025-11-19 23:48:50,354 - VoiceAssistant - INFO - info:50 - Transcription complete: '1, 2, 3, 4.' (0.63s)
2025-11-19 23:48:50,354 - VoiceAssistant - INFO - info:50 - Saved transcription: files/Artur Recordings/20251119_234846_151.json
2025-11-19 23:48:50,355 - VoiceAssistant - INFO - info:50 - Transcription: '1, 2, 3, 4.'
2025-11-19 23:48:50,355 - VoiceAssistant - INFO - info:50 - Preprocessing text...
2025-11-19 23:48:50,355 - VoiceAssistant - INFO - info:50 - Text preprocessed: '1, 2, 3, 4.'
2025-11-19 23:48:50,355 - VoiceAssistant - INFO - info:50 - Processing as dictation: '1, 2, 3, 4.'
2025-11-19 23:48:50,359 - VoiceAssistant - INFO - info:50 - Auto-pasting transcription...
2025-11-19 23:48:51,118 - VoiceAssistant - INFO - info:52 - Successfully pasted: '1, 2, 3, 4.'
2025-11-19 23:48:51,118 - VoiceAssistant - INFO - info:52 - Listening for audio...
2025-11-19 23:48:51,130 - VoiceAssistant - INFO - info:50 - Successfully pasted: '1, 2, 3, 4.'
2025-11-19 23:48:51,130 - VoiceAssistant - INFO - info:50 - Listening for audio...
2025-11-19 23:48:51,266 - VoiceAssistant - INFO - info:52 - Starting audio recording (waiting for sound...)
2025-11-19 23:48:51,289 - VoiceAssistant - INFO - info:50 - Starting audio recording (waiting for sound...)
2025-11-19 23:48:56,281 - VoiceAssistant - WARNING - warning:56 - Max silence timeout reached during wait phase
2025-11-19 23:48:56,304 - VoiceAssistant - WARNING - warning:54 - Max silence timeout reached during wait phase
2025-11-19 23:48:56,396 - VoiceAssistant - WARNING - warning:56 - Recording failed or was cancelled
2025-11-19 23:48:56,397 - VoiceAssistant - INFO - info:52 - Listening for audio...
2025-11-19 23:48:56,419 - VoiceAssistant - WARNING - warning:54 - Recording failed or was cancelled
2025-11-19 23:48:56,419 - VoiceAssistant - INFO - info:50 - Listening for audio...
2025-11-19 23:48:56,564 - VoiceAssistant - INFO - info:52 - Starting audio recording (waiting for sound...)
2025-11-19 23:48:56,588 - VoiceAssistant - INFO - info:50 - Starting audio recording (waiting for sound...)
2025-11-19 23:48:56,802 - VoiceAssistant - INFO - info:52 - Sound detected! Recording...
2025-11-19 23:48:56,802 - VoiceAssistant - INFO - info:52 - Speech detected!
2025-11-19 23:48:56,804 - VoiceAssistant - INFO - info:50 - Sound detected! Recording...
2025-11-19 23:48:56,805 - VoiceAssistant - INFO - info:50 - Speech detected!
2025-11-19 23:48:58,081 - VoiceAssistant - INFO - info:52 - Silence detected, stopping recording...
2025-11-19 23:48:58,081 - VoiceAssistant - INFO - info:52 - Silence detected, processing...
2025-11-19 23:48:58,083 - VoiceAssistant - INFO - info:52 - Saved audio: files/Artur Recordings/20251119_234856_397.wav (1.5s, 133164 bytes)
2025-11-19 23:48:58,083 - VoiceAssistant - INFO - info:50 - Silence detected, stopping recording...
2025-11-19 23:48:58,084 - VoiceAssistant - INFO - info:50 - Silence detected, processing...
2025-11-19 23:48:58,085 - VoiceAssistant - INFO - info:50 - Saved audio: files/Artur Recordings/20251119_234856_419.wav (1.5s, 131116 bytes)
2025-11-19 23:48:58,198 - VoiceAssistant - INFO - info:52 - Transcribing audio...
2025-11-19 23:48:58,199 - VoiceAssistant - INFO - info:52 - Transcribing: files/Artur Recordings/20251119_234856_397.wav (1.5s)
2025-11-19 23:48:58,201 - VoiceAssistant - INFO - info:50 - Transcribing audio...
2025-11-19 23:48:58,201 - VoiceAssistant - INFO - info:50 - Transcribing: files/Artur Recordings/20251119_234856_419.wav (1.5s)
2025-11-19 23:48:58,783 - VoiceAssistant - INFO - info:50 - No transcription found (empty audio)
2025-11-19 23:48:58,783 - VoiceAssistant - WARNING - warning:54 - Transcription failed
2025-11-19 23:48:58,783 - VoiceAssistant - INFO - info:50 - Listening for audio...
2025-11-19 23:48:58,807 - VoiceAssistant - INFO - info:52 - No transcription found (empty audio)
2025-11-19 23:48:58,808 - VoiceAssistant - WARNING - warning:56 - Transcription failed
2025-11-19 23:48:58,808 - VoiceAssistant - INFO - info:52 - Listening for audio...
2025-11-19 23:48:58,977 - VoiceAssistant - INFO - info:50 - Starting audio recording (waiting for sound...)
2025-11-19 23:48:59,002 - VoiceAssistant - INFO - info:52 - Starting audio recording (waiting for sound...)
2025-11-19 23:49:02,329 - VoiceAssistant - INFO - info:50 - Sound detected! Recording...
2025-11-19 23:49:02,330 - VoiceAssistant - INFO - info:50 - Speech detected!
2025-11-19 23:49:02,330 - VoiceAssistant - INFO - info:52 - Sound detected! Recording...
2025-11-19 23:49:02,330 - VoiceAssistant - INFO - info:52 - Speech detected!
2025-11-19 23:49:05,591 - VoiceAssistant - INFO - info:50 - Silence detected, stopping recording...
2025-11-19 23:49:05,592 - VoiceAssistant - INFO - info:50 - Silence detected, processing...
2025-11-19 23:49:05,593 - VoiceAssistant - INFO - info:50 - Saved audio: files/Artur Recordings/20251119_234858_783.wav (4.2s, 374828 bytes)
2025-11-19 23:49:05,596 - VoiceAssistant - INFO - info:52 - Silence detected, stopping recording...
2025-11-19 23:49:05,596 - VoiceAssistant - INFO - info:52 - Silence detected, processing...
2025-11-19 23:49:05,597 - VoiceAssistant - INFO - info:52 - Saved audio: files/Artur Recordings/20251119_234858_808.wav (4.2s, 374828 bytes)
2025-11-19 23:49:05,709 - VoiceAssistant - INFO - info:50 - Transcribing audio...
2025-11-19 23:49:05,709 - VoiceAssistant - INFO - info:50 - Transcribing: files/Artur Recordings/20251119_234858_783.wav (4.2s)
2025-11-19 23:49:05,724 - VoiceAssistant - INFO - info:52 - Transcribing audio...
2025-11-19 23:49:05,725 - VoiceAssistant - INFO - info:52 - Transcribing: files/Artur Recordings/20251119_234858_808.wav (4.2s)
2025-11-19 23:49:07,125 - VoiceAssistant - INFO - info:50 - Transcription complete: 'That's not working right, look what's outputten.' (1.42s)
2025-11-19 23:49:07,126 - VoiceAssistant - INFO - info:50 - Saved transcription: files/Artur Recordings/20251119_234858_783.json
2025-11-19 23:49:07,127 - VoiceAssistant - INFO - info:50 - Transcription: 'That's not working right, look what's outputten.'
2025-11-19 23:49:07,127 - VoiceAssistant - INFO - info:50 - Preprocessing text...
2025-11-19 23:49:07,127 - VoiceAssistant - INFO - info:50 - Text preprocessed: 'That's not working right, look what's outputten.'
2025-11-19 23:49:07,127 - VoiceAssistant - INFO - info:50 - Processing as dictation: 'That's not working right, look what's outputten.'
2025-11-19 23:49:07,139 - VoiceAssistant - INFO - info:52 - Transcription complete: 'That's not working right, look what's outputten.' (1.41s)
2025-11-19 23:49:07,139 - VoiceAssistant - INFO - info:50 - Auto-pasting transcription...
2025-11-19 23:49:07,140 - VoiceAssistant - INFO - info:52 - Saved transcription: files/Artur Recordings/20251119_234858_808.json
2025-11-19 23:49:07,140 - VoiceAssistant - INFO - info:52 - Transcription: 'That's not working right, look what's outputten.'
2025-11-19 23:49:07,141 - VoiceAssistant - INFO - info:52 - Preprocessing text...
2025-11-19 23:49:07,141 - VoiceAssistant - INFO - info:52 - Text preprocessed: 'That's not working right, look what's outputten.'
2025-11-19 23:49:07,141 - VoiceAssistant - INFO - info:52 - Processing as dictation: 'That's not working right, look what's outputten.'
2025-11-19 23:49:07,153 - VoiceAssistant - INFO - info:52 - Auto-pasting transcription...
2025-11-19 23:49:07,911 - VoiceAssistant - INFO - info:50 - Successfully pasted: 'That's not working right, look what's outputten.'
2025-11-19 23:49:07,911 - VoiceAssistant - INFO - info:50 - Listening for audio...
2025-11-19 23:49:07,922 - VoiceAssistant - INFO - info:52 - Successfully pasted: 'That's not working right, look what's outputten.'
2025-11-19 23:49:07,922 - VoiceAssistant - INFO - info:52 - Listening for audio...
2025-11-19 23:49:08,087 - VoiceAssistant - INFO - info:50 - Starting audio recording (waiting for sound...)
2025-11-19 23:49:08,111 - VoiceAssistant - INFO - info:52 - Starting audio recording (waiting for sound...)
2025-11-19 23:49:13,100 - VoiceAssistant - WARNING - warning:54 - Max silence timeout reached during wait phase
2025-11-19 23:49:13,126 - VoiceAssistant - WARNING - warning:56 - Max silence timeout reached during wait phase
2025-11-19 23:49:13,215 - VoiceAssistant - WARNING - warning:54 - Recording failed or was cancelled
2025-11-19 23:49:13,215 - VoiceAssistant - INFO - info:50 - Listening for audio...
2025-11-19 23:49:13,242 - VoiceAssistant - WARNING - warning:56 - Recording failed or was cancelled
2025-11-19 23:49:13,242 - VoiceAssistant - INFO - info:52 - Listening for audio...
2025-11-19 23:49:13,342 - VoiceAssistant - INFO - info:50 - Starting audio recording (waiting for sound...)
2025-11-19 23:49:13,387 - VoiceAssistant - INFO - info:52 - Starting audio recording (waiting for sound...)
2025-11-19 23:49:18,355 - VoiceAssistant - WARNING - warning:54 - Max silence timeout reached during wait phase
2025-11-19 23:49:18,400 - VoiceAssistant - WARNING - warning:56 - Max silence timeout reached during wait phase
2025-11-19 23:49:18,471 - VoiceAssistant - WARNING - warning:54 - Recording failed or was cancelled
2025-11-19 23:49:18,471 - VoiceAssistant - INFO - info:50 - Listening for audio...
2025-11-19 23:49:18,515 - VoiceAssistant - WARNING - warning:56 - Recording failed or was cancelled
2025-11-19 23:49:18,516 - VoiceAssistant - INFO - info:52 - Listening for audio...
2025-11-19 23:49:18,603 - VoiceAssistant - INFO - info:50 - Starting audio recording (waiting for sound...)
2025-11-19 23:49:18,645 - VoiceAssistant - INFO - info:52 - Starting audio recording (waiting for sound...)
2025-11-19 23:49:21,253 - VoiceAssistant - INFO - info:50 - Sound detected! Recording...
2025-11-19 23:49:21,253 - VoiceAssistant - INFO - info:50 - Speech detected!
2025-11-19 23:49:22,230 - VoiceAssistant - INFO - info:50 - Silence detected, stopping recording...
2025-11-19 23:49:22,230 - VoiceAssistant - INFO - info:50 - Silence detected, processing...
2025-11-19 23:49:22,231 - VoiceAssistant - INFO - info:50 - Saved audio: files/Artur Recordings/20251119_234918_471.wav (2.0s, 176172 bytes)
2025-11-19 23:49:22,346 - VoiceAssistant - INFO - info:50 - Transcribing audio...
2025-11-19 23:49:22,347 - VoiceAssistant - INFO - info:50 - Transcribing: files/Artur Recordings/20251119_234918_471.wav (2.0s)
2025-11-19 23:49:22,741 - VoiceAssistant - INFO - info:50 - No transcription found (empty audio)
2025-11-19 23:49:22,741 - VoiceAssistant - WARNING - warning:54 - Transcription failed
2025-11-19 23:49:22,742 - VoiceAssistant - INFO - info:50 - Listening for audio...
2025-11-19 23:49:22,836 - VoiceAssistant - INFO - info:50 - Starting audio recording (waiting for sound...)
2025-11-19 23:49:23,661 - VoiceAssistant - WARNING - warning:56 - Max silence timeout reached during wait phase
2025-11-19 23:49:23,776 - VoiceAssistant - WARNING - warning:56 - Recording failed or was cancelled
2025-11-19 23:49:23,777 - VoiceAssistant - INFO - info:52 - Listening for audio...
2025-11-19 23:49:23,872 - VoiceAssistant - INFO - info:52 - Starting audio recording (waiting for sound...)
2025-11-19 23:49:26,371 - VoiceAssistant - INFO - info:52 - Sound detected! Recording...
2025-11-19 23:49:26,372 - VoiceAssistant - INFO - info:52 - Speech detected!
2025-11-19 23:49:26,377 - VoiceAssistant - INFO - info:50 - Sound detected! Recording...
2025-11-19 23:49:26,377 - VoiceAssistant - INFO - info:50 - Speech detected!
2025-11-19 23:49:27,950 - VoiceAssistant - INFO - info:52 - Silence detected, stopping recording...
2025-11-19 23:49:27,951 - VoiceAssistant - INFO - info:52 - Silence detected, processing...
2025-11-19 23:49:27,952 - VoiceAssistant - INFO - info:52 - Saved audio: files/Artur Recordings/20251119_234923_777.wav (2.6s, 227372 bytes)
2025-11-19 23:49:27,958 - VoiceAssistant - INFO - info:50 - Silence detected, stopping recording...
2025-11-19 23:49:27,958 - VoiceAssistant - INFO - info:50 - Silence detected, processing...
2025-11-19 23:49:27,959 - VoiceAssistant - INFO - info:50 - Saved audio: files/Artur Recordings/20251119_234922_742.wav (2.6s, 227372 bytes)
2025-11-19 23:49:28,067 - VoiceAssistant - INFO - info:52 - Transcribing audio...
2025-11-19 23:49:28,068 - VoiceAssistant - INFO - info:52 - Transcribing: files/Artur Recordings/20251119_234923_777.wav (2.6s)
2025-11-19 23:49:28,084 - VoiceAssistant - INFO - info:50 - Transcribing audio...
2025-11-19 23:49:28,085 - VoiceAssistant - INFO - info:50 - Transcribing: files/Artur Recordings/20251119_234922_742.wav (2.6s)
2025-11-19 23:49:28,612 - VoiceAssistant - INFO - info:52 - No transcription found (empty audio)
2025-11-19 23:49:28,613 - VoiceAssistant - WARNING - warning:56 - Transcription failed
2025-11-19 23:49:28,613 - VoiceAssistant - INFO - info:52 - Listening for audio...
2025-11-19 23:49:28,633 - VoiceAssistant - INFO - info:50 - No transcription found (empty audio)
2025-11-19 23:49:28,633 - VoiceAssistant - WARNING - warning:54 - Transcription failed
2025-11-19 23:49:28,633 - VoiceAssistant - INFO - info:50 - Listening for audio...
2025-11-19 23:49:28,805 - VoiceAssistant - INFO - info:52 - Starting audio recording (waiting for sound...)
2025-11-19 23:49:28,831 - VoiceAssistant - INFO - info:50 - Starting audio recording (waiting for sound...)
2025-11-19 23:49:29,722 - VoiceAssistant - INFO - info:52 - Sound detected! Recording...
2025-11-19 23:49:29,722 - VoiceAssistant - INFO - info:52 - Speech detected!
2025-11-19 23:49:29,727 - VoiceAssistant - INFO - info:50 - Sound detected! Recording...
2025-11-19 23:49:29,727 - VoiceAssistant - INFO - info:50 - Speech detected!
2025-11-19 23:49:31,263 - VoiceAssistant - INFO - info:50 - Silence detected, stopping recording...
2025-11-19 23:49:31,265 - VoiceAssistant - INFO - info:50 - Silence detected, processing...
2025-11-19 23:49:31,266 - VoiceAssistant - INFO - info:50 - Saved audio: files/Artur Recordings/20251119_234928_633.wav (2.4s, 213036 bytes)
2025-11-19 23:49:31,381 - VoiceAssistant - INFO - info:50 - Transcribing audio...
2025-11-19 23:49:31,381 - VoiceAssistant - INFO - info:50 - Transcribing: files/Artur Recordings/20251119_234928_633.wav (2.4s)
2025-11-19 23:49:31,878 - VoiceAssistant - INFO - info:50 - No transcription found (empty audio)
2025-11-19 23:49:31,878 - VoiceAssistant - WARNING - warning:54 - Transcription failed
2025-11-19 23:49:31,879 - VoiceAssistant - INFO - info:50 - Listening for audio...
2025-11-19 23:49:31,999 - VoiceAssistant - INFO - info:50 - Starting audio recording (waiting for sound...)
2025-11-19 23:49:32,261 - VoiceAssistant - INFO - info:52 - Silence detected, stopping recording...
2025-11-19 23:49:32,261 - VoiceAssistant - INFO - info:52 - Silence detected, processing...
2025-11-19 23:49:32,263 - VoiceAssistant - INFO - info:52 - Saved audio: files/Artur Recordings/20251119_234928_613.wav (3.4s, 303148 bytes)
2025-11-19 23:49:32,378 - VoiceAssistant - INFO - info:52 - Transcribing audio...
2025-11-19 23:49:32,378 - VoiceAssistant - INFO - info:52 - Transcribing: files/Artur Recordings/20251119_234928_613.wav (3.4s)
2025-11-19 23:49:32,801 - VoiceAssistant - INFO - info:52 - No transcription found (empty audio)
2025-11-19 23:49:32,801 - VoiceAssistant - WARNING - warning:56 - Transcription failed
2025-11-19 23:49:32,801 - VoiceAssistant - INFO - info:52 - Listening for audio...
2025-11-19 23:49:32,902 - VoiceAssistant - INFO - info:52 - Starting audio recording (waiting for sound...)
2025-11-19 23:49:34,182 - VoiceAssistant - INFO - info:52 - Sound detected! Recording...
2025-11-19 23:49:34,183 - VoiceAssistant - INFO - info:52 - Speech detected!
2025-11-19 23:49:34,199 - VoiceAssistant - INFO - info:50 - Sound detected! Recording...
2025-11-19 23:49:34,199 - VoiceAssistant - INFO - info:50 - Speech detected!
2025-11-19 23:49:35,206 - VoiceAssistant - INFO - info:52 - Silence detected, stopping recording...
2025-11-19 23:49:35,206 - VoiceAssistant - INFO - info:52 - Silence detected, processing...
2025-11-19 23:49:35,207 - VoiceAssistant - INFO - info:52 - Saved audio: files/Artur Recordings/20251119_234932_801.wav (2.0s, 178220 bytes)
2025-11-19 23:49:35,220 - VoiceAssistant - INFO - info:50 - Silence detected, stopping recording...
2025-11-19 23:49:35,220 - VoiceAssistant - INFO - info:50 - Silence detected, processing...
2025-11-19 23:49:35,221 - VoiceAssistant - INFO - info:50 - Saved audio: files/Artur Recordings/20251119_234931_879.wav (2.0s, 178220 bytes)
2025-11-19 23:49:35,323 - VoiceAssistant - INFO - info:52 - Transcribing audio...
2025-11-19 23:49:35,324 - VoiceAssistant - INFO - info:52 - Transcribing: files/Artur Recordings/20251119_234932_801.wav (2.0s)
2025-11-19 23:49:35,336 - VoiceAssistant - INFO - info:50 - Transcribing audio...
2025-11-19 23:49:35,336 - VoiceAssistant - INFO - info:50 - Transcribing: files/Artur Recordings/20251119_234931_879.wav (2.0s)
2025-11-19 23:49:35,933 - VoiceAssistant - INFO - info:52 - No transcription found (empty audio)
2025-11-19 23:49:35,934 - VoiceAssistant - WARNING - warning:56 - Transcription failed
2025-11-19 23:49:35,934 - VoiceAssistant - INFO - info:52 - Listening for audio...
2025-11-19 23:49:35,983 - VoiceAssistant - INFO - info:50 - No transcription found (empty audio)
2025-11-19 23:49:35,983 - VoiceAssistant - WARNING - warning:54 - Transcription failed
2025-11-19 23:49:35,983 - VoiceAssistant - INFO - info:50 - Listening for audio...
2025-11-19 23:49:36,108 - VoiceAssistant - INFO - info:52 - Starting audio recording (waiting for sound...)
2025-11-19 23:49:36,165 - VoiceAssistant - INFO - info:50 - Starting audio recording (waiting for sound...)
2025-11-19 23:49:41,125 - VoiceAssistant - WARNING - warning:56 - Max silence timeout reached during wait phase
2025-11-19 23:49:41,181 - VoiceAssistant - WARNING - warning:54 - Max silence timeout reached during wait phase
2025-11-19 23:49:41,240 - VoiceAssistant - WARNING - warning:56 - Recording failed or was cancelled
2025-11-19 23:49:41,241 - VoiceAssistant - INFO - info:52 - Listening for audio...
2025-11-19 23:49:41,296 - VoiceAssistant - WARNING - warning:54 - Recording failed or was cancelled
2025-11-19 23:49:41,297 - VoiceAssistant - INFO - info:50 - Listening for audio...
2025-11-19 23:49:41,351 - VoiceAssistant - INFO - info:52 - Starting audio recording (waiting for sound...)
2025-11-19 23:49:41,415 - VoiceAssistant - INFO - info:50 - Starting audio recording (waiting for sound...)
2025-11-19 23:49:57,668 - VoiceAssistant - INFO - info:50 - Initializing Voice Assistant...
2025-11-19 23:49:57,669 - VoiceAssistant - INFO - info:50 - Loading Whisper model: tiny (float32)
2025-11-19 23:49:58,809 - VoiceAssistant - INFO - info:50 - Whisper model loaded successfully
2025-11-19 23:49:58,844 - VoiceAssistant - INFO - info:50 - Voice Assistant initialized successfully
2025-11-19 23:49:58,845 - VoiceAssistant - INFO - info:50 - ============================================================
2025-11-19 23:49:58,845 - VoiceAssistant - INFO - info:50 - Voice Assistant Started - 2025-11-19 23:49:58
2025-11-19 23:49:58,845 - VoiceAssistant - INFO - info:50 - Mode: dictation
2025-11-19 23:49:58,845 - VoiceAssistant - INFO - info:50 - Press Ctrl+C to stop
2025-11-19 23:49:58,845 - VoiceAssistant - INFO - info:50 - ============================================================
2025-11-19 23:49:58,845 - VoiceAssistant - INFO - info:50 - Listening for audio...
2025-11-19 23:49:59,106 - VoiceAssistant - INFO - info:50 - Starting audio recording (waiting for sound...)
2025-11-19 23:50:04,118 - VoiceAssistant - WARNING - warning:54 - Max silence timeout reached during wait phase
2025-11-19 23:50:04,236 - VoiceAssistant - WARNING - warning:54 - Recording failed or was cancelled
2025-11-19 23:50:04,236 - VoiceAssistant - INFO - info:50 - Listening for audio...
2025-11-19 23:50:04,337 - VoiceAssistant - INFO - info:50 - Starting audio recording (waiting for sound...)
2025-11-19 23:50:05,211 - VoiceAssistant - INFO - info:50 - Sound detected! Recording...
2025-11-19 23:50:05,212 - VoiceAssistant - INFO - info:50 - Speech detected!
2025-11-19 23:50:06,257 - VoiceAssistant - INFO - info:50 - Silence detected, stopping recording...
2025-11-19 23:50:06,257 - VoiceAssistant - INFO - info:50 - Silence detected, processing...
2025-11-19 23:50:06,259 - VoiceAssistant - INFO - info:50 - Saved audio: files/Artur Recordings/20251119_235004_236.wav (1.9s, 167980 bytes)
2025-11-19 23:50:06,392 - VoiceAssistant - INFO - info:50 - Transcribing audio...
2025-11-19 23:50:06,393 - VoiceAssistant - INFO - info:50 - Transcribing: files/Artur Recordings/20251119_235004_236.wav (1.9s)
2025-11-19 23:50:07,401 - VoiceAssistant - INFO - info:50 - No transcription found (empty audio)
2025-11-19 23:50:07,402 - VoiceAssistant - WARNING - warning:54 - Transcription failed
2025-11-19 23:50:07,402 - VoiceAssistant - INFO - info:50 - Listening for audio...
2025-11-19 23:50:07,572 - VoiceAssistant - INFO - info:50 - Starting audio recording (waiting for sound...)
2025-11-19 23:50:07,611 - VoiceAssistant - INFO - info:50 - Sound detected! Recording...
2025-11-19 23:50:07,611 - VoiceAssistant - INFO - info:50 - Speech detected!
2025-11-19 23:50:08,934 - VoiceAssistant - INFO - info:50 - Silence detected, stopping recording...
2025-11-19 23:50:08,934 - VoiceAssistant - INFO - info:50 - Silence detected, processing...
2025-11-19 23:50:08,936 - VoiceAssistant - INFO - info:50 - Saved audio: files/Artur Recordings/20251119_235007_402.wav (1.3s, 118828 bytes)
2025-11-19 23:50:09,064 - VoiceAssistant - INFO - info:50 - Transcribing audio...
2025-11-19 23:50:09,064 - VoiceAssistant - INFO - info:50 - Transcribing: files/Artur Recordings/20251119_235007_402.wav (1.3s)
2025-11-19 23:50:09,457 - VoiceAssistant - INFO - info:50 - Transcription complete: 'before.' (0.39s)
2025-11-19 23:50:09,457 - VoiceAssistant - INFO - info:50 - Saved transcription: files/Artur Recordings/20251119_235007_402.json
2025-11-19 23:50:09,458 - VoiceAssistant - INFO - info:50 - Transcription: 'before.'
2025-11-19 23:50:09,458 - VoiceAssistant - INFO - info:50 - Preprocessing text...
2025-11-19 23:50:09,459 - VoiceAssistant - INFO - info:50 - Text preprocessed: 'Before.'
2025-11-19 23:50:09,459 - VoiceAssistant - INFO - info:50 - Processing as dictation: 'Before.'
2025-11-19 23:50:09,460 - VoiceAssistant - INFO - info:50 - Auto-pasting transcription...
2025-11-19 23:50:10,303 - VoiceAssistant - INFO - info:50 - Successfully pasted: 'Before.'
2025-11-19 23:50:10,303 - VoiceAssistant - INFO - info:50 - Listening for audio...
2025-11-19 23:50:10,393 - VoiceAssistant - INFO - info:50 - Starting audio recording (waiting for sound...)
2025-11-19 23:50:11,910 - VoiceAssistant - INFO - info:50 - Sound detected! Recording...
2025-11-19 23:50:11,910 - VoiceAssistant - INFO - info:50 - Speech detected!
2025-11-19 23:50:14,617 - VoiceAssistant - INFO - info:50 - Silence detected, stopping recording...
2025-11-19 23:50:14,617 - VoiceAssistant - INFO - info:50 - Silence detected, processing...
2025-11-19 23:50:14,618 - VoiceAssistant - INFO - info:50 - Saved audio: files/Artur Recordings/20251119_235010_303.wav (3.7s, 325676 bytes)
2025-11-19 23:50:14,735 - VoiceAssistant - INFO - info:50 - Transcribing audio...
2025-11-19 23:50:14,735 - VoiceAssistant - INFO - info:50 - Transcribing: files/Artur Recordings/20251119_235010_303.wav (3.7s)
2025-11-19 23:50:15,217 - VoiceAssistant - INFO - info:50 - Transcription complete: '1, 2, 3, 4.' (0.48s)
2025-11-19 23:50:15,218 - VoiceAssistant - INFO - info:50 - Saved transcription: files/Artur Recordings/20251119_235010_303.json
2025-11-19 23:50:15,218 - VoiceAssistant - INFO - info:50 - Transcription: '1, 2, 3, 4.'
2025-11-19 23:50:15,218 - VoiceAssistant - INFO - info:50 - Preprocessing text...
2025-11-19 23:50:15,218 - VoiceAssistant - INFO - info:50 - Text preprocessed: '1, 2, 3, 4.'
2025-11-19 23:50:15,219 - VoiceAssistant - INFO - info:50 - Processing as dictation: '1, 2, 3, 4.'
2025-11-19 23:50:15,220 - VoiceAssistant - INFO - info:50 - Auto-pasting transcription...
2025-11-19 23:50:15,989 - VoiceAssistant - INFO - info:50 - Successfully pasted: '1, 2, 3, 4.'
2025-11-19 23:50:15,990 - VoiceAssistant - INFO - info:50 - Listening for audio...
2025-11-19 23:50:16,082 - VoiceAssistant - INFO - info:50 - Starting audio recording (waiting for sound...)
2025-11-19 23:50:19,584 - VoiceAssistant - INFO - info:50 - Sound detected! Recording...
2025-11-19 23:50:19,584 - VoiceAssistant - INFO - info:50 - Speech detected!
2025-11-19 23:50:21,269 - VoiceAssistant - INFO - info:50 - Silence detected, stopping recording...
2025-11-19 23:50:21,269 - VoiceAssistant - INFO - info:50 - Silence detected, processing...
2025-11-19 23:50:21,270 - VoiceAssistant - INFO - info:50 - Saved audio: files/Artur Recordings/20251119_235015_990.wav (2.7s, 237612 bytes)
2025-11-19 23:50:21,387 - VoiceAssistant - INFO - info:50 - Transcribing audio...
2025-11-19 23:50:21,387 - VoiceAssistant - INFO - info:50 - Transcribing: files/Artur Recordings/20251119_235015_990.wav (2.7s)
2025-11-19 23:50:21,808 - VoiceAssistant - INFO - info:50 - Transcription complete: 'Yeah, exit that.' (0.42s)
2025-11-19 23:50:21,809 - VoiceAssistant - INFO - info:50 - Saved transcription: files/Artur Recordings/20251119_235015_990.json
2025-11-19 23:50:21,810 - VoiceAssistant - INFO - info:50 - Transcription: 'Yeah, exit that.'
2025-11-19 23:50:21,810 - VoiceAssistant - INFO - info:50 - Preprocessing text...
2025-11-19 23:50:21,810 - VoiceAssistant - INFO - info:50 - Text preprocessed: 'Yeah, exit that.'
2025-11-19 23:50:21,810 - VoiceAssistant - INFO - info:50 - Processing as dictation: 'Yeah, exit that.'
2025-11-19 23:50:21,813 - VoiceAssistant - INFO - info:50 - Auto-pasting transcription...
2025-11-19 23:50:22,583 - VoiceAssistant - INFO - info:50 - Successfully pasted: 'Yeah, exit that.'
2025-11-19 23:50:22,583 - VoiceAssistant - INFO - info:50 - Listening for audio...
2025-11-19 23:50:22,681 - VoiceAssistant - INFO - info:50 - Starting audio recording (waiting for sound...)
2025-11-19 23:50:26,993 - VoiceAssistant - INFO - info:50 - Sound detected! Recording...
2025-11-19 23:50:26,993 - VoiceAssistant - INFO - info:50 - Speech detected!
2025-11-19 23:50:28,018 - VoiceAssistant - INFO - info:50 - Silence detected, stopping recording...
2025-11-19 23:50:28,018 - VoiceAssistant - INFO - info:50 - Silence detected, processing...
2025-11-19 23:50:28,019 - VoiceAssistant - INFO - info:50 - Saved audio: files/Artur Recordings/20251119_235022_583.wav (2.0s, 178220 bytes)
2025-11-19 23:50:28,144 - VoiceAssistant - INFO - info:50 - Transcribing audio...
2025-11-19 23:50:28,145 - VoiceAssistant - INFO - info:50 - Transcribing: files/Artur Recordings/20251119_235022_583.wav (2.0s)
2025-11-19 23:50:28,561 - VoiceAssistant - INFO - info:50 - No transcription found (empty audio)
2025-11-19 23:50:28,561 - VoiceAssistant - WARNING - warning:54 - Transcription failed
2025-11-19 23:50:28,562 - VoiceAssistant - INFO - info:50 - Listening for audio...
2025-11-19 23:50:28,676 - VoiceAssistant - INFO - info:50 - Starting audio recording (waiting for sound...)
2025-11-19 23:50:30,458 - VoiceAssistant - INFO - info:50 - Sound detected! Recording...
2025-11-19 23:50:30,459 - VoiceAssistant - INFO - info:50 - Speech detected!
2025-11-19 23:50:32,358 - VoiceAssistant - INFO - info:50 - Silence detected, stopping recording...
2025-11-19 23:50:32,358 - VoiceAssistant - INFO - info:50 - Silence detected, processing...
2025-11-19 23:50:32,359 - VoiceAssistant - INFO - info:50 - Saved audio: files/Artur Recordings/20251119_235028_562.wav (2.9s, 256044 bytes)
2025-11-19 23:50:32,474 - VoiceAssistant - INFO - info:50 - Transcribing audio...
2025-11-19 23:50:32,474 - VoiceAssistant - INFO - info:50 - Transcribing: files/Artur Recordings/20251119_235028_562.wav (2.9s)
2025-11-19 23:50:32,906 - VoiceAssistant - INFO - info:50 - No transcription found (empty audio)
2025-11-19 23:50:32,906 - VoiceAssistant - WARNING - warning:54 - Transcription failed
2025-11-19 23:50:32,906 - VoiceAssistant - INFO - info:50 - Listening for audio...
2025-11-19 23:50:33,011 - VoiceAssistant - INFO - info:50 - Starting audio recording (waiting for sound...)
2025-11-19 23:50:33,706 - VoiceAssistant - INFO - info:50 - Initializing Voice Assistant...
2025-11-19 23:50:33,706 - VoiceAssistant - INFO - info:50 - Loading Whisper model: tiny (float32)
2025-11-19 23:50:34,575 - VoiceAssistant - INFO - info:50 - Whisper model loaded successfully
2025-11-19 23:50:34,608 - VoiceAssistant - INFO - info:50 - Voice Assistant initialized successfully
2025-11-19 23:50:34,608 - VoiceAssistant - INFO - info:50 - ============================================================
2025-11-19 23:50:34,608 - VoiceAssistant - INFO - info:50 - Voice Assistant Started - 2025-11-19 23:50:34
2025-11-19 23:50:34,608 - VoiceAssistant - INFO - info:50 - Mode: dictation
2025-11-19 23:50:34,608 - VoiceAssistant - INFO - info:50 - Press Ctrl+C to stop
2025-11-19 23:50:34,609 - VoiceAssistant - INFO - info:50 - ============================================================
2025-11-19 23:50:34,609 - VoiceAssistant - INFO - info:50 - Listening for audio...
2025-11-19 23:50:34,846 - VoiceAssistant - INFO - info:50 - Starting audio recording (waiting for sound...)
2025-11-19 23:50:38,026 - VoiceAssistant - WARNING - warning:54 - Max silence timeout reached during wait phase
2025-11-19 23:50:38,142 - VoiceAssistant - WARNING - warning:54 - Recording failed or was cancelled
2025-11-19 23:50:38,142 - VoiceAssistant - INFO - info:50 - Listening for audio...
2025-11-19 23:50:38,245 - VoiceAssistant - INFO - info:50 - Starting audio recording (waiting for sound...)
2025-11-19 23:50:39,864 - VoiceAssistant - WARNING - warning:54 - Max silence timeout reached during wait phase
2025-11-19 23:50:39,954 - VoiceAssistant - INFO - info:50 - Sound detected! Recording...
2025-11-19 23:50:39,954 - VoiceAssistant - INFO - info:50 - Speech detected!
2025-11-19 23:50:39,987 - VoiceAssistant - WARNING - warning:54 - Recording failed or was cancelled
2025-11-19 23:50:39,987 - VoiceAssistant - INFO - info:50 - Listening for audio...
2025-11-19 23:50:40,080 - VoiceAssistant - INFO - info:50 - Starting audio recording (waiting for sound...)
2025-11-19 23:50:40,125 - VoiceAssistant - INFO - info:50 - Sound detected! Recording...
2025-11-19 23:50:40,125 - VoiceAssistant - INFO - info:50 - Speech detected!
2025-11-19 23:50:42,002 - VoiceAssistant - INFO - info:50 - Silence detected, stopping recording...
2025-11-19 23:50:42,002 - VoiceAssistant - INFO - info:50 - Silence detected, processing...
2025-11-19 23:50:42,003 - VoiceAssistant - INFO - info:50 - Saved audio: files/Artur Recordings/20251119_235038_142.wav (3.0s, 268332 bytes)
2025-11-19 23:50:42,003 - VoiceAssistant - INFO - info:50 - Silence detected, stopping recording...
2025-11-19 23:50:42,003 - VoiceAssistant - INFO - info:50 - Silence detected, processing...
2025-11-19 23:50:42,004 - VoiceAssistant - INFO - info:50 - Saved audio: files/Artur Recordings/20251119_235039_987.wav (1.9s, 167980 bytes)
2025-11-19 23:50:42,118 - VoiceAssistant - INFO - info:50 - Transcribing audio...
2025-11-19 23:50:42,118 - VoiceAssistant - INFO - info:50 - Transcribing: files/Artur Recordings/20251119_235038_142.wav (3.0s)
2025-11-19 23:50:42,138 - VoiceAssistant - INFO - info:50 - Transcribing audio...
2025-11-19 23:50:42,138 - VoiceAssistant - INFO - info:50 - Transcribing: files/Artur Recordings/20251119_235039_987.wav (1.9s)
2025-11-19 23:50:42,623 - VoiceAssistant - INFO - info:50 - Transcription complete: '1 2 3 4' (0.50s)
2025-11-19 23:50:42,624 - VoiceAssistant - INFO - info:50 - Saved transcription: files/Artur Recordings/20251119_235038_142.json
2025-11-19 23:50:42,624 - VoiceAssistant - INFO - info:50 - Transcription: '1 2 3 4'
2025-11-19 23:50:42,624 - VoiceAssistant - INFO - info:50 - Preprocessing text...
2025-11-19 23:50:42,624 - VoiceAssistant - INFO - info:50 - Text preprocessed: '1 2 3 4.'
2025-11-19 23:50:42,624 - VoiceAssistant - INFO - info:50 - Processing as dictation: '1 2 3 4.'
2025-11-19 23:50:42,627 - VoiceAssistant - INFO - info:50 - Auto-pasting transcription...
2025-11-19 23:50:42,729 - VoiceAssistant - INFO - info:50 - Transcription complete: '1 2 3 4' (0.59s)
2025-11-19 23:50:42,730 - VoiceAssistant - INFO - info:50 - Saved transcription: files/Artur Recordings/20251119_235039_987.json
2025-11-19 23:50:42,730 - VoiceAssistant - INFO - info:50 - Transcription: '1 2 3 4'
2025-11-19 23:50:42,730 - VoiceAssistant - INFO - info:50 - Preprocessing text...
2025-11-19 23:50:42,732 - VoiceAssistant - INFO - info:50 - Text preprocessed: '1 2 3 4.'
2025-11-19 23:50:42,732 - VoiceAssistant - INFO - info:50 - Processing as dictation: '1 2 3 4.'
2025-11-19 23:50:42,734 - VoiceAssistant - INFO - info:50 - Auto-pasting transcription...
2025-11-19 23:50:43,397 - VoiceAssistant - INFO - info:50 - Successfully pasted: '1 2 3 4.'
2025-11-19 23:50:43,397 - VoiceAssistant - INFO - info:50 - Listening for audio...
2025-11-19 23:50:43,498 - VoiceAssistant - INFO - info:50 - Starting audio recording (waiting for sound...)
2025-11-19 23:50:43,573 - VoiceAssistant - INFO - info:50 - Successfully pasted: '1 2 3 4.'
2025-11-19 23:50:43,574 - VoiceAssistant - INFO - info:50 - Listening for audio...
2025-11-19 23:50:43,673 - VoiceAssistant - INFO - info:50 - Starting audio recording (waiting for sound...)
2025-11-19 23:50:48,513 - VoiceAssistant - WARNING - warning:54 - Max silence timeout reached during wait phase
2025-11-19 23:50:48,628 - VoiceAssistant - WARNING - warning:54 - Recording failed or was cancelled
2025-11-19 23:50:48,629 - VoiceAssistant - INFO - info:50 - Listening for audio...
2025-11-19 23:50:48,688 - VoiceAssistant - WARNING - warning:54 - Max silence timeout reached during wait phase
2025-11-19 23:50:48,722 - VoiceAssistant - INFO - info:50 - Starting audio recording (waiting for sound...)
2025-11-19 23:50:48,804 - VoiceAssistant - WARNING - warning:54 - Recording failed or was cancelled
2025-11-19 23:50:48,804 - VoiceAssistant - INFO - info:50 - Listening for audio...
2025-11-19 23:50:48,853 - VoiceAssistant - INFO - info:50 - Sound detected! Recording...
2025-11-19 23:50:48,853 - VoiceAssistant - INFO - info:50 - Speech detected!
2025-11-19 23:50:48,900 - VoiceAssistant - INFO - info:50 - Starting audio recording (waiting for sound...)
2025-11-19 23:50:48,944 - VoiceAssistant - INFO - info:50 - Sound detected! Recording...
2025-11-19 23:50:48,945 - VoiceAssistant - INFO - info:50 - Speech detected!
2025-11-19 23:51:03,484 - VoiceAssistant - INFO - info:50 - Silence detected, stopping recording...
2025-11-19 23:51:03,484 - VoiceAssistant - INFO - info:50 - Silence detected, processing...
2025-11-19 23:51:03,487 - VoiceAssistant - INFO - info:50 - Saved audio: files/Artur Recordings/20251119_235048_629.wav (14.7s, 1300524 bytes)
2025-11-19 23:51:03,494 - VoiceAssistant - INFO - info:50 - Silence detected, stopping recording...
2025-11-19 23:51:03,495 - VoiceAssistant - INFO - info:50 - Silence detected, processing...
2025-11-19 23:51:03,497 - VoiceAssistant - INFO - info:50 - Saved audio: files/Artur Recordings/20251119_235048_804.wav (14.6s, 1286188 bytes)
2025-11-19 23:51:03,604 - VoiceAssistant - INFO - info:50 - Transcribing audio...
2025-11-19 23:51:03,605 - VoiceAssistant - INFO - info:50 - Transcribing: files/Artur Recordings/20251119_235048_629.wav (14.7s)
2025-11-19 23:51:03,622 - VoiceAssistant - INFO - info:50 - Transcribing audio...
2025-11-19 23:51:03,623 - VoiceAssistant - INFO - info:50 - Transcribing: files/Artur Recordings/20251119_235048_804.wav (14.6s)
2025-11-19 23:51:04,402 - VoiceAssistant - INFO - info:50 - Transcription complete: 'It is still not logging correctly.  In the previous logging there was like the first part was time since last command.  In seconds with 2...' (0.80s)
2025-11-19 23:51:04,402 - VoiceAssistant - INFO - info:50 - Saved transcription: files/Artur Recordings/20251119_235048_629.json
2025-11-19 23:51:04,403 - VoiceAssistant - INFO - info:50 - Transcription: 'It is still not logging correctly.  In the previous logging there was like the first part was time since last command.  In seconds with 2...'
2025-11-19 23:51:04,403 - VoiceAssistant - INFO - info:50 - Preprocessing text...
2025-11-19 23:51:04,403 - VoiceAssistant - INFO - info:50 - Text preprocessed: 'It is still not logging correctly.  In the previous logging there was like the first part was time since last command.  In seconds with 2. . .'
2025-11-19 23:51:04,403 - VoiceAssistant - INFO - info:50 - Processing as dictation: 'It is still not logging correctly.  In the previous logging there was like the first part was time since last command.  In seconds with 2. . .'
2025-11-19 23:51:04,438 - VoiceAssistant - INFO - info:50 - Transcription complete: 'And that's still not logging correctly.  In the previous logging there was like the first part was time since last command.  In seconds with two...' (0.82s)
2025-11-19 23:51:04,438 - VoiceAssistant - INFO - info:50 - Auto-pasting transcription...
2025-11-19 23:51:04,439 - VoiceAssistant - INFO - info:50 - Saved transcription: files/Artur Recordings/20251119_235048_804.json
2025-11-19 23:51:04,439 - VoiceAssistant - INFO - info:50 - Transcription: 'And that's still not logging correctly.  In the previous logging there was like the first part was time since last command.  In seconds with two...'
2025-11-19 23:51:04,439 - VoiceAssistant - INFO - info:50 - Preprocessing text...
2025-11-19 23:51:04,440 - VoiceAssistant - INFO - info:50 - Text preprocessed: 'And that's still not logging correctly.  In the previous logging there was like the first part was time since last command.  In seconds with two. . .'
2025-11-19 23:51:04,440 - VoiceAssistant - INFO - info:50 - Processing as dictation: 'And that's still not logging correctly.  In the previous logging there was like the first part was time since last command.  In seconds with two. . .'
2025-11-19 23:51:04,474 - VoiceAssistant - INFO - info:50 - Auto-pasting transcription...
2025-11-19 23:51:05,222 - VoiceAssistant - INFO - info:50 - Successfully pasted: 'It is still not logging correctly.  In the previous logging there was like the first part was time since last command.  In seconds with 2. . .'
2025-11-19 23:51:05,223 - VoiceAssistant - INFO - info:50 - Listening for audio...
2025-11-19 23:51:05,243 - VoiceAssistant - INFO - info:50 - Successfully pasted: 'And that's still not logging correctly.  In the previous logging there was like the first part was time since last command.  In seconds with two. . .'
2025-11-19 23:51:05,243 - VoiceAssistant - INFO - info:50 - Listening for audio...
2025-11-19 23:51:05,369 - VoiceAssistant - INFO - info:50 - Starting audio recording (waiting for sound...)
2025-11-19 23:51:05,390 - VoiceAssistant - INFO - info:50 - Starting audio recording (waiting for sound...)
2025-11-19 23:51:05,412 - VoiceAssistant - INFO - info:50 - Sound detected! Recording...
2025-11-19 23:51:05,412 - VoiceAssistant - INFO - info:50 - Speech detected!
2025-11-19 23:51:05,434 - VoiceAssistant - INFO - info:50 - Sound detected! Recording...
2025-11-19 23:51:05,434 - VoiceAssistant - INFO - info:50 - Speech detected!
2025-11-19 23:51:06,671 - VoiceAssistant - INFO - info:50 - Silence detected, stopping recording...
2025-11-19 23:51:06,671 - VoiceAssistant - INFO - info:50 - Silence detected, stopping recording...
2025-11-19 23:51:06,671 - VoiceAssistant - INFO - info:50 - Silence detected, processing...
2025-11-19 23:51:06,672 - VoiceAssistant - INFO - info:50 - Silence detected, processing...
2025-11-19 23:51:06,673 - VoiceAssistant - INFO - info:50 - Saved audio: files/Artur Recordings/20251119_235105_223.wav (1.3s, 114732 bytes)
2025-11-19 23:51:06,673 - VoiceAssistant - INFO - info:50 - Saved audio: files/Artur Recordings/20251119_235105_243.wav (1.3s, 112684 bytes)
2025-11-19 23:51:06,790 - VoiceAssistant - INFO - info:50 - Transcribing audio...
2025-11-19 23:51:06,790 - VoiceAssistant - INFO - info:50 - Transcribing audio...
2025-11-19 23:51:06,790 - VoiceAssistant - INFO - info:50 - Transcribing: files/Artur Recordings/20251119_235105_223.wav (1.3s)
2025-11-19 23:51:06,790 - VoiceAssistant - INFO - info:50 - Transcribing: files/Artur Recordings/20251119_235105_243.wav (1.3s)
2025-11-19 23:51:08,516 - VoiceAssistant - INFO - info:50 - Transcription complete: 'Thank you.' (1.73s)
2025-11-19 23:51:08,517 - VoiceAssistant - INFO - info:50 - Saved transcription: files/Artur Recordings/20251119_235105_223.json
2025-11-19 23:51:08,517 - VoiceAssistant - INFO - info:50 - Transcription: 'Thank you.'
2025-11-19 23:51:08,517 - VoiceAssistant - INFO - info:50 - Preprocessing text...
2025-11-19 23:51:08,518 - VoiceAssistant - INFO - info:50 - Text preprocessed: 'Thank you.'
2025-11-19 23:51:08,518 - VoiceAssistant - INFO - info:50 - Processing as dictation: 'Thank you.'
2025-11-19 23:51:08,521 - VoiceAssistant - INFO - info:50 - Auto-pasting transcription...
2025-11-19 23:51:09,291 - VoiceAssistant - INFO - info:50 - Successfully pasted: 'Thank you.'
2025-11-19 23:51:09,291 - VoiceAssistant - INFO - info:50 - Listening for audio...
2025-11-19 23:51:09,415 - VoiceAssistant - INFO - info:50 - Starting audio recording (waiting for sound...)
2025-11-19 23:51:10,381 - VoiceAssistant - INFO - info:50 - Transcription complete: 'one.' (3.59s)
2025-11-19 23:51:10,381 - VoiceAssistant - INFO - info:50 - Saved transcription: files/Artur Recordings/20251119_235105_243.json
2025-11-19 23:51:10,382 - VoiceAssistant - INFO - info:50 - Transcription: 'one.'
2025-11-19 23:51:10,382 - VoiceAssistant - INFO - info:50 - Preprocessing text...
2025-11-19 23:51:10,382 - VoiceAssistant - INFO - info:50 - Text preprocessed: 'One.'
2025-11-19 23:51:10,382 - VoiceAssistant - INFO - info:50 - Processing as dictation: 'One.'
2025-11-19 23:51:10,383 - VoiceAssistant - INFO - info:50 - Auto-pasting transcription...
2025-11-19 23:51:11,155 - VoiceAssistant - INFO - info:50 - Successfully pasted: 'One.'
2025-11-19 23:51:11,155 - VoiceAssistant - INFO - info:50 - Listening for audio...
2025-11-19 23:51:11,250 - VoiceAssistant - INFO - info:50 - Starting audio recording (waiting for sound...)
2025-11-19 23:51:12,169 - VoiceAssistant - INFO - info:50 - Sound detected! Recording...
2025-11-19 23:51:12,169 - VoiceAssistant - INFO - info:50 - Sound detected! Recording...
2025-11-19 23:51:12,169 - VoiceAssistant - INFO - info:50 - Speech detected!
2025-11-19 23:51:12,169 - VoiceAssistant - INFO - info:50 - Speech detected!
2025-11-19 23:51:13,168 - VoiceAssistant - INFO - info:50 - Silence detected, stopping recording...
2025-11-19 23:51:13,168 - VoiceAssistant - INFO - info:50 - Silence detected, processing...
2025-11-19 23:51:13,169 - VoiceAssistant - INFO - info:50 - Saved audio: files/Artur Recordings/20251119_235111_155.wav (1.9s, 167980 bytes)
2025-11-19 23:51:13,174 - VoiceAssistant - INFO - info:50 - Silence detected, stopping recording...
2025-11-19 23:51:13,174 - VoiceAssistant - INFO - info:50 - Silence detected, processing...
2025-11-19 23:51:13,175 - VoiceAssistant - INFO - info:50 - Saved audio: files/Artur Recordings/20251119_235109_291.wav (2.0s, 176172 bytes)
2025-11-19 23:51:13,285 - VoiceAssistant - INFO - info:50 - Transcribing audio...
2025-11-19 23:51:13,285 - VoiceAssistant - INFO - info:50 - Transcribing: files/Artur Recordings/20251119_235111_155.wav (1.9s)
2025-11-19 23:51:13,289 - VoiceAssistant - INFO - info:50 - Transcribing audio...
2025-11-19 23:51:13,289 - VoiceAssistant - INFO - info:50 - Transcribing: files/Artur Recordings/20251119_235109_291.wav (2.0s)
2025-11-19 23:51:13,796 - VoiceAssistant - INFO - info:50 - No transcription found (empty audio)
2025-11-19 23:51:13,796 - VoiceAssistant - WARNING - warning:54 - Transcription failed
2025-11-19 23:51:13,797 - VoiceAssistant - INFO - info:50 - Listening for audio...
2025-11-19 23:51:13,830 - VoiceAssistant - INFO - info:50 - No transcription found (empty audio)
2025-11-19 23:51:13,831 - VoiceAssistant - WARNING - warning:54 - Transcription failed
2025-11-19 23:51:13,831 - VoiceAssistant - INFO - info:50 - Listening for audio...
2025-11-19 23:51:13,963 - VoiceAssistant - INFO - info:50 - Starting audio recording (waiting for sound...)
2025-11-19 23:51:14,021 - VoiceAssistant - INFO - info:50 - Starting audio recording (waiting for sound...)
2025-11-19 23:51:17,778 - VoiceAssistant - INFO - info:50 - Sound detected! Recording...
2025-11-19 23:51:17,779 - VoiceAssistant - INFO - info:50 - Speech detected!
2025-11-19 23:51:17,782 - VoiceAssistant - INFO - info:50 - Sound detected! Recording...
2025-11-19 23:51:17,783 - VoiceAssistant - INFO - info:50 - Speech detected!
2025-11-19 23:51:18,805 - VoiceAssistant - INFO - info:50 - Silence detected, stopping recording...
2025-11-19 23:51:18,806 - VoiceAssistant - INFO - info:50 - Silence detected, processing...
2025-11-19 23:51:18,806 - VoiceAssistant - INFO - info:50 - Saved audio: files/Artur Recordings/20251119_235113_797.wav (2.0s, 178220 bytes)
2025-11-19 23:51:18,821 - VoiceAssistant - INFO - info:50 - Silence detected, stopping recording...
2025-11-19 23:51:18,822 - VoiceAssistant - INFO - info:50 - Silence detected, processing...
2025-11-19 23:51:18,823 - VoiceAssistant - INFO - info:50 - Saved audio: files/Artur Recordings/20251119_235113_831.wav (2.0s, 180268 bytes)
2025-11-19 23:51:18,921 - VoiceAssistant - INFO - info:50 - Transcribing audio...
2025-11-19 23:51:18,922 - VoiceAssistant - INFO - info:50 - Transcribing: files/Artur Recordings/20251119_235113_797.wav (2.0s)
2025-11-19 23:51:18,947 - VoiceAssistant - INFO - info:50 - Transcribing audio...
2025-11-19 23:51:18,948 - VoiceAssistant - INFO - info:50 - Transcribing: files/Artur Recordings/20251119_235113_831.wav (2.0s)
2025-11-19 23:51:19,505 - VoiceAssistant - INFO - info:50 - No transcription found (empty audio)
2025-11-19 23:51:19,505 - VoiceAssistant - WARNING - warning:54 - Transcription failed
2025-11-19 23:51:19,505 - VoiceAssistant - INFO - info:50 - Listening for audio...
2025-11-19 23:51:19,526 - VoiceAssistant - INFO - info:50 - No transcription found (empty audio)
2025-11-19 23:51:19,527 - VoiceAssistant - WARNING - warning:54 - Transcription failed
2025-11-19 23:51:19,527 - VoiceAssistant - INFO - info:50 - Listening for audio...
2025-11-19 23:51:19,693 - VoiceAssistant - INFO - info:50 - Starting audio recording (waiting for sound...)
2025-11-19 23:51:19,717 - VoiceAssistant - INFO - info:50 - Starting audio recording (waiting for sound...)
2025-11-19 23:51:20,696 - VoiceAssistant - INFO - info:50 - Sound detected! Recording...
2025-11-19 23:51:20,697 - VoiceAssistant - INFO - info:50 - Speech detected!
2025-11-19 23:51:20,702 - VoiceAssistant - INFO - info:50 - Sound detected! Recording...
2025-11-19 23:51:20,702 - VoiceAssistant - INFO - info:50 - Speech detected!
2025-11-19 23:51:24,771 - VoiceAssistant - INFO - info:50 - Silence detected, stopping recording...
2025-11-19 23:51:24,771 - VoiceAssistant - INFO - info:50 - Silence detected, processing...
2025-11-19 23:51:24,773 - VoiceAssistant - INFO - info:50 - Saved audio: files/Artur Recordings/20251119_235119_505.wav (5.1s, 446508 bytes)
2025-11-19 23:51:24,775 - VoiceAssistant - INFO - info:50 - Silence detected, stopping recording...
2025-11-19 23:51:24,776 - VoiceAssistant - INFO - info:50 - Silence detected, processing...
2025-11-19 23:51:24,777 - VoiceAssistant - INFO - info:50 - Saved audio: files/Artur Recordings/20251119_235119_527.wav (5.0s, 444460 bytes)
2025-11-19 23:51:24,888 - VoiceAssistant - INFO - info:50 - Transcribing audio...
2025-11-19 23:51:24,888 - VoiceAssistant - INFO - info:50 - Transcribing: files/Artur Recordings/20251119_235119_505.wav (5.1s)
2025-11-19 23:51:24,892 - VoiceAssistant - INFO - info:50 - Transcribing audio...
2025-11-19 23:51:24,892 - VoiceAssistant - INFO - info:50 - Transcribing: files/Artur Recordings/20251119_235119_527.wav (5.0s)
2025-11-19 23:51:25,612 - VoiceAssistant - INFO - info:50 - Transcription complete: 'and the text should be short, it shouldn't belong.' (0.72s)
2025-11-19 23:51:25,613 - VoiceAssistant - INFO - info:50 - Saved transcription: files/Artur Recordings/20251119_235119_527.json
2025-11-19 23:51:25,613 - VoiceAssistant - INFO - info:50 - Transcription: 'and the text should be short, it shouldn't belong.'
2025-11-19 23:51:25,614 - VoiceAssistant - INFO - info:50 - Preprocessing text...
2025-11-19 23:51:25,614 - VoiceAssistant - INFO - info:50 - Text preprocessed: 'And the text should be short, it shouldn't belong.'
2025-11-19 23:51:25,614 - VoiceAssistant - INFO - info:50 - Processing as dictation: 'And the text should be short, it shouldn't belong.'
2025-11-19 23:51:25,616 - VoiceAssistant - INFO - info:50 - Transcription complete: 'and the text should be short, it shouldn't be long.' (0.73s)
2025-11-19 23:51:25,616 - VoiceAssistant - INFO - info:50 - Saved transcription: files/Artur Recordings/20251119_235119_505.json
2025-11-19 23:51:25,616 - VoiceAssistant - INFO - info:50 - Transcription: 'and the text should be short, it shouldn't be long.'
2025-11-19 23:51:25,617 - VoiceAssistant - INFO - info:50 - Preprocessing text...
2025-11-19 23:51:25,617 - VoiceAssistant - INFO - info:50 - Text preprocessed: 'And the text should be short, it shouldn't be long.'
2025-11-19 23:51:25,617 - VoiceAssistant - INFO - info:50 - Processing as dictation: 'And the text should be short, it shouldn't be long.'
2025-11-19 23:51:25,626 - VoiceAssistant - INFO - info:50 - Auto-pasting transcription...
2025-11-19 23:51:25,631 - VoiceAssistant - INFO - info:50 - Auto-pasting transcription...
2025-11-19 23:51:26,395 - VoiceAssistant - INFO - info:50 - Successfully pasted: 'And the text should be short, it shouldn't belong.'
2025-11-19 23:51:26,395 - VoiceAssistant - INFO - info:50 - Listening for audio...
2025-11-19 23:51:26,401 - VoiceAssistant - INFO - info:50 - Successfully pasted: 'And the text should be short, it shouldn't be long.'
2025-11-19 23:51:26,401 - VoiceAssistant - INFO - info:50 - Listening for audio...
2025-11-19 23:51:26,552 - VoiceAssistant - INFO - info:50 - Starting audio recording (waiting for sound...)
2025-11-19 23:51:26,576 - VoiceAssistant - INFO - info:50 - Starting audio recording (waiting for sound...)
2025-11-19 23:51:30,671 - VoiceAssistant - INFO - info:50 - Sound detected! Recording...
2025-11-19 23:51:30,672 - VoiceAssistant - INFO - info:50 - Speech detected!
2025-11-19 23:51:30,672 - VoiceAssistant - INFO - info:50 - Sound detected! Recording...
2025-11-19 23:51:30,672 - VoiceAssistant - INFO - info:50 - Speech detected!
2025-11-19 23:51:31,674 - VoiceAssistant - INFO - info:50 - Silence detected, stopping recording...
2025-11-19 23:51:31,674 - VoiceAssistant - INFO - info:50 - Silence detected, processing...
2025-11-19 23:51:31,675 - VoiceAssistant - INFO - info:50 - Saved audio: files/Artur Recordings/20251119_235126_395.wav (2.0s, 176172 bytes)
2025-11-19 23:51:31,676 - VoiceAssistant - INFO - info:50 - Silence detected, stopping recording...
2025-11-19 23:51:31,677 - VoiceAssistant - INFO - info:50 - Silence detected, processing...
2025-11-19 23:51:31,677 - VoiceAssistant - INFO - info:50 - Saved audio: files/Artur Recordings/20251119_235126_401.wav (2.0s, 176172 bytes)
2025-11-19 23:51:31,790 - VoiceAssistant - INFO - info:50 - Transcribing audio...
2025-11-19 23:51:31,791 - VoiceAssistant - INFO - info:50 - Transcribing: files/Artur Recordings/20251119_235126_395.wav (2.0s)
2025-11-19 23:51:31,792 - VoiceAssistant - INFO - info:50 - Transcribing audio...
2025-11-19 23:51:31,792 - VoiceAssistant - INFO - info:50 - Transcribing: files/Artur Recordings/20251119_235126_401.wav (2.0s)
2025-11-19 23:51:32,533 - VoiceAssistant - INFO - info:50 - No transcription found (empty audio)
2025-11-19 23:51:32,534 - VoiceAssistant - WARNING - warning:54 - Transcription failed
2025-11-19 23:51:32,534 - VoiceAssistant - INFO - info:50 - Listening for audio...
2025-11-19 23:51:32,543 - VoiceAssistant - INFO - info:50 - No transcription found (empty audio)
2025-11-19 23:51:32,544 - VoiceAssistant - WARNING - warning:54 - Transcription failed
2025-11-19 23:51:32,544 - VoiceAssistant - INFO - info:50 - Listening for audio...
2025-11-19 23:51:32,713 - VoiceAssistant - INFO - info:50 - Starting audio recording (waiting for sound...)
2025-11-19 23:51:32,740 - VoiceAssistant - INFO - info:50 - Starting audio recording (waiting for sound...)
2025-11-19 23:51:37,726 - VoiceAssistant - WARNING - warning:54 - Max silence timeout reached during wait phase
2025-11-19 23:51:37,753 - VoiceAssistant - WARNING - warning:54 - Max silence timeout reached during wait phase
2025-11-19 23:51:37,841 - VoiceAssistant - WARNING - warning:54 - Recording failed or was cancelled
2025-11-19 23:51:37,841 - VoiceAssistant - INFO - info:50 - Listening for audio...
2025-11-19 23:51:37,868 - VoiceAssistant - WARNING - warning:54 - Recording failed or was cancelled
2025-11-19 23:51:37,869 - VoiceAssistant - INFO - info:50 - Listening for audio...
2025-11-19 23:51:37,973 - VoiceAssistant - INFO - info:50 - Starting audio recording (waiting for sound...)
2025-11-19 23:51:38,017 - VoiceAssistant - INFO - info:50 - Starting audio recording (waiting for sound...)
2025-11-19 23:51:42,986 - VoiceAssistant - WARNING - warning:54 - Max silence timeout reached during wait phase
2025-11-19 23:51:43,030 - VoiceAssistant - WARNING - warning:54 - Max silence timeout reached during wait phase
2025-11-19 23:51:43,101 - VoiceAssistant - WARNING - warning:54 - Recording failed or was cancelled
2025-11-19 23:51:43,101 - VoiceAssistant - INFO - info:50 - Listening for audio...
2025-11-19 23:51:43,145 - VoiceAssistant - WARNING - warning:54 - Recording failed or was cancelled
2025-11-19 23:51:43,145 - VoiceAssistant - INFO - info:50 - Listening for audio...
2025-11-19 23:51:43,243 - VoiceAssistant - INFO - info:50 - Starting audio recording (waiting for sound...)
2025-11-19 23:51:43,287 - VoiceAssistant - INFO - info:50 - Starting audio recording (waiting for sound...)
2025-11-19 23:51:48,258 - VoiceAssistant - WARNING - warning:54 - Max silence timeout reached during wait phase
2025-11-19 23:51:48,302 - VoiceAssistant - WARNING - warning:54 - Max silence timeout reached during wait phase
2025-11-19 23:51:48,373 - VoiceAssistant - WARNING - warning:54 - Recording failed or was cancelled
2025-11-19 23:51:48,374 - VoiceAssistant - INFO - info:50 - Listening for audio...
2025-11-19 23:51:48,416 - VoiceAssistant - WARNING - warning:54 - Recording failed or was cancelled
2025-11-19 23:51:48,417 - VoiceAssistant - INFO - info:50 - Listening for audio...
2025-11-19 23:51:48,509 - VoiceAssistant - INFO - info:50 - Starting audio recording (waiting for sound...)
2025-11-19 23:51:48,551 - VoiceAssistant - INFO - info:50 - Starting audio recording (waiting for sound...)
2025-11-19 23:51:53,526 - VoiceAssistant - WARNING - warning:54 - Max silence timeout reached during wait phase
2025-11-19 23:51:53,564 - VoiceAssistant - WARNING - warning:54 - Max silence timeout reached during wait phase
2025-11-19 23:51:53,641 - VoiceAssistant - WARNING - warning:54 - Recording failed or was cancelled
2025-11-19 23:51:53,641 - VoiceAssistant - INFO - info:50 - Listening for audio...
2025-11-19 23:51:53,680 - VoiceAssistant - WARNING - warning:54 - Recording failed or was cancelled
2025-11-19 23:51:53,680 - VoiceAssistant - INFO - info:50 - Listening for audio...
2025-11-19 23:51:53,778 - VoiceAssistant - INFO - info:50 - Starting audio recording (waiting for sound...)
2025-11-19 23:51:53,836 - VoiceAssistant - INFO - info:50 - Starting audio recording (waiting for sound...)
2025-11-19 23:51:58,322 - VoiceAssistant - INFO - info:50 - Sound detected! Recording...
2025-11-19 23:51:58,322 - VoiceAssistant - INFO - info:50 - Speech detected!
2025-11-19 23:51:58,339 - VoiceAssistant - INFO - info:50 - Sound detected! Recording...
2025-11-19 23:51:58,339 - VoiceAssistant - INFO - info:50 - Speech detected!
2025-11-19 23:51:59,384 - VoiceAssistant - INFO - info:50 - Silence detected, stopping recording...
2025-11-19 23:51:59,384 - VoiceAssistant - INFO - info:50 - Silence detected, processing...
2025-11-19 23:51:59,386 - VoiceAssistant - INFO - info:50 - Saved audio: files/Artur Recordings/20251119_235153_680.wav (2.0s, 180268 bytes)
2025-11-19 23:51:59,389 - VoiceAssistant - INFO - info:50 - Silence detected, stopping recording...
2025-11-19 23:51:59,389 - VoiceAssistant - INFO - info:50 - Silence detected, processing...
2025-11-19 23:51:59,390 - VoiceAssistant - INFO - info:50 - Saved audio: files/Artur Recordings/20251119_235153_641.wav (2.1s, 182316 bytes)
2025-11-19 23:51:59,500 - VoiceAssistant - INFO - info:50 - Transcribing audio...
2025-11-19 23:51:59,500 - VoiceAssistant - INFO - info:50 - Transcribing: files/Artur Recordings/20251119_235153_680.wav (2.0s)
2025-11-19 23:51:59,515 - VoiceAssistant - INFO - info:50 - Transcribing audio...
2025-11-19 23:51:59,516 - VoiceAssistant - INFO - info:50 - Transcribing: files/Artur Recordings/20251119_235153_641.wav (2.1s)
2025-11-19 23:52:00,220 - VoiceAssistant - INFO - info:50 - No transcription found (empty audio)
2025-11-19 23:52:00,220 - VoiceAssistant - WARNING - warning:54 - Transcription failed
2025-11-19 23:52:00,220 - VoiceAssistant - INFO - info:50 - Listening for audio...
2025-11-19 23:52:00,224 - VoiceAssistant - INFO - info:50 - No transcription found (empty audio)
2025-11-19 23:52:00,225 - VoiceAssistant - WARNING - warning:54 - Transcription failed
2025-11-19 23:52:00,225 - VoiceAssistant - INFO - info:50 - Listening for audio...
2025-11-19 23:52:00,406 - VoiceAssistant - INFO - info:50 - Starting audio recording (waiting for sound...)
2025-11-19 23:52:00,430 - VoiceAssistant - INFO - info:50 - Starting audio recording (waiting for sound...)
2025-11-19 23:52:03,372 - VoiceAssistant - INFO - info:50 - Sound detected! Recording...
2025-11-19 23:52:03,372 - VoiceAssistant - INFO - info:50 - Speech detected!
2025-11-19 23:52:03,376 - VoiceAssistant - INFO - info:50 - Sound detected! Recording...
2025-11-19 23:52:03,377 - VoiceAssistant - INFO - info:50 - Speech detected!
2025-11-19 23:52:04,399 - VoiceAssistant - INFO - info:50 - Silence detected, stopping recording...
2025-11-19 23:52:04,400 - VoiceAssistant - INFO - info:50 - Silence detected, processing...
2025-11-19 23:52:04,400 - VoiceAssistant - INFO - info:50 - Silence detected, stopping recording...
2025-11-19 23:52:04,400 - VoiceAssistant - INFO - info:50 - Silence detected, processing...
2025-11-19 23:52:04,401 - VoiceAssistant - INFO - info:50 - Saved audio: files/Artur Recordings/20251119_235200_220.wav (2.0s, 178220 bytes)
2025-11-19 23:52:04,401 - VoiceAssistant - INFO - info:50 - Saved audio: files/Artur Recordings/20251119_235200_225.wav (2.0s, 178220 bytes)
2025-11-19 23:52:04,517 - VoiceAssistant - INFO - info:50 - Transcribing audio...
2025-11-19 23:52:04,517 - VoiceAssistant - INFO - info:50 - Transcribing: files/Artur Recordings/20251119_235200_220.wav (2.0s)
2025-11-19 23:52:04,526 - VoiceAssistant - INFO - info:50 - Transcribing audio...
2025-11-19 23:52:04,526 - VoiceAssistant - INFO - info:50 - Transcribing: files/Artur Recordings/20251119_235200_225.wav (2.0s)
2025-11-19 23:52:05,734 - VoiceAssistant - INFO - info:50 - No transcription found (empty audio)
2025-11-19 23:52:05,734 - VoiceAssistant - WARNING - warning:54 - Transcription failed
2025-11-19 23:52:05,734 - VoiceAssistant - INFO - info:50 - Listening for audio...
2025-11-19 23:52:05,779 - VoiceAssistant - INFO - info:50 - No transcription found (empty audio)
2025-11-19 23:52:05,779 - VoiceAssistant - WARNING - warning:54 - Transcription failed
2025-11-19 23:52:05,779 - VoiceAssistant - INFO - info:50 - Listening for audio...
2025-11-19 23:52:06,018 - VoiceAssistant - INFO - info:50 - Starting audio recording (waiting for sound...)
2025-11-19 23:52:06,061 - VoiceAssistant - INFO - info:50 - Sound detected! Recording...
2025-11-19 23:52:06,061 - VoiceAssistant - INFO - info:50 - Speech detected!
2025-11-19 23:52:06,180 - VoiceAssistant - INFO - info:50 - Starting audio recording (waiting for sound...)
2025-11-19 23:52:07,086 - VoiceAssistant - INFO - info:50 - Silence detected, stopping recording...
2025-11-19 23:52:07,086 - VoiceAssistant - INFO - info:50 - Silence detected, processing...
2025-11-19 23:52:07,087 - VoiceAssistant - INFO - info:50 - Saved audio: files/Artur Recordings/20251119_235205_734.wav (1.0s, 92204 bytes)
2025-11-19 23:52:07,183 - VoiceAssistant - INFO - info:50 - Sound detected! Recording...
2025-11-19 23:52:07,183 - VoiceAssistant - INFO - info:50 - Speech detected!
2025-11-19 23:52:07,202 - VoiceAssistant - INFO - info:50 - Transcribing audio...
2025-11-19 23:52:07,203 - VoiceAssistant - INFO - info:50 - Transcribing: files/Artur Recordings/20251119_235205_734.wav (1.0s)
2025-11-19 23:52:07,749 - VoiceAssistant - INFO - info:50 - No transcription found (empty audio)
2025-11-19 23:52:07,749 - VoiceAssistant - WARNING - warning:54 - Transcription failed
2025-11-19 23:52:07,749 - VoiceAssistant - INFO - info:50 - Listening for audio...
2025-11-19 23:52:07,862 - VoiceAssistant - INFO - info:50 - Starting audio recording (waiting for sound...)
2025-11-19 23:52:08,228 - VoiceAssistant - INFO - info:50 - Silence detected, stopping recording...
2025-11-19 23:52:08,228 - VoiceAssistant - INFO - info:50 - Silence detected, processing...
2025-11-19 23:52:08,230 - VoiceAssistant - INFO - info:50 - Saved audio: files/Artur Recordings/20251119_235205_779.wav (2.0s, 180268 bytes)
2025-11-19 23:52:08,344 - VoiceAssistant - INFO - info:50 - Transcribing audio...
2025-11-19 23:52:08,345 - VoiceAssistant - INFO - info:50 - Transcribing: files/Artur Recordings/20251119_235205_779.wav (2.0s)
2025-11-19 23:52:08,825 - VoiceAssistant - INFO - info:50 - No transcription found (empty audio)
2025-11-19 23:52:08,825 - VoiceAssistant - WARNING - warning:54 - Transcription failed
2025-11-19 23:52:08,825 - VoiceAssistant - INFO - info:50 - Listening for audio...
2025-11-19 23:52:08,932 - VoiceAssistant - INFO - info:50 - Starting audio recording (waiting for sound...)
2025-11-19 23:52:12,640 - VoiceAssistant - INFO - info:50 - Sound detected! Recording...
2025-11-19 23:52:12,640 - VoiceAssistant - INFO - info:50 - Speech detected!
2025-11-19 23:52:12,645 - VoiceAssistant - INFO - info:50 - Sound detected! Recording...
2025-11-19 23:52:12,645 - VoiceAssistant - INFO - info:50 - Speech detected!
2025-11-19 23:52:13,621 - VoiceAssistant - INFO - info:50 - Silence detected, stopping recording...
2025-11-19 23:52:13,622 - VoiceAssistant - INFO - info:50 - Silence detected, processing...
2025-11-19 23:52:13,622 - VoiceAssistant - INFO - info:50 - Saved audio: files/Artur Recordings/20251119_235207_749.wav (2.0s, 176172 bytes)
2025-11-19 23:52:13,628 - VoiceAssistant - INFO - info:50 - Silence detected, stopping recording...
2025-11-19 23:52:13,629 - VoiceAssistant - INFO - info:50 - Silence detected, processing...
2025-11-19 23:52:13,629 - VoiceAssistant - INFO - info:50 - Saved audio: files/Artur Recordings/20251119_235208_825.wav (2.0s, 176172 bytes)
2025-11-19 23:52:13,737 - VoiceAssistant - INFO - info:50 - Transcribing audio...
2025-11-19 23:52:13,737 - VoiceAssistant - INFO - info:50 - Transcribing: files/Artur Recordings/20251119_235207_749.wav (2.0s)
2025-11-19 23:52:13,754 - VoiceAssistant - INFO - info:50 - Transcribing audio...
2025-11-19 23:52:13,755 - VoiceAssistant - INFO - info:50 - Transcribing: files/Artur Recordings/20251119_235208_825.wav (2.0s)
2025-11-19 23:52:14,547 - VoiceAssistant - INFO - info:50 - No transcription found (empty audio)
2025-11-19 23:52:14,547 - VoiceAssistant - WARNING - warning:54 - Transcription failed
2025-11-19 23:52:14,548 - VoiceAssistant - INFO - info:50 - Listening for audio...
2025-11-19 23:52:14,601 - VoiceAssistant - INFO - info:50 - No transcription found (empty audio)
2025-11-19 23:52:14,602 - VoiceAssistant - WARNING - warning:54 - Transcription failed
2025-11-19 23:52:14,602 - VoiceAssistant - INFO - info:50 - Listening for audio...
2025-11-19 23:52:14,728 - VoiceAssistant - INFO - info:50 - Starting audio recording (waiting for sound...)
2025-11-19 23:52:14,785 - VoiceAssistant - INFO - info:50 - Starting audio recording (waiting for sound...)
2025-11-19 23:52:19,742 - VoiceAssistant - WARNING - warning:54 - Max silence timeout reached during wait phase
2025-11-19 23:52:19,796 - VoiceAssistant - WARNING - warning:54 - Max silence timeout reached during wait phase
2025-11-19 23:52:19,856 - VoiceAssistant - WARNING - warning:54 - Recording failed or was cancelled
2025-11-19 23:52:19,857 - VoiceAssistant - INFO - info:50 - Listening for audio...
2025-11-19 23:52:19,911 - VoiceAssistant - WARNING - warning:54 - Recording failed or was cancelled
2025-11-19 23:52:19,912 - VoiceAssistant - INFO - info:50 - Listening for audio...
2025-11-19 23:52:19,973 - VoiceAssistant - INFO - info:50 - Starting audio recording (waiting for sound...)
2025-11-19 23:52:20,038 - VoiceAssistant - INFO - info:50 - Starting audio recording (waiting for sound...)
2025-11-19 23:52:24,989 - VoiceAssistant - WARNING - warning:54 - Max silence timeout reached during wait phase
2025-11-19 23:52:25,054 - VoiceAssistant - WARNING - warning:54 - Max silence timeout reached during wait phase
2025-11-19 23:52:25,105 - VoiceAssistant - WARNING - warning:54 - Recording failed or was cancelled
2025-11-19 23:52:25,105 - VoiceAssistant - INFO - info:50 - Listening for audio...
2025-11-19 23:52:25,169 - VoiceAssistant - WARNING - warning:54 - Recording failed or was cancelled
2025-11-19 23:52:25,169 - VoiceAssistant - INFO - info:50 - Listening for audio...
2025-11-19 23:52:25,218 - VoiceAssistant - INFO - info:50 - Starting audio recording (waiting for sound...)
2025-11-19 23:52:25,293 - VoiceAssistant - INFO - info:50 - Starting audio recording (waiting for sound...)
2025-11-19 23:52:30,231 - VoiceAssistant - WARNING - warning:54 - Max silence timeout reached during wait phase
2025-11-19 23:52:30,308 - VoiceAssistant - WARNING - warning:54 - Max silence timeout reached during wait phase
2025-11-19 23:52:30,348 - VoiceAssistant - WARNING - warning:54 - Recording failed or was cancelled
2025-11-19 23:52:30,348 - VoiceAssistant - INFO - info:50 - Listening for audio...
2025-11-19 23:52:30,424 - VoiceAssistant - WARNING - warning:54 - Recording failed or was cancelled
2025-11-19 23:52:30,424 - VoiceAssistant - INFO - info:50 - Listening for audio...
2025-11-19 23:52:30,447 - VoiceAssistant - INFO - info:50 - Starting audio recording (waiting for sound...)
2025-11-19 23:52:30,535 - VoiceAssistant - INFO - info:50 - Starting audio recording (waiting for sound...)
2025-11-19 23:52:35,460 - VoiceAssistant - WARNING - warning:54 - Max silence timeout reached during wait phase
2025-11-19 23:52:35,552 - VoiceAssistant - WARNING - warning:54 - Max silence timeout reached during wait phase
2025-11-19 23:52:35,575 - VoiceAssistant - WARNING - warning:54 - Recording failed or was cancelled
2025-11-19 23:52:35,576 - VoiceAssistant - INFO - info:50 - Listening for audio...
2025-11-19 23:52:35,667 - VoiceAssistant - WARNING - warning:54 - Recording failed or was cancelled
2025-11-19 23:52:35,667 - VoiceAssistant - INFO - info:50 - Starting audio recording (waiting for sound...)
2025-11-19 23:52:35,667 - VoiceAssistant - INFO - info:50 - Listening for audio...
2025-11-19 23:52:35,757 - VoiceAssistant - INFO - info:50 - Starting audio recording (waiting for sound...)
2025-11-19 23:52:40,684 - VoiceAssistant - WARNING - warning:54 - Max silence timeout reached during wait phase
2025-11-19 23:52:40,771 - VoiceAssistant - WARNING - warning:54 - Max silence timeout reached during wait phase
2025-11-19 23:52:40,799 - VoiceAssistant - WARNING - warning:54 - Recording failed or was cancelled
2025-11-19 23:52:40,799 - VoiceAssistant - INFO - info:50 - Listening for audio...
2025-11-19 23:52:40,887 - VoiceAssistant - WARNING - warning:54 - Recording failed or was cancelled
2025-11-19 23:52:40,887 - VoiceAssistant - INFO - info:50 - Listening for audio...
2025-11-19 23:52:40,895 - VoiceAssistant - INFO - info:50 - Starting audio recording (waiting for sound...)
2025-11-19 23:52:40,985 - VoiceAssistant - INFO - info:50 - Starting audio recording (waiting for sound...)
2025-11-19 23:52:45,912 - VoiceAssistant - WARNING - warning:54 - Max silence timeout reached during wait phase
2025-11-19 23:52:45,997 - VoiceAssistant - WARNING - warning:54 - Max silence timeout reached during wait phase
2025-11-19 23:52:46,026 - VoiceAssistant - WARNING - warning:54 - Recording failed or was cancelled
2025-11-19 23:52:46,026 - VoiceAssistant - INFO - info:50 - Listening for audio...
2025-11-19 23:52:46,112 - VoiceAssistant - WARNING - warning:54 - Recording failed or was cancelled
2025-11-19 23:52:46,113 - VoiceAssistant - INFO - info:50 - Listening for audio...
2025-11-19 23:52:46,133 - VoiceAssistant - INFO - info:50 - Starting audio recording (waiting for sound...)
2025-11-19 23:52:46,249 - VoiceAssistant - INFO - info:50 - Starting audio recording (waiting for sound...)
2025-11-19 23:52:47,095 - VoiceAssistant - INFO - info:50 - Sound detected! Recording...
2025-11-19 23:52:47,095 - VoiceAssistant - INFO - info:50 - Speech detected!
2025-11-19 23:52:47,106 - VoiceAssistant - INFO - info:50 - Sound detected! Recording...
2025-11-19 23:52:47,106 - VoiceAssistant - INFO - info:50 - Speech detected!
2025-11-19 23:52:48,100 - VoiceAssistant - INFO - info:50 - Silence detected, stopping recording...
2025-11-19 23:52:48,100 - VoiceAssistant - INFO - info:50 - Silence detected, processing...
2025-11-19 23:52:48,101 - VoiceAssistant - INFO - info:50 - Saved audio: files/Artur Recordings/20251119_235246_026.wav (2.0s, 172076 bytes)
2025-11-19 23:52:48,105 - VoiceAssistant - INFO - info:50 - Silence detected, stopping recording...
2025-11-19 23:52:48,106 - VoiceAssistant - INFO - info:50 - Silence detected, processing...
2025-11-19 23:52:48,106 - VoiceAssistant - INFO - info:50 - Saved audio: files/Artur Recordings/20251119_235246_113.wav (1.8s, 161836 bytes)
2025-11-19 23:52:48,216 - VoiceAssistant - INFO - info:50 - Transcribing audio...
2025-11-19 23:52:48,216 - VoiceAssistant - INFO - info:50 - Transcribing: files/Artur Recordings/20251119_235246_026.wav (2.0s)
2025-11-19 23:52:48,231 - VoiceAssistant - INFO - info:50 - Transcribing audio...
2025-11-19 23:52:48,231 - VoiceAssistant - INFO - info:50 - Transcribing: files/Artur Recordings/20251119_235246_113.wav (1.8s)
2025-11-19 23:52:48,801 - VoiceAssistant - INFO - info:50 - No transcription found (empty audio)
2025-11-19 23:52:48,802 - VoiceAssistant - WARNING - warning:54 - Transcription failed
2025-11-19 23:52:48,802 - VoiceAssistant - INFO - info:50 - Listening for audio...
2025-11-19 23:52:48,846 - VoiceAssistant - INFO - info:50 - No transcription found (empty audio)
2025-11-19 23:52:48,846 - VoiceAssistant - WARNING - warning:54 - Transcription failed
2025-11-19 23:52:48,846 - VoiceAssistant - INFO - info:50 - Listening for audio...
2025-11-19 23:52:48,963 - VoiceAssistant - INFO - info:50 - Starting audio recording (waiting for sound...)
2025-11-19 23:52:49,008 - VoiceAssistant - INFO - info:50 - Starting audio recording (waiting for sound...)
2025-11-19 23:52:53,679 - VoiceAssistant - INFO - info:50 - Sound detected! Recording...
2025-11-19 23:52:53,679 - VoiceAssistant - INFO - info:50 - Sound detected! Recording...
2025-11-19 23:52:53,679 - VoiceAssistant - INFO - info:50 - Speech detected!
2025-11-19 23:52:53,679 - VoiceAssistant - INFO - info:50 - Speech detected!
2025-11-19 23:52:55,281 - VoiceAssistant - INFO - info:50 - Silence detected, stopping recording...
2025-11-19 23:52:55,281 - VoiceAssistant - INFO - info:50 - Silence detected, processing...
2025-11-19 23:52:55,282 - VoiceAssistant - INFO - info:50 - Saved audio: files/Artur Recordings/20251119_235248_846.wav (2.6s, 229420 bytes)
2025-11-19 23:52:55,303 - VoiceAssistant - INFO - info:50 - Silence detected, stopping recording...
2025-11-19 23:52:55,303 - VoiceAssistant - INFO - info:50 - Silence detected, processing...
2025-11-19 23:52:55,304 - VoiceAssistant - INFO - info:50 - Saved audio: files/Artur Recordings/20251119_235248_802.wav (2.6s, 229420 bytes)
2025-11-19 23:52:55,397 - VoiceAssistant - INFO - info:50 - Transcribing audio...
2025-11-19 23:52:55,397 - VoiceAssistant - INFO - info:50 - Transcribing: files/Artur Recordings/20251119_235248_846.wav (2.6s)
2025-11-19 23:52:55,430 - VoiceAssistant - INFO - info:50 - Transcribing audio...
2025-11-19 23:52:55,430 - VoiceAssistant - INFO - info:50 - Transcribing: files/Artur Recordings/20251119_235248_802.wav (2.6s)
2025-11-19 23:52:55,936 - VoiceAssistant - INFO - info:50 - No transcription found (empty audio)
2025-11-19 23:52:55,936 - VoiceAssistant - WARNING - warning:54 - Transcription failed
2025-11-19 23:52:55,936 - VoiceAssistant - INFO - info:50 - Listening for audio...
2025-11-19 23:52:55,960 - VoiceAssistant - INFO - info:50 - No transcription found (empty audio)
2025-11-19 23:52:55,961 - VoiceAssistant - WARNING - warning:54 - Transcription failed
2025-11-19 23:52:55,961 - VoiceAssistant - INFO - info:50 - Listening for audio...
2025-11-19 23:52:56,115 - VoiceAssistant - INFO - info:50 - Starting audio recording (waiting for sound...)
2025-11-19 23:52:56,140 - VoiceAssistant - INFO - info:50 - Starting audio recording (waiting for sound...)
2025-11-19 23:53:01,131 - VoiceAssistant - WARNING - warning:54 - Max silence timeout reached during wait phase
2025-11-19 23:53:01,154 - VoiceAssistant - WARNING - warning:54 - Max silence timeout reached during wait phase
2025-11-19 23:53:01,247 - VoiceAssistant - WARNING - warning:54 - Recording failed or was cancelled
2025-11-19 23:53:01,248 - VoiceAssistant - INFO - info:50 - Listening for audio...
2025-11-19 23:53:01,269 - VoiceAssistant - WARNING - warning:54 - Recording failed or was cancelled
2025-11-19 23:53:01,269 - VoiceAssistant - INFO - info:50 - Listening for audio...
2025-11-19 23:53:01,395 - VoiceAssistant - INFO - info:50 - Starting audio recording (waiting for sound...)
2025-11-19 23:53:01,418 - VoiceAssistant - INFO - info:50 - Starting audio recording (waiting for sound...)
2025-11-19 23:53:06,413 - VoiceAssistant - WARNING - warning:54 - Max silence timeout reached during wait phase
2025-11-19 23:53:06,435 - VoiceAssistant - WARNING - warning:54 - Max silence timeout reached during wait phase
2025-11-19 23:53:06,529 - VoiceAssistant - WARNING - warning:54 - Recording failed or was cancelled
2025-11-19 23:53:06,529 - VoiceAssistant - INFO - info:50 - Listening for audio...
2025-11-19 23:53:06,552 - VoiceAssistant - WARNING - warning:54 - Recording failed or was cancelled
2025-11-19 23:53:06,552 - VoiceAssistant - INFO - info:50 - Listening for audio...
2025-11-19 23:53:06,676 - VoiceAssistant - INFO - info:50 - Starting audio recording (waiting for sound...)
2025-11-19 23:53:06,696 - VoiceAssistant - INFO - info:50 - Starting audio recording (waiting for sound...)
2025-11-19 23:53:11,690 - VoiceAssistant - WARNING - warning:54 - Max silence timeout reached during wait phase
2025-11-19 23:53:11,711 - VoiceAssistant - WARNING - warning:54 - Max silence timeout reached during wait phase
2025-11-19 23:53:11,806 - VoiceAssistant - WARNING - warning:54 - Recording failed or was cancelled
2025-11-19 23:53:11,806 - VoiceAssistant - INFO - info:50 - Listening for audio...
2025-11-19 23:53:11,827 - VoiceAssistant - WARNING - warning:54 - Recording failed or was cancelled
2025-11-19 23:53:11,827 - VoiceAssistant - INFO - info:50 - Listening for audio...
2025-11-19 23:53:11,974 - VoiceAssistant - INFO - info:50 - Starting audio recording (waiting for sound...)
2025-11-19 23:53:11,996 - VoiceAssistant - INFO - info:50 - Starting audio recording (waiting for sound...)
2025-11-19 23:53:16,990 - VoiceAssistant - WARNING - warning:54 - Max silence timeout reached during wait phase
2025-11-19 23:53:17,012 - VoiceAssistant - WARNING - warning:54 - Max silence timeout reached during wait phase
2025-11-19 23:53:17,105 - VoiceAssistant - WARNING - warning:54 - Recording failed or was cancelled
2025-11-19 23:53:17,105 - VoiceAssistant - INFO - info:50 - Listening for audio...
2025-11-19 23:53:17,128 - VoiceAssistant - WARNING - warning:54 - Recording failed or was cancelled
2025-11-19 23:53:17,128 - VoiceAssistant - INFO - info:50 - Listening for audio...
2025-11-19 23:53:17,232 - VoiceAssistant - INFO - info:50 - Starting audio recording (waiting for sound...)
2025-11-19 23:53:17,272 - VoiceAssistant - INFO - info:50 - Starting audio recording (waiting for sound...)
2025-11-19 23:53:22,248 - VoiceAssistant - WARNING - warning:54 - Max silence timeout reached during wait phase
2025-11-19 23:53:22,286 - VoiceAssistant - WARNING - warning:54 - Max silence timeout reached during wait phase
2025-11-19 23:53:22,364 - VoiceAssistant - WARNING - warning:54 - Recording failed or was cancelled
2025-11-19 23:53:22,364 - VoiceAssistant - INFO - info:50 - Listening for audio...
2025-11-19 23:53:22,402 - VoiceAssistant - WARNING - warning:54 - Recording failed or was cancelled
2025-11-19 23:53:22,402 - VoiceAssistant - INFO - info:50 - Listening for audio...
2025-11-19 23:53:22,490 - VoiceAssistant - INFO - info:50 - Starting audio recording (waiting for sound...)
2025-11-19 23:53:22,530 - VoiceAssistant - INFO - info:50 - Starting audio recording (waiting for sound...)
2025-11-19 23:53:27,503 - VoiceAssistant - WARNING - warning:54 - Max silence timeout reached during wait phase
2025-11-19 23:53:27,544 - VoiceAssistant - WARNING - warning:54 - Max silence timeout reached during wait phase
2025-11-19 23:53:27,617 - VoiceAssistant - WARNING - warning:54 - Recording failed or was cancelled
2025-11-19 23:53:27,617 - VoiceAssistant - INFO - info:50 - Listening for audio...
2025-11-19 23:53:27,659 - VoiceAssistant - WARNING - warning:54 - Recording failed or was cancelled
2025-11-19 23:53:27,660 - VoiceAssistant - INFO - info:50 - Listening for audio...
2025-11-19 23:53:27,731 - VoiceAssistant - INFO - info:50 - Starting audio recording (waiting for sound...)
2025-11-19 23:53:27,795 - VoiceAssistant - INFO - info:50 - Starting audio recording (waiting for sound...)
2025-11-19 23:53:32,748 - VoiceAssistant - WARNING - warning:54 - Max silence timeout reached during wait phase
2025-11-19 23:53:32,807 - VoiceAssistant - WARNING - warning:54 - Max silence timeout reached during wait phase
2025-11-19 23:53:32,864 - VoiceAssistant - WARNING - warning:54 - Recording failed or was cancelled
2025-11-19 23:53:32,864 - VoiceAssistant - INFO - info:50 - Listening for audio...
2025-11-19 23:53:32,923 - VoiceAssistant - WARNING - warning:54 - Recording failed or was cancelled
2025-11-19 23:53:32,923 - VoiceAssistant - INFO - info:50 - Listening for audio...
2025-11-19 23:53:32,976 - VoiceAssistant - INFO - info:50 - Starting audio recording (waiting for sound...)
2025-11-19 23:53:33,041 - VoiceAssistant - INFO - info:50 - Starting audio recording (waiting for sound...)
2025-11-19 23:53:37,988 - VoiceAssistant - WARNING - warning:54 - Max silence timeout reached during wait phase
2025-11-19 23:53:38,055 - VoiceAssistant - WARNING - warning:54 - Max silence timeout reached during wait phase
2025-11-19 23:53:38,104 - VoiceAssistant - WARNING - warning:54 - Recording failed or was cancelled
2025-11-19 23:53:38,105 - VoiceAssistant - INFO - info:50 - Listening for audio...
2025-11-19 23:53:38,170 - VoiceAssistant - WARNING - warning:54 - Recording failed or was cancelled
2025-11-19 23:53:38,170 - VoiceAssistant - INFO - info:50 - Listening for audio...
2025-11-19 23:53:38,220 - VoiceAssistant - INFO - info:50 - Starting audio recording (waiting for sound...)
2025-11-19 23:53:38,290 - VoiceAssistant - INFO - info:50 - Starting audio recording (waiting for sound...)
2025-11-19 23:53:43,237 - VoiceAssistant - WARNING - warning:54 - Max silence timeout reached during wait phase
2025-11-19 23:53:43,307 - VoiceAssistant - WARNING - warning:54 - Max silence timeout reached during wait phase
2025-11-19 23:53:43,353 - VoiceAssistant - WARNING - warning:54 - Recording failed or was cancelled
2025-11-19 23:53:43,353 - VoiceAssistant - INFO - info:50 - Listening for audio...
2025-11-19 23:53:43,423 - VoiceAssistant - WARNING - warning:54 - Recording failed or was cancelled
2025-11-19 23:53:43,424 - VoiceAssistant - INFO - info:50 - Listening for audio...
2025-11-19 23:53:43,448 - VoiceAssistant - INFO - info:50 - Starting audio recording (waiting for sound...)
2025-11-19 23:53:43,537 - VoiceAssistant - INFO - info:50 - Starting audio recording (waiting for sound...)
2025-11-19 23:53:48,464 - VoiceAssistant - WARNING - warning:54 - Max silence timeout reached during wait phase
2025-11-19 23:53:48,550 - VoiceAssistant - WARNING - warning:54 - Max silence timeout reached during wait phase
2025-11-19 23:53:48,584 - VoiceAssistant - WARNING - warning:54 - Recording failed or was cancelled
2025-11-19 23:53:48,584 - VoiceAssistant - INFO - info:50 - Listening for audio...
2025-11-19 23:53:48,666 - VoiceAssistant - WARNING - warning:54 - Recording failed or was cancelled
2025-11-19 23:53:48,666 - VoiceAssistant - INFO - info:50 - Listening for audio...
2025-11-19 23:53:48,679 - VoiceAssistant - INFO - info:50 - Starting audio recording (waiting for sound...)
2025-11-19 23:53:48,762 - VoiceAssistant - INFO - info:50 - Starting audio recording (waiting for sound...)
2025-11-19 23:53:49,555 - VoiceAssistant - INFO - info:50 - Sound detected! Recording...
2025-11-19 23:53:49,556 - VoiceAssistant - INFO - info:50 - Speech detected!
2025-11-19 23:53:49,572 - VoiceAssistant - INFO - info:50 - Sound detected! Recording...
2025-11-19 23:53:49,572 - VoiceAssistant - INFO - info:50 - Speech detected!
2025-11-19 23:53:50,554 - VoiceAssistant - INFO - info:50 - Silence detected, stopping recording...
2025-11-19 23:53:50,554 - VoiceAssistant - INFO - info:50 - Silence detected, processing...
2025-11-19 23:53:50,556 - VoiceAssistant - INFO - info:50 - Saved audio: files/Artur Recordings/20251119_235348_666.wav (1.8s, 157740 bytes)
2025-11-19 23:53:50,581 - VoiceAssistant - INFO - info:50 - Silence detected, stopping recording...
2025-11-19 23:53:50,582 - VoiceAssistant - INFO - info:50 - Silence detected, processing...
2025-11-19 23:53:50,583 - VoiceAssistant - INFO - info:50 - Saved audio: files/Artur Recordings/20251119_235348_584.wav (1.9s, 165932 bytes)
2025-11-19 23:53:50,671 - VoiceAssistant - INFO - info:50 - Transcribing audio...
2025-11-19 23:53:50,672 - VoiceAssistant - INFO - info:50 - Transcribing: files/Artur Recordings/20251119_235348_666.wav (1.8s)
2025-11-19 23:53:50,699 - VoiceAssistant - INFO - info:50 - Transcribing audio...
2025-11-19 23:53:50,700 - VoiceAssistant - INFO - info:50 - Transcribing: files/Artur Recordings/20251119_235348_584.wav (1.9s)
2025-11-19 23:53:51,344 - VoiceAssistant - INFO - info:50 - No transcription found (empty audio)
2025-11-19 23:53:51,344 - VoiceAssistant - WARNING - warning:54 - Transcription failed
2025-11-19 23:53:51,344 - VoiceAssistant - INFO - info:50 - Listening for audio...
2025-11-19 23:53:51,416 - VoiceAssistant - INFO - info:50 - No transcription found (empty audio)
2025-11-19 23:53:51,417 - VoiceAssistant - WARNING - warning:54 - Transcription failed
2025-11-19 23:53:51,417 - VoiceAssistant - INFO - info:50 - Listening for audio...
2025-11-19 23:53:51,491 - VoiceAssistant - INFO - info:50 - Starting audio recording (waiting for sound...)
2025-11-19 23:53:51,556 - VoiceAssistant - INFO - info:50 - Starting audio recording (waiting for sound...)
2025-11-19 23:53:56,505 - VoiceAssistant - WARNING - warning:54 - Max silence timeout reached during wait phase
2025-11-19 23:53:56,571 - VoiceAssistant - WARNING - warning:54 - Max silence timeout reached during wait phase
2025-11-19 23:53:56,625 - VoiceAssistant - WARNING - warning:54 - Recording failed or was cancelled
2025-11-19 23:53:56,625 - VoiceAssistant - INFO - info:50 - Listening for audio...
2025-11-19 23:53:56,689 - VoiceAssistant - WARNING - warning:54 - Recording failed or was cancelled
2025-11-19 23:53:56,689 - VoiceAssistant - INFO - info:50 - Listening for audio...
2025-11-19 23:53:56,751 - VoiceAssistant - INFO - info:50 - Starting audio recording (waiting for sound...)
2025-11-19 23:53:56,813 - VoiceAssistant - INFO - info:50 - Starting audio recording (waiting for sound...)
2025-11-19 23:54:01,767 - VoiceAssistant - WARNING - warning:54 - Max silence timeout reached during wait phase
2025-11-19 23:54:01,829 - VoiceAssistant - WARNING - warning:54 - Max silence timeout reached during wait phase
2025-11-19 23:54:01,886 - VoiceAssistant - WARNING - warning:54 - Recording failed or was cancelled
2025-11-19 23:54:01,886 - VoiceAssistant - INFO - info:50 - Listening for audio...
2025-11-19 23:54:01,948 - VoiceAssistant - WARNING - warning:54 - Recording failed or was cancelled
2025-11-19 23:54:01,948 - VoiceAssistant - INFO - info:50 - Listening for audio...
2025-11-19 23:54:02,008 - VoiceAssistant - INFO - info:50 - Starting audio recording (waiting for sound...)
2025-11-19 23:54:02,068 - VoiceAssistant - INFO - info:50 - Starting audio recording (waiting for sound...)
2025-11-19 23:54:04,778 - VoiceAssistant - INFO - info:50 - Sound detected! Recording...
2025-11-19 23:54:04,778 - VoiceAssistant - INFO - info:50 - Speech detected!
2025-11-19 23:54:04,781 - VoiceAssistant - INFO - info:50 - Sound detected! Recording...
2025-11-19 23:54:04,781 - VoiceAssistant - INFO - info:50 - Speech detected!
2025-11-19 23:54:06,228 - VoiceAssistant - INFO - info:50 - Silence detected, stopping recording...
2025-11-19 23:54:06,229 - VoiceAssistant - INFO - info:50 - Silence detected, processing...
2025-11-19 23:54:06,230 - VoiceAssistant - INFO - info:50 - Silence detected, stopping recording...
2025-11-19 23:54:06,231 - VoiceAssistant - INFO - info:50 - Silence detected, processing...
2025-11-19 23:54:06,231 - VoiceAssistant - INFO - info:50 - Saved audio: files/Artur Recordings/20251119_235401_948.wav (2.5s, 217132 bytes)
2025-11-19 23:54:06,232 - VoiceAssistant - INFO - info:50 - Saved audio: files/Artur Recordings/20251119_235401_886.wav (2.4s, 215084 bytes)
2025-11-19 23:54:06,357 - VoiceAssistant - INFO - info:50 - Transcribing audio...
2025-11-19 23:54:06,357 - VoiceAssistant - INFO - info:50 - Transcribing audio...
2025-11-19 23:54:06,357 - VoiceAssistant - INFO - info:50 - Transcribing: files/Artur Recordings/20251119_235401_886.wav (2.4s)
2025-11-19 23:54:06,357 - VoiceAssistant - INFO - info:50 - Transcribing: files/Artur Recordings/20251119_235401_948.wav (2.5s)
2025-11-19 23:54:06,979 - VoiceAssistant - INFO - info:50 - Transcription complete: 'Thanks for watching.' (0.62s)
2025-11-19 23:54:06,980 - VoiceAssistant - INFO - info:50 - Saved transcription: files/Artur Recordings/20251119_235401_886.json
2025-11-19 23:54:06,981 - VoiceAssistant - INFO - info:50 - Transcription: 'Thanks for watching.'
2025-11-19 23:54:06,981 - VoiceAssistant - INFO - info:50 - Preprocessing text...
2025-11-19 23:54:06,981 - VoiceAssistant - INFO - info:50 - Text preprocessed: 'Thanks for watching.'
2025-11-19 23:54:06,981 - VoiceAssistant - INFO - info:50 - Processing as dictation: 'Thanks for watching.'
2025-11-19 23:54:06,987 - VoiceAssistant - INFO - info:50 - Auto-pasting transcription...
2025-11-19 23:54:06,991 - VoiceAssistant - INFO - info:50 - Transcription complete: 'Thanks for watching.' (0.63s)
2025-11-19 23:54:06,992 - VoiceAssistant - INFO - info:50 - Saved transcription: files/Artur Recordings/20251119_235401_948.json
2025-11-19 23:54:06,992 - VoiceAssistant - INFO - info:50 - Transcription: 'Thanks for watching.'
2025-11-19 23:54:06,992 - VoiceAssistant - INFO - info:50 - Preprocessing text...
2025-11-19 23:54:06,992 - VoiceAssistant - INFO - info:50 - Text preprocessed: 'Thanks for watching.'
2025-11-19 23:54:06,992 - VoiceAssistant - INFO - info:50 - Processing as dictation: 'Thanks for watching.'
2025-11-19 23:54:06,998 - VoiceAssistant - INFO - info:50 - Auto-pasting transcription...
2025-11-19 23:54:07,758 - VoiceAssistant - INFO - info:50 - Successfully pasted: 'Thanks for watching.'
2025-11-19 23:54:07,758 - VoiceAssistant - INFO - info:50 - Listening for audio...
2025-11-19 23:54:07,768 - VoiceAssistant - INFO - info:50 - Successfully pasted: 'Thanks for watching.'
2025-11-19 23:54:07,768 - VoiceAssistant - INFO - info:50 - Listening for audio...
2025-11-19 23:54:07,914 - VoiceAssistant - INFO - info:50 - Starting audio recording (waiting for sound...)
2025-11-19 23:54:07,939 - VoiceAssistant - INFO - info:50 - Starting audio recording (waiting for sound...)
2025-11-19 23:54:12,930 - VoiceAssistant - WARNING - warning:54 - Max silence timeout reached during wait phase
2025-11-19 23:54:12,952 - VoiceAssistant - WARNING - warning:54 - Max silence timeout reached during wait phase
2025-11-19 23:54:13,045 - VoiceAssistant - WARNING - warning:54 - Recording failed or was cancelled
2025-11-19 23:54:13,045 - VoiceAssistant - INFO - info:50 - Listening for audio...
2025-11-19 23:54:13,067 - VoiceAssistant - WARNING - warning:54 - Recording failed or was cancelled
2025-11-19 23:54:13,067 - VoiceAssistant - INFO - info:50 - Listening for audio...
2025-11-19 23:54:13,171 - VoiceAssistant - INFO - info:50 - Starting audio recording (waiting for sound...)
2025-11-19 23:54:13,219 - VoiceAssistant - INFO - info:50 - Starting audio recording (waiting for sound...)
2025-11-19 23:54:18,187 - VoiceAssistant - WARNING - warning:54 - Max silence timeout reached during wait phase
2025-11-19 23:54:18,237 - VoiceAssistant - WARNING - warning:54 - Max silence timeout reached during wait phase
2025-11-19 23:54:18,302 - VoiceAssistant - WARNING - warning:54 - Recording failed or was cancelled
2025-11-19 23:54:18,303 - VoiceAssistant - INFO - info:50 - Listening for audio...
2025-11-19 23:54:18,352 - VoiceAssistant - WARNING - warning:54 - Recording failed or was cancelled
2025-11-19 23:54:18,352 - VoiceAssistant - INFO - info:50 - Listening for audio...
2025-11-19 23:54:18,411 - VoiceAssistant - INFO - info:50 - Starting audio recording (waiting for sound...)
2025-11-19 23:54:18,473 - VoiceAssistant - INFO - info:50 - Starting audio recording (waiting for sound...)
2025-11-19 23:54:23,428 - VoiceAssistant - WARNING - warning:54 - Max silence timeout reached during wait phase
2025-11-19 23:54:23,486 - VoiceAssistant - WARNING - warning:54 - Max silence timeout reached during wait phase
2025-11-19 23:54:23,542 - VoiceAssistant - WARNING - warning:54 - Recording failed or was cancelled
2025-11-19 23:54:23,543 - VoiceAssistant - INFO - info:50 - Listening for audio...
2025-11-19 23:54:23,600 - VoiceAssistant - WARNING - warning:54 - Recording failed or was cancelled
2025-11-19 23:54:23,601 - VoiceAssistant - INFO - info:50 - Listening for audio...
2025-11-19 23:54:23,651 - VoiceAssistant - INFO - info:50 - Starting audio recording (waiting for sound...)
2025-11-19 23:54:23,710 - VoiceAssistant - INFO - info:50 - Starting audio recording (waiting for sound...)
2025-11-19 23:54:28,663 - VoiceAssistant - WARNING - warning:54 - Max silence timeout reached during wait phase
2025-11-19 23:54:28,722 - VoiceAssistant - WARNING - warning:54 - Max silence timeout reached during wait phase
2025-11-19 23:54:28,778 - VoiceAssistant - WARNING - warning:54 - Recording failed or was cancelled
2025-11-19 23:54:28,778 - VoiceAssistant - INFO - info:50 - Listening for audio...
2025-11-19 23:54:28,838 - VoiceAssistant - WARNING - warning:54 - Recording failed or was cancelled
2025-11-19 23:54:28,838 - VoiceAssistant - INFO - info:50 - Listening for audio...
2025-11-19 23:54:28,885 - VoiceAssistant - INFO - info:50 - Starting audio recording (waiting for sound...)
2025-11-19 23:54:28,950 - VoiceAssistant - INFO - info:50 - Starting audio recording (waiting for sound...)
2025-11-19 23:54:33,901 - VoiceAssistant - WARNING - warning:54 - Max silence timeout reached during wait phase
2025-11-19 23:54:33,965 - VoiceAssistant - WARNING - warning:54 - Max silence timeout reached during wait phase
2025-11-19 23:54:34,017 - VoiceAssistant - WARNING - warning:54 - Recording failed or was cancelled
2025-11-19 23:54:34,017 - VoiceAssistant - INFO - info:50 - Listening for audio...
2025-11-19 23:54:34,080 - VoiceAssistant - WARNING - warning:54 - Recording failed or was cancelled
2025-11-19 23:54:34,080 - VoiceAssistant - INFO - info:50 - Listening for audio...
2025-11-19 23:54:34,130 - VoiceAssistant - INFO - info:50 - Starting audio recording (waiting for sound...)
2025-11-19 23:54:34,197 - VoiceAssistant - INFO - info:50 - Starting audio recording (waiting for sound...)
2025-11-19 23:54:38,505 - VoiceAssistant - INFO - info:50 - Sound detected! Recording...
2025-11-19 23:54:38,505 - VoiceAssistant - INFO - info:50 - Speech detected!
2025-11-19 23:54:38,532 - VoiceAssistant - INFO - info:50 - Sound detected! Recording...
2025-11-19 23:54:38,532 - VoiceAssistant - INFO - info:50 - Speech detected!
2025-11-19 23:54:39,530 - VoiceAssistant - INFO - info:50 - Silence detected, stopping recording...
2025-11-19 23:54:39,530 - VoiceAssistant - INFO - info:50 - Silence detected, stopping recording...
2025-11-19 23:54:39,531 - VoiceAssistant - INFO - info:50 - Silence detected, processing...
2025-11-19 23:54:39,531 - VoiceAssistant - INFO - info:50 - Silence detected, processing...
2025-11-19 23:54:39,531 - VoiceAssistant - INFO - info:50 - Saved audio: files/Artur Recordings/20251119_235434_080.wav (2.0s, 176172 bytes)
2025-11-19 23:54:39,531 - VoiceAssistant - INFO - info:50 - Saved audio: files/Artur Recordings/20251119_235434_017.wav (2.0s, 178220 bytes)
2025-11-19 23:54:39,647 - VoiceAssistant - INFO - info:50 - Transcribing audio...
2025-11-19 23:54:39,647 - VoiceAssistant - INFO - info:50 - Transcribing: files/Artur Recordings/20251119_235434_080.wav (2.0s)
2025-11-19 23:54:39,656 - VoiceAssistant - INFO - info:50 - Transcribing audio...
2025-11-19 23:54:39,656 - VoiceAssistant - INFO - info:50 - Transcribing: files/Artur Recordings/20251119_235434_017.wav (2.0s)
2025-11-19 23:54:40,222 - VoiceAssistant - INFO - info:50 - No transcription found (empty audio)
2025-11-19 23:54:40,222 - VoiceAssistant - WARNING - warning:54 - Transcription failed
2025-11-19 23:54:40,222 - VoiceAssistant - INFO - info:50 - Listening for audio...
2025-11-19 23:54:40,253 - VoiceAssistant - INFO - info:50 - No transcription found (empty audio)
2025-11-19 23:54:40,253 - VoiceAssistant - WARNING - warning:54 - Transcription failed
2025-11-19 23:54:40,254 - VoiceAssistant - INFO - info:50 - Listening for audio...
2025-11-19 23:54:40,412 - VoiceAssistant - INFO - info:50 - Starting audio recording (waiting for sound...)
2025-11-19 23:54:40,434 - VoiceAssistant - INFO - info:50 - Starting audio recording (waiting for sound...)
2025-11-19 23:54:45,425 - VoiceAssistant - WARNING - warning:54 - Max silence timeout reached during wait phase
2025-11-19 23:54:45,451 - VoiceAssistant - WARNING - warning:54 - Max silence timeout reached during wait phase
2025-11-19 23:54:45,540 - VoiceAssistant - WARNING - warning:54 - Recording failed or was cancelled
2025-11-19 23:54:45,540 - VoiceAssistant - INFO - info:50 - Listening for audio...
2025-11-19 23:54:45,566 - VoiceAssistant - WARNING - warning:54 - Recording failed or was cancelled
2025-11-19 23:54:45,566 - VoiceAssistant - INFO - info:50 - Listening for audio...
2025-11-19 23:54:45,771 - VoiceAssistant - INFO - info:50 - Starting audio recording (waiting for sound...)
2025-11-19 23:54:45,811 - VoiceAssistant - INFO - info:50 - Starting audio recording (waiting for sound...)
2025-11-19 23:54:50,787 - VoiceAssistant - WARNING - warning:54 - Max silence timeout reached during wait phase
2025-11-19 23:54:50,825 - VoiceAssistant - WARNING - warning:54 - Max silence timeout reached during wait phase
2025-11-19 23:54:50,903 - VoiceAssistant - WARNING - warning:54 - Recording failed or was cancelled
2025-11-19 23:54:50,904 - VoiceAssistant - INFO - info:50 - Listening for audio...
2025-11-19 23:54:50,941 - VoiceAssistant - WARNING - warning:54 - Recording failed or was cancelled
2025-11-19 23:54:50,941 - VoiceAssistant - INFO - info:50 - Listening for audio...
2025-11-19 23:54:51,037 - VoiceAssistant - INFO - info:50 - Starting audio recording (waiting for sound...)
2025-11-19 23:54:51,080 - VoiceAssistant - INFO - info:50 - Starting audio recording (waiting for sound...)
2025-11-19 23:54:56,051 - VoiceAssistant - WARNING - warning:54 - Max silence timeout reached during wait phase
2025-11-19 23:54:56,094 - VoiceAssistant - WARNING - warning:54 - Max silence timeout reached during wait phase
2025-11-19 23:54:56,167 - VoiceAssistant - WARNING - warning:54 - Recording failed or was cancelled
2025-11-19 23:54:56,167 - VoiceAssistant - INFO - info:50 - Listening for audio...
2025-11-19 23:54:56,210 - VoiceAssistant - WARNING - warning:54 - Recording failed or was cancelled
2025-11-19 23:54:56,211 - VoiceAssistant - INFO - info:50 - Listening for audio...
2025-11-19 23:54:56,278 - VoiceAssistant - INFO - info:50 - Starting audio recording (waiting for sound...)
2025-11-19 23:54:56,340 - VoiceAssistant - INFO - info:50 - Starting audio recording (waiting for sound...)
2025-11-19 23:55:01,292 - VoiceAssistant - WARNING - warning:54 - Max silence timeout reached during wait phase
2025-11-19 23:55:01,352 - VoiceAssistant - WARNING - warning:54 - Max silence timeout reached during wait phase
2025-11-19 23:55:01,407 - VoiceAssistant - WARNING - warning:54 - Recording failed or was cancelled
2025-11-19 23:55:01,408 - VoiceAssistant - INFO - info:50 - Listening for audio...
2025-11-19 23:55:01,468 - VoiceAssistant - WARNING - warning:54 - Recording failed or was cancelled
2025-11-19 23:55:01,468 - VoiceAssistant - INFO - info:50 - Listening for audio...
2025-11-19 23:55:01,525 - VoiceAssistant - INFO - info:50 - Starting audio recording (waiting for sound...)
2025-11-19 23:55:01,596 - VoiceAssistant - INFO - info:50 - Starting audio recording (waiting for sound...)
2025-11-19 23:55:02,783 - VoiceAssistant - INFO - info:50 - Sound detected! Recording...
2025-11-19 23:55:02,783 - VoiceAssistant - INFO - info:50 - Speech detected!
2025-11-19 23:55:02,790 - VoiceAssistant - INFO - info:50 - Sound detected! Recording...
2025-11-19 23:55:02,790 - VoiceAssistant - INFO - info:50 - Speech detected!
2025-11-19 23:55:05,347 - VoiceAssistant - INFO - info:50 - Silence detected, stopping recording...
2025-11-19 23:55:05,348 - VoiceAssistant - INFO - info:50 - Silence detected, processing...
2025-11-19 23:55:05,349 - VoiceAssistant - INFO - info:50 - Saved audio: files/Artur Recordings/20251119_235501_408.wav (3.6s, 313388 bytes)
2025-11-19 23:55:05,353 - VoiceAssistant - INFO - info:50 - Silence detected, stopping recording...
2025-11-19 23:55:05,353 - VoiceAssistant - INFO - info:50 - Silence detected, processing...
2025-11-19 23:55:05,354 - VoiceAssistant - INFO - info:50 - Saved audio: files/Artur Recordings/20251119_235501_468.wav (3.6s, 313388 bytes)
2025-11-19 23:55:05,464 - VoiceAssistant - INFO - info:50 - Transcribing audio...
2025-11-19 23:55:05,465 - VoiceAssistant - INFO - info:50 - Transcribing: files/Artur Recordings/20251119_235501_408.wav (3.6s)
2025-11-19 23:55:05,481 - VoiceAssistant - INFO - info:50 - Transcribing audio...
2025-11-19 23:55:05,481 - VoiceAssistant - INFO - info:50 - Transcribing: files/Artur Recordings/20251119_235501_468.wav (3.6s)
2025-11-19 23:55:07,626 - VoiceAssistant - INFO - info:50 - Transcription complete: 'Thank you.' (2.16s)
2025-11-19 23:55:07,626 - VoiceAssistant - INFO - info:50 - Saved transcription: files/Artur Recordings/20251119_235501_408.json
2025-11-19 23:55:07,627 - VoiceAssistant - INFO - info:50 - Transcription: 'Thank you.'
2025-11-19 23:55:07,627 - VoiceAssistant - INFO - info:50 - Preprocessing text...
2025-11-19 23:55:07,627 - VoiceAssistant - INFO - info:50 - Text preprocessed: 'Thank you.'
2025-11-19 23:55:07,627 - VoiceAssistant - INFO - info:50 - Processing as dictation: 'Thank you.'
2025-11-19 23:55:07,630 - VoiceAssistant - INFO - info:50 - Auto-pasting transcription...
2025-11-19 23:55:07,847 - VoiceAssistant - INFO - info:50 - Transcription complete: 'Thank you.' (2.37s)
2025-11-19 23:55:07,847 - VoiceAssistant - INFO - info:50 - Saved transcription: files/Artur Recordings/20251119_235501_468.json
2025-11-19 23:55:07,848 - VoiceAssistant - INFO - info:50 - Transcription: 'Thank you.'
2025-11-19 23:55:07,848 - VoiceAssistant - INFO - info:50 - Preprocessing text...
2025-11-19 23:55:07,848 - VoiceAssistant - INFO - info:50 - Text preprocessed: 'Thank you.'
2025-11-19 23:55:07,848 - VoiceAssistant - INFO - info:50 - Processing as dictation: 'Thank you.'
2025-11-19 23:55:07,850 - VoiceAssistant - INFO - info:50 - Auto-pasting transcription...
2025-11-19 23:55:08,398 - VoiceAssistant - INFO - info:50 - Successfully pasted: 'Thank you.'
2025-11-19 23:55:08,398 - VoiceAssistant - INFO - info:50 - Listening for audio...
2025-11-19 23:55:08,620 - VoiceAssistant - INFO - info:50 - Successfully pasted: 'Thank you.'
2025-11-19 23:55:08,620 - VoiceAssistant - INFO - info:50 - Listening for audio...
2025-11-19 23:55:08,672 - VoiceAssistant - INFO - info:50 - Starting audio recording (waiting for sound...)
2025-11-19 23:55:08,722 - VoiceAssistant - INFO - info:50 - Starting audio recording (waiting for sound...)
2025-11-19 23:55:08,872 - VoiceAssistant - INFO - info:50 - Sound detected! Recording...
2025-11-19 23:55:08,873 - VoiceAssistant - INFO - info:50 - Speech detected!
2025-11-19 23:55:08,888 - VoiceAssistant - INFO - info:50 - Sound detected! Recording...
2025-11-19 23:55:08,892 - VoiceAssistant - INFO - info:50 - Speech detected!
2025-11-19 23:55:09,930 - VoiceAssistant - INFO - info:50 - Silence detected, stopping recording...
2025-11-19 23:55:09,930 - VoiceAssistant - INFO - info:50 - Silence detected, processing...
2025-11-19 23:55:09,931 - VoiceAssistant - INFO - info:50 - Saved audio: files/Artur Recordings/20251119_235508_398.wav (1.3s, 110636 bytes)
2025-11-19 23:55:09,941 - VoiceAssistant - INFO - info:50 - Silence detected, stopping recording...
2025-11-19 23:55:09,942 - VoiceAssistant - INFO - info:50 - Silence detected, processing...
2025-11-19 23:55:09,943 - VoiceAssistant - INFO - info:50 - Saved audio: files/Artur Recordings/20251119_235508_620.wav (1.2s, 106540 bytes)
2025-11-19 23:55:10,046 - VoiceAssistant - INFO - info:50 - Transcribing audio...
2025-11-19 23:55:10,046 - VoiceAssistant - INFO - info:50 - Transcribing: files/Artur Recordings/20251119_235508_398.wav (1.3s)
2025-11-19 23:55:10,069 - VoiceAssistant - INFO - info:50 - Transcribing audio...
2025-11-19 23:55:10,069 - VoiceAssistant - INFO - info:50 - Transcribing: files/Artur Recordings/20251119_235508_620.wav (1.2s)
2025-11-19 23:55:10,603 - VoiceAssistant - INFO - info:50 - No transcription found (empty audio)
2025-11-19 23:55:10,603 - VoiceAssistant - WARNING - warning:54 - Transcription failed
2025-11-19 23:55:10,603 - VoiceAssistant - INFO - info:50 - Listening for audio...
2025-11-19 23:55:10,619 - VoiceAssistant - INFO - info:50 - No transcription found (empty audio)
2025-11-19 23:55:10,619 - VoiceAssistant - WARNING - warning:54 - Transcription failed
2025-11-19 23:55:10,619 - VoiceAssistant - INFO - info:50 - Listening for audio...
2025-11-19 23:55:10,785 - VoiceAssistant - INFO - info:50 - Starting audio recording (waiting for sound...)
2025-11-19 23:55:10,810 - VoiceAssistant - INFO - info:50 - Starting audio recording (waiting for sound...)
2025-11-19 23:55:13,562 - VoiceAssistant - INFO - info:50 - Sound detected! Recording...
2025-11-19 23:55:13,563 - VoiceAssistant - INFO - info:50 - Speech detected!
2025-11-19 23:55:13,565 - VoiceAssistant - INFO - info:50 - Sound detected! Recording...
2025-11-19 23:55:13,565 - VoiceAssistant - INFO - info:50 - Speech detected!
2025-11-19 23:55:14,817 - VoiceAssistant - INFO - info:50 - Silence detected, stopping recording...
2025-11-19 23:55:14,818 - VoiceAssistant - INFO - info:50 - Silence detected, processing...
2025-11-19 23:55:14,818 - VoiceAssistant - INFO - info:50 - Saved audio: files/Artur Recordings/20251119_235510_603.wav (2.3s, 198700 bytes)
2025-11-19 23:55:14,822 - VoiceAssistant - INFO - info:50 - Silence detected, stopping recording...
2025-11-19 23:55:14,823 - VoiceAssistant - INFO - info:50 - Silence detected, processing...
2025-11-19 23:55:14,823 - VoiceAssistant - INFO - info:50 - Saved audio: files/Artur Recordings/20251119_235510_619.wav (2.3s, 198700 bytes)
2025-11-19 23:55:14,934 - VoiceAssistant - INFO - info:50 - Transcribing audio...
2025-11-19 23:55:14,934 - VoiceAssistant - INFO - info:50 - Transcribing: files/Artur Recordings/20251119_235510_603.wav (2.3s)
2025-11-19 23:55:14,948 - VoiceAssistant - INFO - info:50 - Transcribing audio...
2025-11-19 23:55:14,948 - VoiceAssistant - INFO - info:50 - Transcribing: files/Artur Recordings/20251119_235510_619.wav (2.3s)
2025-11-19 23:55:15,583 - VoiceAssistant - INFO - info:50 - No transcription found (empty audio)
2025-11-19 23:55:15,583 - VoiceAssistant - WARNING - warning:54 - Transcription failed
2025-11-19 23:55:15,584 - VoiceAssistant - INFO - info:50 - Listening for audio...
2025-11-19 23:55:15,589 - VoiceAssistant - INFO - info:50 - No transcription found (empty audio)
2025-11-19 23:55:15,590 - VoiceAssistant - WARNING - warning:54 - Transcription failed
2025-11-19 23:55:15,590 - VoiceAssistant - INFO - info:50 - Listening for audio...
2025-11-19 23:55:15,778 - VoiceAssistant - INFO - info:50 - Starting audio recording (waiting for sound...)
2025-11-19 23:55:15,803 - VoiceAssistant - INFO - info:50 - Starting audio recording (waiting for sound...)
2025-11-19 23:55:16,247 - VoiceAssistant - INFO - info:50 - Sound detected! Recording...
2025-11-19 23:55:16,247 - VoiceAssistant - INFO - info:50 - Speech detected!
2025-11-19 23:55:16,253 - VoiceAssistant - INFO - info:50 - Sound detected! Recording...
2025-11-19 23:55:16,253 - VoiceAssistant - INFO - info:50 - Speech detected!
2025-11-19 23:55:17,551 - VoiceAssistant - INFO - info:50 - Silence detected, stopping recording...
2025-11-19 23:55:17,551 - VoiceAssistant - INFO - info:50 - Silence detected, processing...
2025-11-19 23:55:17,552 - VoiceAssistant - INFO - info:50 - Saved audio: files/Artur Recordings/20251119_235515_584.wav (1.8s, 155692 bytes)
2025-11-19 23:55:17,552 - VoiceAssistant - INFO - info:50 - Silence detected, stopping recording...
2025-11-19 23:55:17,553 - VoiceAssistant - INFO - info:50 - Silence detected, processing...
2025-11-19 23:55:17,553 - VoiceAssistant - INFO - info:50 - Saved audio: files/Artur Recordings/20251119_235515_590.wav (1.7s, 153644 bytes)
2025-11-19 23:55:17,668 - VoiceAssistant - INFO - info:50 - Transcribing audio...
2025-11-19 23:55:17,668 - VoiceAssistant - INFO - info:50 - Transcribing: files/Artur Recordings/20251119_235515_584.wav (1.8s)
2025-11-19 23:55:17,679 - VoiceAssistant - INFO - info:50 - Transcribing audio...
2025-11-19 23:55:17,680 - VoiceAssistant - INFO - info:50 - Transcribing: files/Artur Recordings/20251119_235515_590.wav (1.7s)
2025-11-19 23:55:18,261 - VoiceAssistant - INFO - info:50 - Transcription complete: 'Thank you.' (0.59s)
2025-11-19 23:55:18,262 - VoiceAssistant - INFO - info:50 - Saved transcription: files/Artur Recordings/20251119_235515_584.json
2025-11-19 23:55:18,262 - VoiceAssistant - INFO - info:50 - Transcription: 'Thank you.'
2025-11-19 23:55:18,263 - VoiceAssistant - INFO - info:50 - Preprocessing text...
2025-11-19 23:55:18,263 - VoiceAssistant - INFO - info:50 - Text preprocessed: 'Thank you.'
2025-11-19 23:55:18,263 - VoiceAssistant - INFO - info:50 - Processing as dictation: 'Thank you.'
2025-11-19 23:55:18,266 - VoiceAssistant - INFO - info:50 - Auto-pasting transcription...
2025-11-19 23:55:18,294 - VoiceAssistant - INFO - info:50 - Transcription complete: 'Thank you.' (0.61s)
2025-11-19 23:55:18,295 - VoiceAssistant - INFO - info:50 - Saved transcription: files/Artur Recordings/20251119_235515_590.json
2025-11-19 23:55:18,295 - VoiceAssistant - INFO - info:50 - Transcription: 'Thank you.'
2025-11-19 23:55:18,295 - VoiceAssistant - INFO - info:50 - Preprocessing text...
2025-11-19 23:55:18,295 - VoiceAssistant - INFO - info:50 - Text preprocessed: 'Thank you.'
2025-11-19 23:55:18,296 - VoiceAssistant - INFO - info:50 - Processing as dictation: 'Thank you.'
2025-11-19 23:55:18,298 - VoiceAssistant - INFO - info:50 - Auto-pasting transcription...
2025-11-19 23:55:19,037 - VoiceAssistant - INFO - info:50 - Successfully pasted: 'Thank you.'
2025-11-19 23:55:19,037 - VoiceAssistant - INFO - info:50 - Listening for audio...
2025-11-19 23:55:19,068 - VoiceAssistant - INFO - info:50 - Successfully pasted: 'Thank you.'
2025-11-19 23:55:19,068 - VoiceAssistant - INFO - info:50 - Listening for audio...
2025-11-19 23:55:19,175 - VoiceAssistant - INFO - info:50 - Starting audio recording (waiting for sound...)
2025-11-19 23:55:19,219 - VoiceAssistant - INFO - info:50 - Starting audio recording (waiting for sound...)
2025-11-19 23:55:24,190 - VoiceAssistant - WARNING - warning:54 - Max silence timeout reached during wait phase
2025-11-19 23:55:24,233 - VoiceAssistant - WARNING - warning:54 - Max silence timeout reached during wait phase
2025-11-19 23:55:24,306 - VoiceAssistant - WARNING - warning:54 - Recording failed or was cancelled
2025-11-19 23:55:24,306 - VoiceAssistant - INFO - info:50 - Listening for audio...
2025-11-19 23:55:24,350 - VoiceAssistant - WARNING - warning:54 - Recording failed or was cancelled
2025-11-19 23:55:24,350 - VoiceAssistant - INFO - info:50 - Listening for audio...
2025-11-19 23:55:24,438 - VoiceAssistant - INFO - info:50 - Starting audio recording (waiting for sound...)
2025-11-19 23:55:24,480 - VoiceAssistant - INFO - info:50 - Starting audio recording (waiting for sound...)
2025-11-19 23:55:27,788 - VoiceAssistant - INFO - info:50 - Sound detected! Recording...
2025-11-19 23:55:27,788 - VoiceAssistant - INFO - info:50 - Sound detected! Recording...
2025-11-19 23:55:27,789 - VoiceAssistant - INFO - info:50 - Speech detected!
2025-11-19 23:55:27,789 - VoiceAssistant - INFO - info:50 - Speech detected!
2025-11-19 23:55:29,283 - VoiceAssistant - INFO - info:50 - Silence detected, stopping recording...
2025-11-19 23:55:29,284 - VoiceAssistant - INFO - info:50 - Silence detected, processing...
2025-11-19 23:55:29,284 - VoiceAssistant - INFO - info:50 - Saved audio: files/Artur Recordings/20251119_235524_350.wav (2.5s, 219180 bytes)
2025-11-19 23:55:29,305 - VoiceAssistant - INFO - info:50 - Silence detected, stopping recording...
2025-11-19 23:55:29,305 - VoiceAssistant - INFO - info:50 - Silence detected, processing...
2025-11-19 23:55:29,306 - VoiceAssistant - INFO - info:50 - Saved audio: files/Artur Recordings/20251119_235524_306.wav (2.5s, 221228 bytes)
2025-11-19 23:55:29,399 - VoiceAssistant - INFO - info:50 - Transcribing audio...
2025-11-19 23:55:29,400 - VoiceAssistant - INFO - info:50 - Transcribing: files/Artur Recordings/20251119_235524_350.wav (2.5s)
2025-11-19 23:55:29,421 - VoiceAssistant - INFO - info:50 - Transcribing audio...
2025-11-19 23:55:29,422 - VoiceAssistant - INFO - info:50 - Transcribing: files/Artur Recordings/20251119_235524_306.wav (2.5s)
2025-11-19 23:55:30,117 - VoiceAssistant - INFO - info:50 - No transcription found (empty audio)
2025-11-19 23:55:30,117 - VoiceAssistant - WARNING - warning:54 - Transcription failed
2025-11-19 23:55:30,118 - VoiceAssistant - INFO - info:50 - Listening for audio...
2025-11-19 23:55:30,136 - VoiceAssistant - INFO - info:50 - No transcription found (empty audio)
2025-11-19 23:55:30,136 - VoiceAssistant - WARNING - warning:54 - Transcription failed
2025-11-19 23:55:30,136 - VoiceAssistant - INFO - info:50 - Listening for audio...
2025-11-19 23:55:30,305 - VoiceAssistant - INFO - info:50 - Starting audio recording (waiting for sound...)
2025-11-19 23:55:30,333 - VoiceAssistant - INFO - info:50 - Starting audio recording (waiting for sound...)
2025-11-19 23:55:30,752 - VoiceAssistant - INFO - info:50 - Sound detected! Recording...
2025-11-19 23:55:30,753 - VoiceAssistant - INFO - info:50 - Speech detected!
2025-11-19 23:55:30,763 - VoiceAssistant - INFO - info:50 - Sound detected! Recording...
2025-11-19 23:55:30,763 - VoiceAssistant - INFO - info:50 - Speech detected!
2025-11-19 23:55:32,683 - VoiceAssistant - INFO - info:50 - Silence detected, stopping recording...
2025-11-19 23:55:32,683 - VoiceAssistant - INFO - info:50 - Silence detected, processing...
2025-11-19 23:55:32,684 - VoiceAssistant - INFO - info:50 - Saved audio: files/Artur Recordings/20251119_235530_136.wav (2.3s, 206892 bytes)
2025-11-19 23:55:32,694 - VoiceAssistant - INFO - info:50 - Silence detected, stopping recording...
2025-11-19 23:55:32,694 - VoiceAssistant - INFO - info:50 - Silence detected, processing...
2025-11-19 23:55:32,696 - VoiceAssistant - INFO - info:50 - Saved audio: files/Artur Recordings/20251119_235530_118.wav (2.4s, 208940 bytes)
2025-11-19 23:55:32,801 - VoiceAssistant - INFO - info:50 - Transcribing audio...
2025-11-19 23:55:32,801 - VoiceAssistant - INFO - info:50 - Transcribing: files/Artur Recordings/20251119_235530_136.wav (2.3s)
2025-11-19 23:55:32,822 - VoiceAssistant - INFO - info:50 - Transcribing audio...
2025-11-19 23:55:32,823 - VoiceAssistant - INFO - info:50 - Transcribing: files/Artur Recordings/20251119_235530_118.wav (2.4s)
2025-11-19 23:55:33,375 - VoiceAssistant - INFO - info:50 - No transcription found (empty audio)
2025-11-19 23:55:33,375 - VoiceAssistant - WARNING - warning:54 - Transcription failed
2025-11-19 23:55:33,376 - VoiceAssistant - INFO - info:50 - Listening for audio...
2025-11-19 23:55:33,386 - VoiceAssistant - INFO - info:50 - No transcription found (empty audio)
2025-11-19 23:55:33,386 - VoiceAssistant - WARNING - warning:54 - Transcription failed
2025-11-19 23:55:33,386 - VoiceAssistant - INFO - info:50 - Listening for audio...
2025-11-19 23:55:33,568 - VoiceAssistant - INFO - info:50 - Starting audio recording (waiting for sound...)
2025-11-19 23:55:33,590 - VoiceAssistant - INFO - info:50 - Starting audio recording (waiting for sound...)
2025-11-19 23:55:36,728 - VoiceAssistant - INFO - info:50 - Sound detected! Recording...
2025-11-19 23:55:36,728 - VoiceAssistant - INFO - info:50 - Speech detected!
2025-11-19 23:55:36,750 - VoiceAssistant - INFO - info:50 - Sound detected! Recording...
2025-11-19 23:55:36,751 - VoiceAssistant - INFO - info:50 - Speech detected!
2025-11-19 23:55:38,264 - VoiceAssistant - INFO - info:50 - Silence detected, stopping recording...
2025-11-19 23:55:38,265 - VoiceAssistant - INFO - info:50 - Silence detected, processing...
2025-11-19 23:55:38,265 - VoiceAssistant - INFO - info:50 - Saved audio: files/Artur Recordings/20251119_235533_376.wav (2.5s, 223276 bytes)
2025-11-19 23:55:38,286 - VoiceAssistant - INFO - info:50 - Silence detected, stopping recording...
2025-11-19 23:55:38,287 - VoiceAssistant - INFO - info:50 - Silence detected, processing...
2025-11-19 23:55:38,288 - VoiceAssistant - INFO - info:50 - Saved audio: files/Artur Recordings/20251119_235533_386.wav (2.6s, 225324 bytes)
2025-11-19 23:55:38,380 - VoiceAssistant - INFO - info:50 - Transcribing audio...
2025-11-19 23:55:38,380 - VoiceAssistant - INFO - info:50 - Transcribing: files/Artur Recordings/20251119_235533_376.wav (2.5s)
2025-11-19 23:55:38,413 - VoiceAssistant - INFO - info:50 - Transcribing audio...
2025-11-19 23:55:38,414 - VoiceAssistant - INFO - info:50 - Transcribing: files/Artur Recordings/20251119_235533_386.wav (2.6s)
2025-11-19 23:55:39,009 - VoiceAssistant - INFO - info:50 - No transcription found (empty audio)
2025-11-19 23:55:39,009 - VoiceAssistant - WARNING - warning:54 - Transcription failed
2025-11-19 23:55:39,009 - VoiceAssistant - INFO - info:50 - Listening for audio...
2025-11-19 23:55:39,049 - VoiceAssistant - INFO - info:50 - No transcription found (empty audio)
2025-11-19 23:55:39,049 - VoiceAssistant - WARNING - warning:54 - Transcription failed
2025-11-19 23:55:39,049 - VoiceAssistant - INFO - info:50 - Listening for audio...
2025-11-19 23:55:39,181 - VoiceAssistant - INFO - info:50 - Starting audio recording (waiting for sound...)
2025-11-19 23:55:39,230 - VoiceAssistant - INFO - info:50 - Starting audio recording (waiting for sound...)
2025-11-19 23:55:41,132 - VoiceAssistant - INFO - info:50 - Sound detected! Recording...
2025-11-19 23:55:41,132 - VoiceAssistant - INFO - info:50 - Speech detected!
2025-11-19 23:55:41,143 - VoiceAssistant - INFO - info:50 - Sound detected! Recording...
2025-11-19 23:55:41,144 - VoiceAssistant - INFO - info:50 - Speech detected!
2025-11-19 23:55:45,969 - VoiceAssistant - INFO - info:50 - Silence detected, stopping recording...
2025-11-19 23:55:45,969 - VoiceAssistant - INFO - info:50 - Silence detected, processing...
2025-11-19 23:55:45,970 - VoiceAssistant - INFO - info:50 - Saved audio: files/Artur Recordings/20251119_235539_009.wav (5.8s, 514092 bytes)
2025-11-19 23:55:45,974 - VoiceAssistant - INFO - info:50 - Silence detected, stopping recording...
2025-11-19 23:55:45,974 - VoiceAssistant - INFO - info:50 - Silence detected, processing...
2025-11-19 23:55:45,975 - VoiceAssistant - INFO - info:50 - Saved audio: files/Artur Recordings/20251119_235539_049.wav (5.9s, 516140 bytes)
2025-11-19 23:55:46,087 - VoiceAssistant - INFO - info:50 - Transcribing audio...
2025-11-19 23:55:46,088 - VoiceAssistant - INFO - info:50 - Transcribing: files/Artur Recordings/20251119_235539_009.wav (5.8s)
2025-11-19 23:55:46,102 - VoiceAssistant - INFO - info:50 - Transcribing audio...
2025-11-19 23:55:46,102 - VoiceAssistant - INFO - info:50 - Transcribing: files/Artur Recordings/20251119_235539_049.wav (5.9s)
2025-11-19 23:55:46,751 - VoiceAssistant - INFO - info:50 - No transcription found (empty audio)
2025-11-19 23:55:46,752 - VoiceAssistant - WARNING - warning:54 - Transcription failed
2025-11-19 23:55:46,752 - VoiceAssistant - INFO - info:50 - Listening for audio...
2025-11-19 23:55:46,762 - VoiceAssistant - INFO - info:50 - No transcription found (empty audio)
2025-11-19 23:55:46,763 - VoiceAssistant - WARNING - warning:54 - Transcription failed
2025-11-19 23:55:46,763 - VoiceAssistant - INFO - info:50 - Listening for audio...
2025-11-19 23:55:46,936 - VoiceAssistant - INFO - info:50 - Starting audio recording (waiting for sound...)
2025-11-19 23:55:46,961 - VoiceAssistant - INFO - info:50 - Starting audio recording (waiting for sound...)
2025-11-19 23:55:51,949 - VoiceAssistant - WARNING - warning:54 - Max silence timeout reached during wait phase
2025-11-19 23:55:51,977 - VoiceAssistant - WARNING - warning:54 - Max silence timeout reached during wait phase
2025-11-19 23:55:52,065 - VoiceAssistant - WARNING - warning:54 - Recording failed or was cancelled
2025-11-19 23:55:52,066 - VoiceAssistant - INFO - info:50 - Listening for audio...
2025-11-19 23:55:52,091 - VoiceAssistant - WARNING - warning:54 - Recording failed or was cancelled
2025-11-19 23:55:52,091 - VoiceAssistant - INFO - info:50 - Listening for audio...
2025-11-19 23:55:52,198 - VoiceAssistant - INFO - info:50 - Starting audio recording (waiting for sound...)
2025-11-19 23:55:52,242 - VoiceAssistant - INFO - info:50 - Starting audio recording (waiting for sound...)
2025-11-19 23:55:57,212 - VoiceAssistant - WARNING - warning:54 - Max silence timeout reached during wait phase
2025-11-19 23:55:57,260 - VoiceAssistant - WARNING - warning:54 - Max silence timeout reached during wait phase
2025-11-19 23:55:57,328 - VoiceAssistant - WARNING - warning:54 - Recording failed or was cancelled
2025-11-19 23:55:57,329 - VoiceAssistant - INFO - info:50 - Listening for audio...
2025-11-19 23:55:57,376 - VoiceAssistant - WARNING - warning:54 - Recording failed or was cancelled
2025-11-19 23:55:57,376 - VoiceAssistant - INFO - info:50 - Listening for audio...
2025-11-19 23:55:57,435 - VoiceAssistant - INFO - info:50 - Starting audio recording (waiting for sound...)
2025-11-19 23:55:57,496 - VoiceAssistant - INFO - info:50 - Starting audio recording (waiting for sound...)
2025-11-19 23:56:02,451 - VoiceAssistant - WARNING - warning:54 - Max silence timeout reached during wait phase
2025-11-19 23:56:02,511 - VoiceAssistant - WARNING - warning:54 - Max silence timeout reached during wait phase
2025-11-19 23:56:02,567 - VoiceAssistant - WARNING - warning:54 - Recording failed or was cancelled
2025-11-19 23:56:02,568 - VoiceAssistant - INFO - info:50 - Listening for audio...
2025-11-19 23:56:02,626 - VoiceAssistant - WARNING - warning:54 - Recording failed or was cancelled
2025-11-19 23:56:02,627 - VoiceAssistant - INFO - info:50 - Listening for audio...
2025-11-19 23:56:02,680 - VoiceAssistant - INFO - info:50 - Starting audio recording (waiting for sound...)
2025-11-19 23:56:02,744 - VoiceAssistant - INFO - info:50 - Starting audio recording (waiting for sound...)
2025-11-19 23:56:07,693 - VoiceAssistant - WARNING - warning:54 - Max silence timeout reached during wait phase
2025-11-19 23:56:07,759 - VoiceAssistant - WARNING - warning:54 - Max silence timeout reached during wait phase
2025-11-19 23:56:07,809 - VoiceAssistant - WARNING - warning:54 - Recording failed or was cancelled
2025-11-19 23:56:07,809 - VoiceAssistant - INFO - info:50 - Listening for audio...
2025-11-19 23:56:07,875 - VoiceAssistant - WARNING - warning:54 - Recording failed or was cancelled
2025-11-19 23:56:07,876 - VoiceAssistant - INFO - info:50 - Listening for audio...
2025-11-19 23:56:07,923 - VoiceAssistant - INFO - info:50 - Starting audio recording (waiting for sound...)
2025-11-19 23:56:07,982 - VoiceAssistant - INFO - info:50 - Starting audio recording (waiting for sound...)
2025-11-19 23:56:12,939 - VoiceAssistant - WARNING - warning:54 - Max silence timeout reached during wait phase
2025-11-19 23:56:12,994 - VoiceAssistant - WARNING - warning:54 - Max silence timeout reached during wait phase
2025-11-19 23:56:13,055 - VoiceAssistant - WARNING - warning:54 - Recording failed or was cancelled
2025-11-19 23:56:13,055 - VoiceAssistant - INFO - info:50 - Listening for audio...
2025-11-19 23:56:13,109 - VoiceAssistant - WARNING - warning:54 - Recording failed or was cancelled
2025-11-19 23:56:13,109 - VoiceAssistant - INFO - info:50 - Listening for audio...
2025-11-19 23:56:13,168 - VoiceAssistant - INFO - info:50 - Starting audio recording (waiting for sound...)
2025-11-19 23:56:13,233 - VoiceAssistant - INFO - info:50 - Starting audio recording (waiting for sound...)
2025-11-19 23:56:18,184 - VoiceAssistant - WARNING - warning:54 - Max silence timeout reached during wait phase
2025-11-19 23:56:18,248 - VoiceAssistant - WARNING - warning:54 - Max silence timeout reached during wait phase
2025-11-19 23:56:18,298 - VoiceAssistant - WARNING - warning:54 - Recording failed or was cancelled
2025-11-19 23:56:18,298 - VoiceAssistant - INFO - info:50 - Listening for audio...
2025-11-19 23:56:18,363 - VoiceAssistant - WARNING - warning:54 - Recording failed or was cancelled
2025-11-19 23:56:18,363 - VoiceAssistant - INFO - info:50 - Listening for audio...
2025-11-19 23:56:18,387 - VoiceAssistant - INFO - info:50 - Starting audio recording (waiting for sound...)
2025-11-19 23:56:18,470 - VoiceAssistant - INFO - info:50 - Starting audio recording (waiting for sound...)
2025-11-19 23:56:23,400 - VoiceAssistant - WARNING - warning:54 - Max silence timeout reached during wait phase
2025-11-19 23:56:23,483 - VoiceAssistant - WARNING - warning:54 - Max silence timeout reached during wait phase
2025-11-19 23:56:23,516 - VoiceAssistant - WARNING - warning:54 - Recording failed or was cancelled
2025-11-19 23:56:23,517 - VoiceAssistant - INFO - info:50 - Listening for audio...
2025-11-19 23:56:23,599 - VoiceAssistant - WARNING - warning:54 - Recording failed or was cancelled
2025-11-19 23:56:23,599 - VoiceAssistant - INFO - info:50 - Listening for audio...
2025-11-19 23:56:23,611 - VoiceAssistant - INFO - info:50 - Starting audio recording (waiting for sound...)
2025-11-19 23:56:23,698 - VoiceAssistant - INFO - info:50 - Starting audio recording (waiting for sound...)
2025-11-19 23:56:28,625 - VoiceAssistant - WARNING - warning:54 - Max silence timeout reached during wait phase
2025-11-19 23:56:28,714 - VoiceAssistant - WARNING - warning:54 - Max silence timeout reached during wait phase
2025-11-19 23:56:28,746 - VoiceAssistant - WARNING - warning:54 - Recording failed or was cancelled
2025-11-19 23:56:28,746 - VoiceAssistant - INFO - info:50 - Listening for audio...
2025-11-19 23:56:28,834 - VoiceAssistant - WARNING - warning:54 - Recording failed or was cancelled
2025-11-19 23:56:28,834 - VoiceAssistant - INFO - info:50 - Listening for audio...
2025-11-19 23:56:28,839 - VoiceAssistant - INFO - info:50 - Starting audio recording (waiting for sound...)
2025-11-19 23:56:28,924 - VoiceAssistant - INFO - info:50 - Starting audio recording (waiting for sound...)
2025-11-19 23:56:33,857 - VoiceAssistant - WARNING - warning:54 - Max silence timeout reached during wait phase
2025-11-19 23:56:33,939 - VoiceAssistant - WARNING - warning:54 - Max silence timeout reached during wait phase
2025-11-19 23:56:33,974 - VoiceAssistant - WARNING - warning:54 - Recording failed or was cancelled
2025-11-19 23:56:33,975 - VoiceAssistant - INFO - info:50 - Listening for audio...
2025-11-19 23:56:34,056 - VoiceAssistant - WARNING - warning:54 - Recording failed or was cancelled
2025-11-19 23:56:34,056 - VoiceAssistant - INFO - info:50 - Listening for audio...
2025-11-19 23:56:34,066 - VoiceAssistant - INFO - info:50 - Starting audio recording (waiting for sound...)
2025-11-19 23:56:34,150 - VoiceAssistant - INFO - info:50 - Starting audio recording (waiting for sound...)
2025-11-19 23:56:39,080 - VoiceAssistant - WARNING - warning:54 - Max silence timeout reached during wait phase
2025-11-19 23:56:39,166 - VoiceAssistant - WARNING - warning:54 - Max silence timeout reached during wait phase
2025-11-19 23:56:39,195 - VoiceAssistant - WARNING - warning:54 - Recording failed or was cancelled
2025-11-19 23:56:39,195 - VoiceAssistant - INFO - info:50 - Listening for audio...
2025-11-19 23:56:39,282 - VoiceAssistant - WARNING - warning:54 - Recording failed or was cancelled
2025-11-19 23:56:39,282 - VoiceAssistant - INFO - info:50 - Listening for audio...
2025-11-19 23:56:39,286 - VoiceAssistant - INFO - info:50 - Starting audio recording (waiting for sound...)
2025-11-19 23:56:39,370 - VoiceAssistant - INFO - info:50 - Starting audio recording (waiting for sound...)
2025-11-19 23:56:44,299 - VoiceAssistant - WARNING - warning:54 - Max silence timeout reached during wait phase
2025-11-19 23:56:44,388 - VoiceAssistant - WARNING - warning:54 - Max silence timeout reached during wait phase
2025-11-19 23:56:44,415 - VoiceAssistant - WARNING - warning:54 - Recording failed or was cancelled
2025-11-19 23:56:44,415 - VoiceAssistant - INFO - info:50 - Listening for audio...
2025-11-19 23:56:44,505 - VoiceAssistant - WARNING - warning:54 - Recording failed or was cancelled
2025-11-19 23:56:44,505 - VoiceAssistant - INFO - info:50 - Listening for audio...
2025-11-19 23:56:44,515 - VoiceAssistant - INFO - info:50 - Starting audio recording (waiting for sound...)
2025-11-19 23:56:44,613 - VoiceAssistant - INFO - info:50 - Starting audio recording (waiting for sound...)
2025-11-19 23:56:49,532 - VoiceAssistant - WARNING - warning:54 - Max silence timeout reached during wait phase
2025-11-19 23:56:49,626 - VoiceAssistant - WARNING - warning:54 - Max silence timeout reached during wait phase
2025-11-19 23:56:49,652 - VoiceAssistant - WARNING - warning:54 - Recording failed or was cancelled
2025-11-19 23:56:49,652 - VoiceAssistant - INFO - info:50 - Listening for audio...
2025-11-19 23:56:49,743 - VoiceAssistant - WARNING - warning:54 - Recording failed or was cancelled
2025-11-19 23:56:49,743 - VoiceAssistant - INFO - info:50 - Listening for audio...
2025-11-19 23:56:49,744 - VoiceAssistant - INFO - info:50 - Starting audio recording (waiting for sound...)
2025-11-19 23:56:49,832 - VoiceAssistant - INFO - info:50 - Starting audio recording (waiting for sound...)
2025-11-19 23:56:54,761 - VoiceAssistant - WARNING - warning:54 - Max silence timeout reached during wait phase
2025-11-19 23:56:54,849 - VoiceAssistant - WARNING - warning:54 - Max silence timeout reached during wait phase
2025-11-19 23:56:54,875 - VoiceAssistant - WARNING - warning:54 - Recording failed or was cancelled
2025-11-19 23:56:54,875 - VoiceAssistant - INFO - info:50 - Listening for audio...
2025-11-19 23:56:54,960 - VoiceAssistant - INFO - info:50 - Starting audio recording (waiting for sound...)
2025-11-19 23:56:54,964 - VoiceAssistant - WARNING - warning:54 - Recording failed or was cancelled
2025-11-19 23:56:54,964 - VoiceAssistant - INFO - info:50 - Listening for audio...
2025-11-19 23:56:55,059 - VoiceAssistant - INFO - info:50 - Starting audio recording (waiting for sound...)
2025-11-19 23:56:59,975 - VoiceAssistant - WARNING - warning:54 - Max silence timeout reached during wait phase
2025-11-19 23:57:00,075 - VoiceAssistant - WARNING - warning:54 - Max silence timeout reached during wait phase
2025-11-19 23:57:00,091 - VoiceAssistant - WARNING - warning:54 - Recording failed or was cancelled
2025-11-19 23:57:00,092 - VoiceAssistant - INFO - info:50 - Listening for audio...
2025-11-19 23:57:00,190 - VoiceAssistant - INFO - info:50 - Starting audio recording (waiting for sound...)
2025-11-19 23:57:00,192 - VoiceAssistant - WARNING - warning:54 - Recording failed or was cancelled
2025-11-19 23:57:00,192 - VoiceAssistant - INFO - info:50 - Listening for audio...
2025-11-19 23:57:00,281 - VoiceAssistant - INFO - info:50 - Starting audio recording (waiting for sound...)
2025-11-19 23:57:05,029 - VoiceAssistant - INFO - info:50 - Loading Whisper model: tiny (float32)
2025-11-19 23:57:05,204 - VoiceAssistant - WARNING - warning:54 - Max silence timeout reached during wait phase
2025-11-19 23:57:05,294 - VoiceAssistant - WARNING - warning:54 - Max silence timeout reached during wait phase
2025-11-19 23:57:05,319 - VoiceAssistant - WARNING - warning:54 - Recording failed or was cancelled
2025-11-19 23:57:05,320 - VoiceAssistant - INFO - info:50 - Listening for audio...
2025-11-19 23:57:05,411 - VoiceAssistant - WARNING - warning:54 - Recording failed or was cancelled
2025-11-19 23:57:05,412 - VoiceAssistant - INFO - info:50 - Listening for audio...
2025-11-19 23:57:05,412 - VoiceAssistant - INFO - info:50 - Starting audio recording (waiting for sound...)
2025-11-19 23:57:05,501 - VoiceAssistant - INFO - info:50 - Starting audio recording (waiting for sound...)
2025-11-19 23:57:05,968 - VoiceAssistant - INFO - info:50 - Whisper model loaded successfully
2025-11-19 23:57:06,273 - VoiceAssistant - INFO - info:50 - Starting audio recording (waiting for sound...)
2025-11-19 23:57:10,427 - VoiceAssistant - WARNING - warning:54 - Max silence timeout reached during wait phase
2025-11-19 23:57:10,518 - VoiceAssistant - WARNING - warning:54 - Max silence timeout reached during wait phase
2025-11-19 23:57:10,548 - VoiceAssistant - WARNING - warning:54 - Recording failed or was cancelled
2025-11-19 23:57:10,549 - VoiceAssistant - INFO - info:50 - Listening for audio...
2025-11-19 23:57:10,638 - VoiceAssistant - WARNING - warning:54 - Recording failed or was cancelled
2025-11-19 23:57:10,638 - VoiceAssistant - INFO - info:50 - Listening for audio...
2025-11-19 23:57:10,647 - VoiceAssistant - INFO - info:50 - Starting audio recording (waiting for sound...)
2025-11-19 23:57:10,745 - VoiceAssistant - INFO - info:50 - Starting audio recording (waiting for sound...)
2025-11-19 23:57:11,290 - VoiceAssistant - WARNING - warning:54 - Max silence timeout reached during wait phase
2025-11-19 23:57:11,516 - VoiceAssistant - INFO - info:50 - Starting audio recording (waiting for sound...)
2025-11-19 23:57:15,661 - VoiceAssistant - WARNING - warning:54 - Max silence timeout reached during wait phase
2025-11-19 23:57:15,759 - VoiceAssistant - WARNING - warning:54 - Max silence timeout reached during wait phase
2025-11-19 23:57:15,779 - VoiceAssistant - WARNING - warning:54 - Recording failed or was cancelled
2025-11-19 23:57:15,780 - VoiceAssistant - INFO - info:50 - Listening for audio...
2025-11-19 23:57:15,878 - VoiceAssistant - WARNING - warning:54 - Recording failed or was cancelled
2025-11-19 23:57:15,878 - VoiceAssistant - INFO - info:50 - Starting audio recording (waiting for sound...)
2025-11-19 23:57:15,878 - VoiceAssistant - INFO - info:50 - Listening for audio...
2025-11-19 23:57:15,970 - VoiceAssistant - INFO - info:50 - Starting audio recording (waiting for sound...)
2025-11-19 23:57:16,535 - VoiceAssistant - WARNING - warning:54 - Max silence timeout reached during wait phase
2025-11-19 23:57:16,767 - VoiceAssistant - INFO - info:50 - Starting audio recording (waiting for sound...)
2025-11-19 23:57:20,892 - VoiceAssistant - WARNING - warning:54 - Max silence timeout reached during wait phase
2025-11-19 23:57:20,986 - VoiceAssistant - WARNING - warning:54 - Max silence timeout reached during wait phase
2025-11-19 23:57:21,009 - VoiceAssistant - WARNING - warning:54 - Recording failed or was cancelled
2025-11-19 23:57:21,009 - VoiceAssistant - INFO - info:50 - Listening for audio...
2025-11-19 23:57:21,097 - VoiceAssistant - INFO - info:50 - Starting audio recording (waiting for sound...)
2025-11-19 23:57:21,102 - VoiceAssistant - WARNING - warning:54 - Recording failed or was cancelled
2025-11-19 23:57:21,102 - VoiceAssistant - INFO - info:50 - Listening for audio...
2025-11-19 23:57:21,191 - VoiceAssistant - INFO - info:50 - Starting audio recording (waiting for sound...)
2025-11-19 23:57:21,783 - VoiceAssistant - WARNING - warning:54 - Max silence timeout reached during wait phase
2025-11-19 23:57:22,016 - VoiceAssistant - INFO - info:50 - Starting audio recording (waiting for sound...)
2025-11-19 23:57:26,114 - VoiceAssistant - WARNING - warning:54 - Max silence timeout reached during wait phase
2025-11-19 23:57:26,205 - VoiceAssistant - WARNING - warning:54 - Max silence timeout reached during wait phase
2025-11-19 23:57:26,233 - VoiceAssistant - WARNING - warning:54 - Recording failed or was cancelled
2025-11-19 23:57:26,233 - VoiceAssistant - INFO - info:50 - Listening for audio...
2025-11-19 23:57:26,323 - VoiceAssistant - WARNING - warning:54 - Recording failed or was cancelled
2025-11-19 23:57:26,323 - VoiceAssistant - INFO - info:50 - Listening for audio...
2025-11-19 23:57:26,331 - VoiceAssistant - INFO - info:50 - Starting audio recording (waiting for sound...)
2025-11-19 23:57:26,413 - VoiceAssistant - INFO - info:50 - Starting audio recording (waiting for sound...)
2025-11-19 23:57:27,033 - VoiceAssistant - WARNING - warning:54 - Max silence timeout reached during wait phase
2025-11-19 23:57:27,261 - VoiceAssistant - INFO - info:50 - Starting audio recording (waiting for sound...)
2025-11-19 23:57:27,698 - VoiceAssistant - INFO - info:50 - Sound detected! Recording...
2025-11-19 23:57:27,698 - VoiceAssistant - INFO - info:50 - Speech detected!
2025-11-19 23:57:27,714 - VoiceAssistant - INFO - info:50 - Sound detected! Recording...
2025-11-19 23:57:27,720 - VoiceAssistant - INFO - info:50 - Sound detected! Recording...
2025-11-19 23:57:27,721 - VoiceAssistant - INFO - info:50 - Speech detected!
2025-11-19 23:57:29,543 - VoiceAssistant - INFO - info:50 - Silence detected, stopping recording...
2025-11-19 23:57:29,545 - VoiceAssistant - INFO - info:50 - Saved audio: files/Artur Recordings/20251119_235727_157.wav (2.3s, 200748 bytes)
2025-11-19 23:57:29,555 - VoiceAssistant - INFO - info:50 - Silence detected, stopping recording...
2025-11-19 23:57:29,555 - VoiceAssistant - INFO - info:50 - Silence detected, processing...
2025-11-19 23:57:29,558 - VoiceAssistant - INFO - info:50 - Saved audio: files/Artur Recordings/20251119_235726_233.wav (2.8s, 249900 bytes)
2025-11-19 23:57:29,592 - VoiceAssistant - INFO - info:50 - Silence detected, stopping recording...
2025-11-19 23:57:29,592 - VoiceAssistant - INFO - info:50 - Silence detected, processing...
2025-11-19 23:57:29,593 - VoiceAssistant - INFO - info:50 - Saved audio: files/Artur Recordings/20251119_235726_323.wav (2.9s, 253996 bytes)
2025-11-19 23:57:29,667 - VoiceAssistant - INFO - info:50 - Transcribing: files/Artur Recordings/20251119_235727_157.wav (2.3s)
2025-11-19 23:57:29,674 - VoiceAssistant - INFO - info:50 - Transcribing audio...
2025-11-19 23:57:29,674 - VoiceAssistant - INFO - info:50 - Transcribing: files/Artur Recordings/20251119_235726_233.wav (2.8s)
2025-11-19 23:57:29,720 - VoiceAssistant - INFO - info:50 - Transcribing audio...
2025-11-19 23:57:29,721 - VoiceAssistant - INFO - info:50 - Transcribing: files/Artur Recordings/20251119_235726_323.wav (2.9s)
2025-11-19 23:57:30,799 - VoiceAssistant - INFO - info:50 - Transcription complete: '1, 2, 3, 4.' (1.12s)
2025-11-19 23:57:30,801 - VoiceAssistant - INFO - info:50 - Saved transcription: files/Artur Recordings/20251119_235726_233.json
2025-11-19 23:57:30,801 - VoiceAssistant - INFO - info:50 - Transcription: '1, 2, 3, 4.'
2025-11-19 23:57:30,802 - VoiceAssistant - INFO - info:50 - Preprocessing text...
2025-11-19 23:57:30,802 - VoiceAssistant - INFO - info:50 - Text preprocessed: '1, 2, 3, 4.'
2025-11-19 23:57:30,802 - VoiceAssistant - INFO - info:50 - Processing as dictation: '1, 2, 3, 4.'
2025-11-19 23:57:30,805 - VoiceAssistant - INFO - info:50 - Auto-pasting transcription...
2025-11-19 23:57:30,859 - VoiceAssistant - INFO - info:50 - Transcription complete: '1, 2, 3, 4.' (1.19s)
2025-11-19 23:57:30,860 - VoiceAssistant - INFO - info:50 - Saved transcription: files/Artur Recordings/20251119_235727_157.json
2025-11-19 23:57:30,861 - VoiceAssistant - INFO - info:50 - Transcription complete: '1, 2, 3, 4.' (1.14s)
2025-11-19 23:57:30,862 - VoiceAssistant - INFO - info:50 - Text preprocessed: '1, 2, 3, 4.'
2025-11-19 23:57:30,862 - VoiceAssistant - INFO - info:50 - Saved transcription: files/Artur Recordings/20251119_235726_323.json
2025-11-19 23:57:30,862 - VoiceAssistant - INFO - info:50 - Transcription: '1, 2, 3, 4.'
2025-11-19 23:57:30,862 - VoiceAssistant - INFO - info:50 - Preprocessing text...
2025-11-19 23:57:30,862 - VoiceAssistant - INFO - info:50 - Text preprocessed: '1, 2, 3, 4.'
2025-11-19 23:57:30,863 - VoiceAssistant - INFO - info:50 - Processing as dictation: '1, 2, 3, 4.'
2025-11-19 23:57:30,866 - VoiceAssistant - INFO - info:50 - Auto-pasting transcription...
2025-11-19 23:57:31,574 - VoiceAssistant - INFO - info:50 - Successfully pasted: '1, 2, 3, 4.'
2025-11-19 23:57:31,575 - VoiceAssistant - INFO - info:50 - Listening for audio...
2025-11-19 23:57:31,637 - VoiceAssistant - INFO - info:50 - Successfully pasted: '1, 2, 3, 4.'
2025-11-19 23:57:31,637 - VoiceAssistant - INFO - info:50 - Listening for audio...
2025-11-19 23:57:31,694 - VoiceAssistant - INFO - info:50 - Starting audio recording (waiting for sound...)
2025-11-19 23:57:31,712 - VoiceAssistant - INFO - info:50 - Successfully pasted: '1, 2, 3, 4.'
2025-11-19 23:57:31,777 - VoiceAssistant - INFO - info:50 - Starting audio recording (waiting for sound...)
2025-11-19 23:57:31,843 - VoiceAssistant - INFO - info:50 - Starting audio recording (waiting for sound...)
2025-11-19 23:57:36,711 - VoiceAssistant - WARNING - warning:54 - Max silence timeout reached during wait phase
2025-11-19 23:57:36,791 - VoiceAssistant - WARNING - warning:54 - Max silence timeout reached during wait phase
2025-11-19 23:57:36,826 - VoiceAssistant - WARNING - warning:54 - Recording failed or was cancelled
2025-11-19 23:57:36,826 - VoiceAssistant - INFO - info:50 - Listening for audio...
2025-11-19 23:57:36,860 - VoiceAssistant - WARNING - warning:54 - Max silence timeout reached during wait phase
2025-11-19 23:57:36,907 - VoiceAssistant - WARNING - warning:54 - Recording failed or was cancelled
2025-11-19 23:57:36,907 - VoiceAssistant - INFO - info:50 - Listening for audio...
2025-11-19 23:57:36,916 - VoiceAssistant - INFO - info:50 - Starting audio recording (waiting for sound...)
2025-11-19 23:57:37,001 - VoiceAssistant - INFO - info:50 - Starting audio recording (waiting for sound...)
2025-11-19 23:57:37,087 - VoiceAssistant - INFO - info:50 - Starting audio recording (waiting for sound...)
2025-11-19 23:57:41,928 - VoiceAssistant - WARNING - warning:54 - Max silence timeout reached during wait phase
2025-11-19 23:57:42,016 - VoiceAssistant - WARNING - warning:54 - Max silence timeout reached during wait phase
2025-11-19 23:57:42,044 - VoiceAssistant - WARNING - warning:54 - Recording failed or was cancelled
2025-11-19 23:57:42,045 - VoiceAssistant - INFO - info:50 - Listening for audio...
2025-11-19 23:57:42,103 - VoiceAssistant - WARNING - warning:54 - Max silence timeout reached during wait phase
2025-11-19 23:57:42,131 - VoiceAssistant - WARNING - warning:54 - Recording failed or was cancelled
2025-11-19 23:57:42,131 - VoiceAssistant - INFO - info:50 - Listening for audio...
2025-11-19 23:57:42,142 - VoiceAssistant - INFO - info:50 - Starting audio recording (waiting for sound...)
2025-11-19 23:57:42,231 - VoiceAssistant - INFO - info:50 - Starting audio recording (waiting for sound...)
2025-11-19 23:57:42,318 - VoiceAssistant - INFO - info:50 - Starting audio recording (waiting for sound...)
2025-11-19 23:57:47,157 - VoiceAssistant - WARNING - warning:54 - Max silence timeout reached during wait phase
2025-11-19 23:57:47,247 - VoiceAssistant - WARNING - warning:54 - Max silence timeout reached during wait phase
2025-11-19 23:57:47,273 - VoiceAssistant - WARNING - warning:54 - Recording failed or was cancelled
2025-11-19 23:57:47,273 - VoiceAssistant - INFO - info:50 - Listening for audio...
2025-11-19 23:57:47,330 - VoiceAssistant - WARNING - warning:54 - Max silence timeout reached during wait phase
2025-11-19 23:57:47,363 - VoiceAssistant - WARNING - warning:54 - Recording failed or was cancelled
2025-11-19 23:57:47,363 - VoiceAssistant - INFO - info:50 - Listening for audio...
2025-11-19 23:57:47,365 - VoiceAssistant - INFO - info:50 - Starting audio recording (waiting for sound...)
2025-11-19 23:57:47,451 - VoiceAssistant - INFO - info:50 - Starting audio recording (waiting for sound...)
2025-11-19 23:57:47,534 - VoiceAssistant - INFO - info:50 - Starting audio recording (waiting for sound...)
2025-11-19 23:57:52,378 - VoiceAssistant - WARNING - warning:54 - Max silence timeout reached during wait phase
2025-11-19 23:57:52,466 - VoiceAssistant - WARNING - warning:54 - Max silence timeout reached during wait phase
2025-11-19 23:57:52,493 - VoiceAssistant - WARNING - warning:54 - Recording failed or was cancelled
2025-11-19 23:57:52,493 - VoiceAssistant - INFO - info:50 - Listening for audio...
2025-11-19 23:57:52,547 - VoiceAssistant - WARNING - warning:54 - Max silence timeout reached during wait phase
2025-11-19 23:57:52,583 - VoiceAssistant - WARNING - warning:54 - Recording failed or was cancelled
2025-11-19 23:57:52,583 - VoiceAssistant - INFO - info:50 - Listening for audio...
2025-11-19 23:57:52,583 - VoiceAssistant - INFO - info:50 - Starting audio recording (waiting for sound...)
2025-11-19 23:57:52,673 - VoiceAssistant - INFO - info:50 - Starting audio recording (waiting for sound...)
2025-11-19 23:57:52,755 - VoiceAssistant - INFO - info:50 - Starting audio recording (waiting for sound...)
2025-11-19 23:57:57,601 - VoiceAssistant - WARNING - warning:54 - Max silence timeout reached during wait phase
2025-11-19 23:57:57,689 - VoiceAssistant - WARNING - warning:54 - Max silence timeout reached during wait phase
2025-11-19 23:57:57,716 - VoiceAssistant - WARNING - warning:54 - Recording failed or was cancelled
2025-11-19 23:57:57,716 - VoiceAssistant - INFO - info:50 - Listening for audio...
2025-11-19 23:57:57,770 - VoiceAssistant - WARNING - warning:54 - Max silence timeout reached during wait phase
2025-11-19 23:57:57,804 - VoiceAssistant - WARNING - warning:54 - Recording failed or was cancelled
2025-11-19 23:57:57,804 - VoiceAssistant - INFO - info:50 - Listening for audio...
2025-11-19 23:57:57,808 - VoiceAssistant - INFO - info:50 - Starting audio recording (waiting for sound...)
2025-11-19 23:57:57,897 - VoiceAssistant - INFO - info:50 - Starting audio recording (waiting for sound...)
2025-11-19 23:57:57,980 - VoiceAssistant - INFO - info:50 - Starting audio recording (waiting for sound...)
2025-11-19 23:58:02,821 - VoiceAssistant - WARNING - warning:54 - Max silence timeout reached during wait phase
2025-11-19 23:58:02,912 - VoiceAssistant - WARNING - warning:54 - Max silence timeout reached during wait phase
2025-11-19 23:58:02,937 - VoiceAssistant - WARNING - warning:54 - Recording failed or was cancelled
2025-11-19 23:58:02,937 - VoiceAssistant - INFO - info:50 - Listening for audio...
2025-11-19 23:58:02,993 - VoiceAssistant - WARNING - warning:54 - Max silence timeout reached during wait phase
2025-11-19 23:58:03,027 - VoiceAssistant - WARNING - warning:54 - Recording failed or was cancelled
2025-11-19 23:58:03,027 - VoiceAssistant - INFO - info:50 - Starting audio recording (waiting for sound...)
2025-11-19 23:58:03,027 - VoiceAssistant - INFO - info:50 - Listening for audio...
2025-11-19 23:58:03,118 - VoiceAssistant - INFO - info:50 - Starting audio recording (waiting for sound...)
2025-11-19 23:58:03,203 - VoiceAssistant - INFO - info:50 - Starting audio recording (waiting for sound...)
2025-11-19 23:58:08,041 - VoiceAssistant - WARNING - warning:54 - Max silence timeout reached during wait phase
2025-11-19 23:58:08,133 - VoiceAssistant - WARNING - warning:54 - Max silence timeout reached during wait phase
2025-11-19 23:58:08,160 - VoiceAssistant - WARNING - warning:54 - Recording failed or was cancelled
2025-11-19 23:58:08,160 - VoiceAssistant - INFO - info:50 - Listening for audio...
2025-11-19 23:58:08,216 - VoiceAssistant - WARNING - warning:54 - Max silence timeout reached during wait phase
2025-11-19 23:58:08,250 - VoiceAssistant - WARNING - warning:54 - Recording failed or was cancelled
2025-11-19 23:58:08,251 - VoiceAssistant - INFO - info:50 - Listening for audio...
2025-11-19 23:58:08,262 - VoiceAssistant - INFO - info:50 - Starting audio recording (waiting for sound...)
2025-11-19 23:58:08,352 - VoiceAssistant - INFO - info:50 - Starting audio recording (waiting for sound...)
2025-11-19 23:58:08,434 - VoiceAssistant - INFO - info:50 - Starting audio recording (waiting for sound...)
2025-11-19 23:58:12,660 - VoiceAssistant - INFO - info:50 - Sound detected! Recording...
2025-11-19 23:58:12,661 - VoiceAssistant - INFO - info:50 - Speech detected!
2025-11-19 23:58:12,664 - VoiceAssistant - INFO - info:50 - Sound detected! Recording...
2025-11-19 23:58:12,664 - VoiceAssistant - INFO - info:50 - Speech detected!
2025-11-19 23:58:12,684 - VoiceAssistant - INFO - info:50 - Sound detected! Recording...
2025-11-19 23:58:14,535 - VoiceAssistant - INFO - info:50 - Silence detected, stopping recording...
2025-11-19 23:58:14,535 - VoiceAssistant - INFO - info:50 - Silence detected, processing...
2025-11-19 23:58:14,537 - VoiceAssistant - INFO - info:50 - Saved audio: files/Artur Recordings/20251119_235808_160.wav (2.9s, 253996 bytes)
2025-11-19 23:58:14,540 - VoiceAssistant - INFO - info:50 - Silence detected, stopping recording...
2025-11-19 23:58:14,540 - VoiceAssistant - INFO - info:50 - Silence detected, stopping recording...
2025-11-19 23:58:14,541 - VoiceAssistant - INFO - info:50 - Silence detected, processing...
2025-11-19 23:58:14,542 - VoiceAssistant - INFO - info:50 - Saved audio: files/Artur Recordings/20251119_235808_332.wav (2.9s, 251948 bytes)
2025-11-19 23:58:14,542 - VoiceAssistant - INFO - info:50 - Saved audio: files/Artur Recordings/20251119_235808_251.wav (2.9s, 253996 bytes)
2025-11-19 23:58:14,655 - VoiceAssistant - INFO - info:50 - Transcribing audio...
2025-11-19 23:58:14,655 - VoiceAssistant - INFO - info:50 - Transcribing: files/Artur Recordings/20251119_235808_160.wav (2.9s)
2025-11-19 23:58:14,670 - VoiceAssistant - INFO - info:50 - Transcribing audio...
2025-11-19 23:58:14,670 - VoiceAssistant - INFO - info:50 - Transcribing: files/Artur Recordings/20251119_235808_251.wav (2.9s)
2025-11-19 23:58:14,670 - VoiceAssistant - INFO - info:50 - Transcribing: files/Artur Recordings/20251119_235808_332.wav (2.9s)
2025-11-19 23:58:15,548 - VoiceAssistant - INFO - info:50 - Transcription complete: '1, 2, 3, 4.' (0.89s)
2025-11-19 23:58:15,549 - VoiceAssistant - INFO - info:50 - Saved transcription: files/Artur Recordings/20251119_235808_160.json
2025-11-19 23:58:15,549 - VoiceAssistant - INFO - info:50 - Transcription: '1, 2, 3, 4.'
2025-11-19 23:58:15,549 - VoiceAssistant - INFO - info:50 - Preprocessing text...
2025-11-19 23:58:15,550 - VoiceAssistant - INFO - info:50 - Text preprocessed: '1, 2, 3, 4.'
2025-11-19 23:58:15,550 - VoiceAssistant - INFO - info:50 - Processing as dictation: '1, 2, 3, 4.'
2025-11-19 23:58:15,553 - VoiceAssistant - INFO - info:50 - Auto-pasting transcription...
2025-11-19 23:58:15,571 - VoiceAssistant - INFO - info:50 - Transcription complete: '1, 2, 3, 4.' (0.90s)
2025-11-19 23:58:15,572 - VoiceAssistant - INFO - info:50 - Saved transcription: files/Artur Recordings/20251119_235808_332.json
2025-11-19 23:58:15,573 - VoiceAssistant - INFO - info:50 - Transcription complete: '1, 2, 3, 4.' (0.90s)
2025-11-19 23:58:15,573 - VoiceAssistant - INFO - info:50 - Text preprocessed: '1, 2, 3, 4.'
2025-11-19 23:58:15,573 - VoiceAssistant - INFO - info:50 - Saved transcription: files/Artur Recordings/20251119_235808_251.json
2025-11-19 23:58:15,573 - VoiceAssistant - INFO - info:50 - Transcription: '1, 2, 3, 4.'
2025-11-19 23:58:15,573 - VoiceAssistant - INFO - info:50 - Preprocessing text...
2025-11-19 23:58:15,574 - VoiceAssistant - INFO - info:50 - Text preprocessed: '1, 2, 3, 4.'
2025-11-19 23:58:15,574 - VoiceAssistant - INFO - info:50 - Processing as dictation: '1, 2, 3, 4.'
2025-11-19 23:58:15,577 - VoiceAssistant - INFO - info:50 - Auto-pasting transcription...
2025-11-19 23:58:16,327 - VoiceAssistant - INFO - info:50 - Successfully pasted: '1, 2, 3, 4.'
2025-11-19 23:58:16,327 - VoiceAssistant - INFO - info:50 - Listening for audio...
2025-11-19 23:58:16,346 - VoiceAssistant - INFO - info:50 - Successfully pasted: '1, 2, 3, 4.'
2025-11-19 23:58:16,346 - VoiceAssistant - INFO - info:50 - Successfully pasted: '1, 2, 3, 4.'
2025-11-19 23:58:16,346 - VoiceAssistant - INFO - info:50 - Listening for audio...
2025-11-19 23:58:16,532 - VoiceAssistant - INFO - info:50 - Starting audio recording (waiting for sound...)
2025-11-19 23:58:16,554 - VoiceAssistant - INFO - info:50 - Starting audio recording (waiting for sound...)
2025-11-19 23:58:16,575 - VoiceAssistant - INFO - info:50 - Starting audio recording (waiting for sound...)
2025-11-19 23:58:17,917 - VoiceAssistant - INFO - info:50 - Sound detected! Recording...
2025-11-19 23:58:17,918 - VoiceAssistant - INFO - info:50 - Speech detected!
2025-11-19 23:58:17,923 - VoiceAssistant - INFO - info:50 - Sound detected! Recording...
2025-11-19 23:58:17,923 - VoiceAssistant - INFO - info:50 - Sound detected! Recording...
2025-11-19 23:58:17,923 - VoiceAssistant - INFO - info:50 - Speech detected!
2025-11-19 23:58:19,774 - VoiceAssistant - INFO - info:50 - Silence detected, stopping recording...
2025-11-19 23:58:19,774 - VoiceAssistant - INFO - info:50 - Silence detected, processing...
2025-11-19 23:58:19,775 - VoiceAssistant - INFO - info:50 - Saved audio: files/Artur Recordings/20251119_235816_346.wav (2.9s, 251948 bytes)
2025-11-19 23:58:19,775 - VoiceAssistant - INFO - info:50 - Silence detected, stopping recording...
2025-11-19 23:58:19,775 - VoiceAssistant - INFO - info:50 - Silence detected, processing...
2025-11-19 23:58:19,776 - VoiceAssistant - INFO - info:50 - Saved audio: files/Artur Recordings/20251119_235816_327.wav (2.9s, 251948 bytes)
2025-11-19 23:58:19,779 - VoiceAssistant - INFO - info:50 - Silence detected, stopping recording...
2025-11-19 23:58:19,782 - VoiceAssistant - INFO - info:50 - Saved audio: files/Artur Recordings/20251119_235816_346.wav (2.9s, 251948 bytes)
2025-11-19 23:58:19,890 - VoiceAssistant - INFO - info:50 - Transcribing audio...
2025-11-19 23:58:19,890 - VoiceAssistant - INFO - info:50 - Transcribing: files/Artur Recordings/20251119_235816_346.wav (2.9s)
2025-11-19 23:58:19,892 - VoiceAssistant - INFO - info:50 - Transcribing audio...
2025-11-19 23:58:19,892 - VoiceAssistant - INFO - info:50 - Transcribing: files/Artur Recordings/20251119_235816_327.wav (2.9s)
2025-11-19 23:58:19,907 - VoiceAssistant - INFO - info:50 - Transcribing: files/Artur Recordings/20251119_235816_346.wav (2.9s)
2025-11-19 23:58:20,714 - VoiceAssistant - INFO - info:50 - Transcription complete: '1 2 3 4' (0.82s)
2025-11-19 23:58:20,715 - VoiceAssistant - INFO - info:50 - Saved transcription: files/Artur Recordings/20251119_235816_346.json
2025-11-19 23:58:20,715 - VoiceAssistant - INFO - info:50 - Transcription: '1 2 3 4'
2025-11-19 23:58:20,715 - VoiceAssistant - INFO - info:50 - Preprocessing text...
2025-11-19 23:58:20,716 - VoiceAssistant - INFO - info:50 - Text preprocessed: '1 2 3 4.'
2025-11-19 23:58:20,716 - VoiceAssistant - INFO - info:50 - Processing as dictation: '1 2 3 4.'
2025-11-19 23:58:20,718 - VoiceAssistant - INFO - info:50 - Transcription complete: '1 2 3 4' (0.81s)
2025-11-19 23:58:20,718 - VoiceAssistant - INFO - info:50 - Auto-pasting transcription...
2025-11-19 23:58:20,718 - VoiceAssistant - INFO - info:50 - Saved transcription: files/Artur Recordings/20251119_235816_346.json
2025-11-19 23:58:20,719 - VoiceAssistant - INFO - info:50 - Text preprocessed: '1 2 3 4.'
2025-11-19 23:58:20,726 - VoiceAssistant - INFO - info:50 - Transcription complete: '1 2 3 4' (0.83s)
2025-11-19 23:58:20,727 - VoiceAssistant - INFO - info:50 - Saved transcription: files/Artur Recordings/20251119_235816_327.json
2025-11-19 23:58:20,727 - VoiceAssistant - INFO - info:50 - Transcription: '1 2 3 4'
2025-11-19 23:58:20,727 - VoiceAssistant - INFO - info:50 - Preprocessing text...
2025-11-19 23:58:20,727 - VoiceAssistant - INFO - info:50 - Text preprocessed: '1 2 3 4.'
2025-11-19 23:58:20,728 - VoiceAssistant - INFO - info:50 - Processing as dictation: '1 2 3 4.'
2025-11-19 23:58:20,730 - VoiceAssistant - INFO - info:50 - Auto-pasting transcription...
2025-11-19 23:58:21,486 - VoiceAssistant - INFO - info:50 - Successfully pasted: '1 2 3 4.'
2025-11-19 23:58:21,486 - VoiceAssistant - INFO - info:50 - Listening for audio...
2025-11-19 23:58:21,487 - VoiceAssistant - INFO - info:50 - Successfully pasted: '1 2 3 4.'
2025-11-19 23:58:21,500 - VoiceAssistant - INFO - info:50 - Successfully pasted: '1 2 3 4.'
2025-11-19 23:58:21,500 - VoiceAssistant - INFO - info:50 - Listening for audio...
2025-11-19 23:58:21,689 - VoiceAssistant - INFO - info:50 - Starting audio recording (waiting for sound...)
2025-11-19 23:58:21,711 - VoiceAssistant - INFO - info:50 - Starting audio recording (waiting for sound...)
2025-11-19 23:58:21,732 - VoiceAssistant - INFO - info:50 - Starting audio recording (waiting for sound...)
2025-11-19 23:58:22,312 - VoiceAssistant - INFO - info:50 - Sound detected! Recording...
2025-11-19 23:58:22,312 - VoiceAssistant - INFO - info:50 - Sound detected! Recording...
2025-11-19 23:58:22,313 - VoiceAssistant - INFO - info:50 - Speech detected!
2025-11-19 23:58:22,329 - VoiceAssistant - INFO - info:50 - Sound detected! Recording...
2025-11-19 23:58:22,329 - VoiceAssistant - INFO - info:50 - Speech detected!
2025-11-19 23:58:24,275 - VoiceAssistant - INFO - info:50 - Silence detected, stopping recording...
2025-11-19 23:58:24,275 - VoiceAssistant - INFO - info:50 - Silence detected, stopping recording...
2025-11-19 23:58:24,275 - VoiceAssistant - INFO - info:50 - Silence detected, processing...
2025-11-19 23:58:24,275 - VoiceAssistant - INFO - info:50 - Saved audio: files/Artur Recordings/20251119_235821_486.wav (2.6s, 227372 bytes)
2025-11-19 23:58:24,275 - VoiceAssistant - INFO - info:50 - Saved audio: files/Artur Recordings/20251119_235821_487.wav (2.6s, 225324 bytes)
2025-11-19 23:58:24,291 - VoiceAssistant - INFO - info:50 - Silence detected, stopping recording...
2025-11-19 23:58:24,291 - VoiceAssistant - INFO - info:50 - Silence detected, processing...
2025-11-19 23:58:24,292 - VoiceAssistant - INFO - info:50 - Saved audio: files/Artur Recordings/20251119_235821_500.wav (2.6s, 225324 bytes)
2025-11-19 23:58:24,391 - VoiceAssistant - INFO - info:50 - Transcribing audio...
2025-11-19 23:58:24,391 - VoiceAssistant - INFO - info:50 - Transcribing: files/Artur Recordings/20251119_235821_487.wav (2.6s)
2025-11-19 23:58:24,391 - VoiceAssistant - INFO - info:50 - Transcribing: files/Artur Recordings/20251119_235821_486.wav (2.6s)
2025-11-19 23:58:24,417 - VoiceAssistant - INFO - info:50 - Transcribing audio...
2025-11-19 23:58:24,418 - VoiceAssistant - INFO - info:50 - Transcribing: files/Artur Recordings/20251119_235821_500.wav (2.6s)
2025-11-19 23:58:25,762 - VoiceAssistant - INFO - info:50 - Transcription complete: 'Go on to 3-4.' (1.37s)
2025-11-19 23:58:25,764 - VoiceAssistant - INFO - info:50 - Saved transcription: files/Artur Recordings/20251119_235821_486.json
2025-11-19 23:58:25,765 - VoiceAssistant - INFO - info:50 - Transcription: 'Go on to 3-4.'
2025-11-19 23:58:25,765 - VoiceAssistant - INFO - info:50 - Preprocessing text...
2025-11-19 23:58:25,765 - VoiceAssistant - INFO - info:50 - Text preprocessed: 'Go on to 3-4.'
2025-11-19 23:58:25,765 - VoiceAssistant - INFO - info:50 - Processing as dictation: 'Go on to 3-4.'
2025-11-19 23:58:25,769 - VoiceAssistant - INFO - info:50 - Auto-pasting transcription...
2025-11-19 23:58:25,813 - VoiceAssistant - INFO - info:50 - Transcription complete: '1, 2, 3, 4.' (1.39s)
2025-11-19 23:58:25,813 - VoiceAssistant - INFO - info:50 - Saved transcription: files/Artur Recordings/20251119_235821_500.json
2025-11-19 23:58:25,814 - VoiceAssistant - INFO - info:50 - Transcription: '1, 2, 3, 4.'
2025-11-19 23:58:25,814 - VoiceAssistant - INFO - info:50 - Preprocessing text...
2025-11-19 23:58:25,814 - VoiceAssistant - INFO - info:50 - Text preprocessed: '1, 2, 3, 4.'
2025-11-19 23:58:25,814 - VoiceAssistant - INFO - info:50 - Processing as dictation: '1, 2, 3, 4.'
2025-11-19 23:58:25,818 - VoiceAssistant - INFO - info:50 - Auto-pasting transcription...
2025-11-19 23:58:25,833 - VoiceAssistant - INFO - info:50 - Transcription complete: 'Go on to 3-4.' (1.44s)
2025-11-19 23:58:25,833 - VoiceAssistant - INFO - info:50 - Saved transcription: files/Artur Recordings/20251119_235821_487.json
2025-11-19 23:58:25,834 - VoiceAssistant - INFO - info:50 - Text preprocessed: 'Go on to 3-4.'
2025-11-19 23:58:26,537 - VoiceAssistant - INFO - info:50 - Successfully pasted: 'Go on to 3-4.'
2025-11-19 23:58:26,537 - VoiceAssistant - INFO - info:50 - Listening for audio...
2025-11-19 23:58:26,588 - VoiceAssistant - INFO - info:50 - Successfully pasted: '1, 2, 3, 4.'
2025-11-19 23:58:26,588 - VoiceAssistant - INFO - info:50 - Listening for audio...
2025-11-19 23:58:26,605 - VoiceAssistant - INFO - info:50 - Successfully pasted: 'Go on to 3-4.'
2025-11-19 23:58:26,653 - VoiceAssistant - INFO - info:50 - Starting audio recording (waiting for sound...)
2025-11-19 23:58:26,770 - VoiceAssistant - INFO - info:50 - Starting audio recording (waiting for sound...)
2025-11-19 23:58:26,791 - VoiceAssistant - INFO - info:50 - Starting audio recording (waiting for sound...)
2025-11-19 23:58:27,474 - VoiceAssistant - INFO - info:50 - Sound detected! Recording...
2025-11-19 23:58:27,474 - VoiceAssistant - INFO - info:50 - Sound detected! Recording...
2025-11-19 23:58:27,475 - VoiceAssistant - INFO - info:50 - Speech detected!
2025-11-19 23:58:27,485 - VoiceAssistant - INFO - info:50 - Sound detected! Recording...
2025-11-19 23:58:27,485 - VoiceAssistant - INFO - info:50 - Speech detected!
2025-11-19 23:58:28,936 - VoiceAssistant - INFO - info:50 - Silence detected, stopping recording...
2025-11-19 23:58:28,937 - VoiceAssistant - INFO - info:50 - Silence detected, processing...
2025-11-19 23:58:28,937 - VoiceAssistant - INFO - info:50 - Saved audio: files/Artur Recordings/20251119_235826_537.wav (2.3s, 200748 bytes)
2025-11-19 23:58:28,946 - VoiceAssistant - INFO - info:50 - Silence detected, stopping recording...
2025-11-19 23:58:28,947 - VoiceAssistant - INFO - info:50 - Silence detected, stopping recording...
2025-11-19 23:58:28,947 - VoiceAssistant - INFO - info:50 - Saved audio: files/Artur Recordings/20251119_235826_606.wav (2.1s, 188460 bytes)
2025-11-19 23:58:28,947 - VoiceAssistant - INFO - info:50 - Silence detected, processing...
2025-11-19 23:58:28,948 - VoiceAssistant - INFO - info:50 - Saved audio: files/Artur Recordings/20251119_235826_588.wav (2.2s, 190508 bytes)
2025-11-19 23:58:29,051 - VoiceAssistant - INFO - info:50 - Transcribing audio...
2025-11-19 23:58:29,051 - VoiceAssistant - INFO - info:50 - Transcribing: files/Artur Recordings/20251119_235826_537.wav (2.3s)
2025-11-19 23:58:29,062 - VoiceAssistant - INFO - info:50 - Transcribing: files/Artur Recordings/20251119_235826_606.wav (2.1s)
2025-11-19 23:58:29,073 - VoiceAssistant - INFO - info:50 - Transcribing audio...
2025-11-19 23:58:29,073 - VoiceAssistant - INFO - info:50 - Transcribing: files/Artur Recordings/20251119_235826_588.wav (2.2s)
2025-11-19 23:58:29,880 - VoiceAssistant - INFO - info:50 - Transcription complete: 'Go on.' (0.83s)
2025-11-19 23:58:29,881 - VoiceAssistant - INFO - info:50 - Saved transcription: files/Artur Recordings/20251119_235826_537.json
2025-11-19 23:58:29,881 - VoiceAssistant - INFO - info:50 - Transcription: 'Go on.'
2025-11-19 23:58:29,881 - VoiceAssistant - INFO - info:50 - Preprocessing text...
2025-11-19 23:58:29,882 - VoiceAssistant - INFO - info:50 - Text preprocessed: 'Go on.'
2025-11-19 23:58:29,882 - VoiceAssistant - INFO - info:50 - Processing as dictation: 'Go on.'
2025-11-19 23:58:29,884 - VoiceAssistant - INFO - info:50 - Auto-pasting transcription...
2025-11-19 23:58:29,892 - VoiceAssistant - INFO - info:50 - Transcription complete: 'Go on.' (0.83s)
2025-11-19 23:58:29,893 - VoiceAssistant - INFO - info:50 - Saved transcription: files/Artur Recordings/20251119_235826_606.json
2025-11-19 23:58:29,894 - VoiceAssistant - INFO - info:50 - Text preprocessed: 'Go on.'
2025-11-19 23:58:29,897 - VoiceAssistant - INFO - info:50 - Transcription complete: 'Go on.' (0.82s)
2025-11-19 23:58:29,897 - VoiceAssistant - INFO - info:50 - Saved transcription: files/Artur Recordings/20251119_235826_588.json
2025-11-19 23:58:29,898 - VoiceAssistant - INFO - info:50 - Transcription: 'Go on.'
2025-11-19 23:58:29,898 - VoiceAssistant - INFO - info:50 - Preprocessing text...
2025-11-19 23:58:29,898 - VoiceAssistant - INFO - info:50 - Text preprocessed: 'Go on.'
2025-11-19 23:58:29,898 - VoiceAssistant - INFO - info:50 - Processing as dictation: 'Go on.'
2025-11-19 23:58:29,900 - VoiceAssistant - INFO - info:50 - Auto-pasting transcription...
2025-11-19 23:58:30,653 - VoiceAssistant - INFO - info:50 - Successfully pasted: 'Go on.'
2025-11-19 23:58:30,653 - VoiceAssistant - INFO - info:50 - Listening for audio...
2025-11-19 23:58:30,665 - VoiceAssistant - INFO - info:50 - Successfully pasted: 'Go on.'
2025-11-19 23:58:30,669 - VoiceAssistant - INFO - info:50 - Successfully pasted: 'Go on.'
2025-11-19 23:58:30,669 - VoiceAssistant - INFO - info:50 - Listening for audio...
2025-11-19 23:58:30,868 - VoiceAssistant - INFO - info:50 - Starting audio recording (waiting for sound...)
2025-11-19 23:58:30,890 - VoiceAssistant - INFO - info:50 - Starting audio recording (waiting for sound...)
2025-11-19 23:58:30,910 - VoiceAssistant - INFO - info:50 - Starting audio recording (waiting for sound...)
2025-11-19 23:58:32,296 - VoiceAssistant - INFO - info:50 - Sound detected! Recording...
2025-11-19 23:58:32,297 - VoiceAssistant - INFO - info:50 - Sound detected! Recording...
2025-11-19 23:58:32,297 - VoiceAssistant - INFO - info:50 - Sound detected! Recording...
2025-11-19 23:58:32,298 - VoiceAssistant - INFO - info:50 - Speech detected!
2025-11-19 23:58:32,298 - VoiceAssistant - INFO - info:50 - Speech detected!
2025-11-19 23:58:33,963 - VoiceAssistant - INFO - info:50 - Silence detected, stopping recording...
2025-11-19 23:58:33,963 - VoiceAssistant - INFO - info:50 - Silence detected, processing...
2025-11-19 23:58:33,964 - VoiceAssistant - INFO - info:50 - Saved audio: files/Artur Recordings/20251119_235830_669.wav (2.7s, 235564 bytes)
2025-11-19 23:58:33,964 - VoiceAssistant - INFO - info:50 - Silence detected, stopping recording...
2025-11-19 23:58:33,965 - VoiceAssistant - INFO - info:50 - Silence detected, processing...
2025-11-19 23:58:33,965 - VoiceAssistant - INFO - info:50 - Silence detected, stopping recording...
2025-11-19 23:58:33,965 - VoiceAssistant - INFO - info:50 - Saved audio: files/Artur Recordings/20251119_235830_653.wav (2.7s, 235564 bytes)
2025-11-19 23:58:33,966 - VoiceAssistant - INFO - info:50 - Saved audio: files/Artur Recordings/20251119_235830_666.wav (2.7s, 235564 bytes)
2025-11-19 23:58:34,079 - VoiceAssistant - INFO - info:50 - Transcribing audio...
2025-11-19 23:58:34,080 - VoiceAssistant - INFO - info:50 - Transcribing: files/Artur Recordings/20251119_235830_669.wav (2.7s)
2025-11-19 23:58:34,081 - VoiceAssistant - INFO - info:50 - Transcribing audio...
2025-11-19 23:58:34,081 - VoiceAssistant - INFO - info:50 - Transcribing: files/Artur Recordings/20251119_235830_666.wav (2.7s)
2025-11-19 23:58:34,081 - VoiceAssistant - INFO - info:50 - Transcribing: files/Artur Recordings/20251119_235830_653.wav (2.7s)
2025-11-19 23:58:36,552 - VoiceAssistant - INFO - info:50 - Transcription complete: 'That's it.  That's it.  W.  W.  W.  W.  W.' (2.47s)
2025-11-19 23:58:36,553 - VoiceAssistant - INFO - info:50 - Saved transcription: files/Artur Recordings/20251119_235830_653.json
2025-11-19 23:58:36,553 - VoiceAssistant - INFO - info:50 - Transcription: 'That's it.  That's it.  W.  W.  W.  W.  W.'
2025-11-19 23:58:36,554 - VoiceAssistant - INFO - info:50 - Preprocessing text...
2025-11-19 23:58:36,554 - VoiceAssistant - INFO - info:50 - Text preprocessed: 'That's it.  That's it.  W.  W.  W.  W.  W.'
2025-11-19 23:58:36,554 - VoiceAssistant - INFO - info:50 - Processing as dictation: 'That's it.  That's it.  W.  W.  W.  W.  W.'
2025-11-19 23:58:36,566 - VoiceAssistant - INFO - info:50 - Auto-pasting transcription...
2025-11-19 23:58:36,769 - VoiceAssistant - INFO - info:50 - Transcription complete: 'We will do.' (2.69s)
2025-11-19 23:58:36,770 - VoiceAssistant - INFO - info:50 - Saved transcription: files/Artur Recordings/20251119_235830_666.json
2025-11-19 23:58:36,770 - VoiceAssistant - INFO - info:50 - Text preprocessed: 'We will do.'
2025-11-19 23:58:37,337 - VoiceAssistant - INFO - info:50 - Successfully pasted: 'That's it.  That's it.  W.  W.  W.  W.  W.'
2025-11-19 23:58:37,338 - VoiceAssistant - INFO - info:50 - Listening for audio...
2025-11-19 23:58:37,468 - VoiceAssistant - INFO - info:50 - Starting audio recording (waiting for sound...)
2025-11-19 23:58:37,547 - VoiceAssistant - INFO - info:50 - Successfully pasted: 'We will do.'
2025-11-19 23:58:37,674 - VoiceAssistant - INFO - info:50 - Starting audio recording (waiting for sound...)
2025-11-19 23:58:39,732 - VoiceAssistant - INFO - info:50 - Transcription complete: 'Maybe we'll do?' (5.65s)
2025-11-19 23:58:39,732 - VoiceAssistant - INFO - info:50 - Saved transcription: files/Artur Recordings/20251119_235830_669.json
2025-11-19 23:58:39,733 - VoiceAssistant - INFO - info:50 - Transcription: 'Maybe we'll do?'
2025-11-19 23:58:39,733 - VoiceAssistant - INFO - info:50 - Preprocessing text...
2025-11-19 23:58:39,733 - VoiceAssistant - INFO - info:50 - Text preprocessed: 'Maybe we'll do?'
2025-11-19 23:58:39,733 - VoiceAssistant - INFO - info:50 - Processing as dictation: 'Maybe we'll do?'
2025-11-19 23:58:39,735 - VoiceAssistant - INFO - info:50 - Auto-pasting transcription...
2025-11-19 23:58:40,506 - VoiceAssistant - INFO - info:50 - Successfully pasted: 'Maybe we'll do?'
2025-11-19 23:58:40,506 - VoiceAssistant - INFO - info:50 - Listening for audio...
2025-11-19 23:58:40,600 - VoiceAssistant - INFO - info:50 - Starting audio recording (waiting for sound...)
2025-11-19 23:58:41,985 - VoiceAssistant - INFO - info:50 - Sound detected! Recording...
2025-11-19 23:58:41,987 - VoiceAssistant - INFO - info:50 - Sound detected! Recording...
2025-11-19 23:58:41,987 - VoiceAssistant - INFO - info:50 - Speech detected!
2025-11-19 23:58:41,992 - VoiceAssistant - INFO - info:50 - Sound detected! Recording...
2025-11-19 23:58:41,993 - VoiceAssistant - INFO - info:50 - Speech detected!
2025-11-19 23:58:43,461 - VoiceAssistant - INFO - info:50 - Silence detected, stopping recording...
2025-11-19 23:58:43,462 - VoiceAssistant - INFO - info:50 - Silence detected, processing...
2025-11-19 23:58:43,462 - VoiceAssistant - INFO - info:50 - Saved audio: files/Artur Recordings/20251119_235840_506.wav (2.5s, 219180 bytes)
2025-11-19 23:58:43,465 - VoiceAssistant - INFO - info:50 - Silence detected, stopping recording...
2025-11-19 23:58:43,465 - VoiceAssistant - INFO - info:50 - Silence detected, processing...
2025-11-19 23:58:43,466 - VoiceAssistant - INFO - info:50 - Saved audio: files/Artur Recordings/20251119_235837_338.wav (2.5s, 219180 bytes)
2025-11-19 23:58:43,476 - VoiceAssistant - INFO - info:50 - Silence detected, stopping recording...
2025-11-19 23:58:43,478 - VoiceAssistant - INFO - info:50 - Saved audio: files/Artur Recordings/20251119_235837_548.wav (2.5s, 219180 bytes)
2025-11-19 23:58:43,578 - VoiceAssistant - INFO - info:50 - Transcribing audio...
2025-11-19 23:58:43,579 - VoiceAssistant - INFO - info:50 - Transcribing: files/Artur Recordings/20251119_235840_506.wav (2.5s)
2025-11-19 23:58:43,580 - VoiceAssistant - INFO - info:50 - Transcribing audio...
2025-11-19 23:58:43,580 - VoiceAssistant - INFO - info:50 - Transcribing: files/Artur Recordings/20251119_235837_338.wav (2.5s)
2025-11-19 23:58:43,603 - VoiceAssistant - INFO - info:50 - Transcribing: files/Artur Recordings/20251119_235837_548.wav (2.5s)
2025-11-19 23:58:44,455 - VoiceAssistant - INFO - info:50 - Transcription complete: 'We do?' (0.88s)
2025-11-19 23:58:44,456 - VoiceAssistant - INFO - info:50 - Saved transcription: files/Artur Recordings/20251119_235837_338.json
2025-11-19 23:58:44,457 - VoiceAssistant - INFO - info:50 - Transcription: 'We do?'
2025-11-19 23:58:44,457 - VoiceAssistant - INFO - info:50 - Preprocessing text...
2025-11-19 23:58:44,457 - VoiceAssistant - INFO - info:50 - Text preprocessed: 'We do?'
2025-11-19 23:58:44,457 - VoiceAssistant - INFO - info:50 - Processing as dictation: 'We do?'
2025-11-19 23:58:44,459 - VoiceAssistant - INFO - info:50 - Auto-pasting transcription...
2025-11-19 23:58:45,226 - VoiceAssistant - INFO - info:50 - Successfully pasted: 'We do?'
2025-11-19 23:58:45,227 - VoiceAssistant - INFO - info:50 - Listening for audio...
2025-11-19 23:58:45,370 - VoiceAssistant - INFO - info:50 - Starting audio recording (waiting for sound...)
2025-11-19 23:58:45,749 - VoiceAssistant - INFO - info:50 - Transcription complete: 'We do?' (2.15s)
2025-11-19 23:58:45,750 - VoiceAssistant - INFO - info:50 - Saved transcription: files/Artur Recordings/20251119_235837_548.json
2025-11-19 23:58:45,750 - VoiceAssistant - INFO - info:50 - Text preprocessed: 'We do?'
2025-11-19 23:58:45,790 - VoiceAssistant - INFO - info:50 - Transcription complete: 'We do?' (2.21s)
2025-11-19 23:58:45,791 - VoiceAssistant - INFO - info:50 - Saved transcription: files/Artur Recordings/20251119_235840_506.json
2025-11-19 23:58:45,791 - VoiceAssistant - INFO - info:50 - Transcription: 'We do?'
2025-11-19 23:58:45,791 - VoiceAssistant - INFO - info:50 - Preprocessing text...
2025-11-19 23:58:45,791 - VoiceAssistant - INFO - info:50 - Text preprocessed: 'We do?'
2025-11-19 23:58:45,792 - VoiceAssistant - INFO - info:50 - Processing as dictation: 'We do?'
2025-11-19 23:58:45,793 - VoiceAssistant - INFO - info:50 - Auto-pasting transcription...
2025-11-19 23:58:46,521 - VoiceAssistant - INFO - info:50 - Successfully pasted: 'We do?'
2025-11-19 23:58:46,561 - VoiceAssistant - INFO - info:50 - Successfully pasted: 'We do?'
2025-11-19 23:58:46,561 - VoiceAssistant - INFO - info:50 - Listening for audio...
2025-11-19 23:58:46,651 - VoiceAssistant - INFO - info:50 - Starting audio recording (waiting for sound...)
2025-11-19 23:58:46,694 - VoiceAssistant - INFO - info:50 - Starting audio recording (waiting for sound...)
2025-11-19 23:58:50,383 - VoiceAssistant - WARNING - warning:54 - Max silence timeout reached during wait phase
2025-11-19 23:58:50,499 - VoiceAssistant - WARNING - warning:54 - Recording failed or was cancelled
2025-11-19 23:58:50,500 - VoiceAssistant - INFO - info:50 - Listening for audio...
2025-11-19 23:58:50,596 - VoiceAssistant - INFO - info:50 - Starting audio recording (waiting for sound...)
2025-11-19 23:58:51,668 - VoiceAssistant - WARNING - warning:54 - Max silence timeout reached during wait phase
2025-11-19 23:58:51,705 - VoiceAssistant - WARNING - warning:54 - Max silence timeout reached during wait phase
2025-11-19 23:58:51,820 - VoiceAssistant - WARNING - warning:54 - Recording failed or was cancelled
2025-11-19 23:58:51,820 - VoiceAssistant - INFO - info:50 - Listening for audio...
2025-11-19 23:58:51,942 - VoiceAssistant - INFO - info:50 - Starting audio recording (waiting for sound...)
2025-11-19 23:58:51,989 - VoiceAssistant - INFO - info:50 - Starting audio recording (waiting for sound...)
2025-11-19 23:58:52,411 - VoiceAssistant - INFO - info:50 - Sound detected! Recording...
2025-11-19 23:58:52,412 - VoiceAssistant - INFO - info:50 - Speech detected!
2025-11-19 23:58:52,413 - VoiceAssistant - INFO - info:50 - Sound detected! Recording...
2025-11-19 23:58:52,417 - VoiceAssistant - INFO - info:50 - Sound detected! Recording...
2025-11-19 23:58:52,417 - VoiceAssistant - INFO - info:50 - Speech detected!
2025-11-19 23:58:54,415 - VoiceAssistant - INFO - info:50 - Silence detected, stopping recording...
2025-11-19 23:58:54,415 - VoiceAssistant - INFO - info:50 - Silence detected, processing...
2025-11-19 23:58:54,417 - VoiceAssistant - INFO - info:50 - Silence detected, stopping recording...
2025-11-19 23:58:54,418 - VoiceAssistant - INFO - info:50 - Saved audio: files/Artur Recordings/20251119_235850_500.wav (3.0s, 264236 bytes)
2025-11-19 23:58:54,419 - VoiceAssistant - INFO - info:50 - Saved audio: files/Artur Recordings/20251119_235851_784.wav (2.5s, 217132 bytes)
2025-11-19 23:58:54,425 - VoiceAssistant - INFO - info:50 - Silence detected, stopping recording...
2025-11-19 23:58:54,425 - VoiceAssistant - INFO - info:50 - Silence detected, processing...
2025-11-19 23:58:54,427 - VoiceAssistant - INFO - info:50 - Saved audio: files/Artur Recordings/20251119_235851_820.wav (2.4s, 213036 bytes)
2025-11-19 23:58:54,533 - VoiceAssistant - INFO - info:50 - Transcribing audio...
2025-11-19 23:58:54,533 - VoiceAssistant - INFO - info:50 - Transcribing: files/Artur Recordings/20251119_235850_500.wav (3.0s)
2025-11-19 23:58:54,535 - VoiceAssistant - INFO - info:50 - Transcribing: files/Artur Recordings/20251119_235851_784.wav (2.5s)
2025-11-19 23:58:54,552 - VoiceAssistant - INFO - info:50 - Transcribing audio...
2025-11-19 23:58:54,553 - VoiceAssistant - INFO - info:50 - Transcribing: files/Artur Recordings/20251119_235851_820.wav (2.4s)
2025-11-19 23:58:55,436 - VoiceAssistant - INFO - info:50 - Transcription complete: '1, 2, 3, 4' (0.90s)
2025-11-19 23:58:55,437 - VoiceAssistant - INFO - info:50 - Saved transcription: files/Artur Recordings/20251119_235851_784.json
2025-11-19 23:58:55,438 - VoiceAssistant - INFO - info:50 - Text preprocessed: '1, 2, 3, 4.'
2025-11-19 23:58:55,439 - VoiceAssistant - INFO - info:50 - Transcription complete: '1, 2, 3, 4.' (0.91s)
2025-11-19 23:58:55,439 - VoiceAssistant - INFO - info:50 - Saved transcription: files/Artur Recordings/20251119_235850_500.json
2025-11-19 23:58:55,440 - VoiceAssistant - INFO - info:50 - Transcription: '1, 2, 3, 4.'
2025-11-19 23:58:55,440 - VoiceAssistant - INFO - info:50 - Preprocessing text...
2025-11-19 23:58:55,440 - VoiceAssistant - INFO - info:50 - Text preprocessed: '1, 2, 3, 4.'
2025-11-19 23:58:55,440 - VoiceAssistant - INFO - info:50 - Processing as dictation: '1, 2, 3, 4.'
2025-11-19 23:58:55,443 - VoiceAssistant - INFO - info:50 - Auto-pasting transcription...
2025-11-19 23:58:55,450 - VoiceAssistant - INFO - info:50 - Transcription complete: '1, 2, 3, 4' (0.90s)
2025-11-19 23:58:55,450 - VoiceAssistant - INFO - info:50 - Saved transcription: files/Artur Recordings/20251119_235851_820.json
2025-11-19 23:58:55,451 - VoiceAssistant - INFO - info:50 - Transcription: '1, 2, 3, 4'
2025-11-19 23:58:55,451 - VoiceAssistant - INFO - info:50 - Preprocessing text...
2025-11-19 23:58:55,451 - VoiceAssistant - INFO - info:50 - Text preprocessed: '1, 2, 3, 4.'
2025-11-19 23:58:55,451 - VoiceAssistant - INFO - info:50 - Processing as dictation: '1, 2, 3, 4.'
2025-11-19 23:58:55,454 - VoiceAssistant - INFO - info:50 - Auto-pasting transcription...
2025-11-19 23:58:56,213 - VoiceAssistant - INFO - info:50 - Successfully pasted: '1, 2, 3, 4.'
2025-11-19 23:58:56,213 - VoiceAssistant - INFO - info:50 - Successfully pasted: '1, 2, 3, 4.'
2025-11-19 23:58:56,214 - VoiceAssistant - INFO - info:50 - Listening for audio...
2025-11-19 23:58:56,226 - VoiceAssistant - INFO - info:50 - Successfully pasted: '1, 2, 3, 4.'
2025-11-19 23:58:56,227 - VoiceAssistant - INFO - info:50 - Listening for audio...
2025-11-19 23:58:56,422 - VoiceAssistant - INFO - info:50 - Starting audio recording (waiting for sound...)
2025-11-19 23:58:56,443 - VoiceAssistant - INFO - info:50 - Starting audio recording (waiting for sound...)
2025-11-19 23:58:56,467 - VoiceAssistant - INFO - info:50 - Starting audio recording (waiting for sound...)
2025-11-19 23:58:58,024 - VoiceAssistant - INFO - info:50 - Sound detected! Recording...
2025-11-19 23:58:58,025 - VoiceAssistant - INFO - info:50 - Speech detected!
2025-11-19 23:58:58,045 - VoiceAssistant - INFO - info:50 - Sound detected! Recording...
2025-11-19 23:58:58,045 - VoiceAssistant - INFO - info:50 - Sound detected! Recording...
2025-11-19 23:58:58,046 - VoiceAssistant - INFO - info:50 - Speech detected!
2025-11-19 23:58:59,516 - VoiceAssistant - INFO - info:50 - Silence detected, stopping recording...
2025-11-19 23:58:59,516 - VoiceAssistant - INFO - info:50 - Silence detected, stopping recording...
2025-11-19 23:58:59,517 - VoiceAssistant - INFO - info:50 - Silence detected, stopping recording...
2025-11-19 23:58:59,517 - VoiceAssistant - INFO - info:50 - Silence detected, processing...
2025-11-19 23:58:59,517 - VoiceAssistant - INFO - info:50 - Silence detected, processing...
2025-11-19 23:58:59,518 - VoiceAssistant - INFO - info:50 - Saved audio: files/Artur Recordings/20251119_235856_214.wav (2.5s, 219180 bytes)
2025-11-19 23:58:59,518 - VoiceAssistant - INFO - info:50 - Saved audio: files/Artur Recordings/20251119_235856_227.wav (2.5s, 219180 bytes)
2025-11-19 23:58:59,518 - VoiceAssistant - INFO - info:50 - Saved audio: files/Artur Recordings/20251119_235856_214.wav (2.5s, 219180 bytes)
2025-11-19 23:58:59,636 - VoiceAssistant - INFO - info:50 - Transcribing: files/Artur Recordings/20251119_235856_214.wav (2.5s)
2025-11-19 23:58:59,636 - VoiceAssistant - INFO - info:50 - Transcribing audio...
2025-11-19 23:58:59,636 - VoiceAssistant - INFO - info:50 - Transcribing audio...
2025-11-19 23:58:59,636 - VoiceAssistant - INFO - info:50 - Transcribing: files/Artur Recordings/20251119_235856_227.wav (2.5s)
2025-11-19 23:58:59,636 - VoiceAssistant - INFO - info:50 - Transcribing: files/Artur Recordings/20251119_235856_214.wav (2.5s)
2025-11-19 23:59:00,874 - VoiceAssistant - INFO - info:50 - Transcription complete: '2-4' (1.24s)
2025-11-19 23:59:00,875 - VoiceAssistant - INFO - info:50 - Saved transcription: files/Artur Recordings/20251119_235856_214.json
2025-11-19 23:59:00,876 - VoiceAssistant - INFO - info:50 - Text preprocessed: '2-4.'
2025-11-19 23:59:01,651 - VoiceAssistant - INFO - info:50 - Successfully pasted: '2-4.'
2025-11-19 23:59:01,792 - VoiceAssistant - INFO - info:50 - Starting audio recording (waiting for sound...)
2025-11-19 23:59:02,046 - VoiceAssistant - INFO - info:50 - Transcription complete: '2x4' (2.41s)
2025-11-19 23:59:02,047 - VoiceAssistant - INFO - info:50 - Saved transcription: files/Artur Recordings/20251119_235856_214.json
2025-11-19 23:59:02,047 - VoiceAssistant - INFO - info:50 - Transcription: '2x4'
2025-11-19 23:59:02,047 - VoiceAssistant - INFO - info:50 - Preprocessing text...
2025-11-19 23:59:02,048 - VoiceAssistant - INFO - info:50 - Text preprocessed: '2x4.'
2025-11-19 23:59:02,048 - VoiceAssistant - INFO - info:50 - Processing as dictation: '2x4.'
2025-11-19 23:59:02,049 - VoiceAssistant - INFO - info:50 - Auto-pasting transcription...
2025-11-19 23:59:02,143 - VoiceAssistant - INFO - info:50 - Transcription complete: '2x4' (2.51s)
2025-11-19 23:59:02,144 - VoiceAssistant - INFO - info:50 - Saved transcription: files/Artur Recordings/20251119_235856_227.json
2025-11-19 23:59:02,145 - VoiceAssistant - INFO - info:50 - Transcription: '2x4'
2025-11-19 23:59:02,145 - VoiceAssistant - INFO - info:50 - Preprocessing text...
2025-11-19 23:59:02,145 - VoiceAssistant - INFO - info:50 - Text preprocessed: '2x4.'
2025-11-19 23:59:02,145 - VoiceAssistant - INFO - info:50 - Processing as dictation: '2x4.'
2025-11-19 23:59:02,147 - VoiceAssistant - INFO - info:50 - Auto-pasting transcription...
2025-11-19 23:59:02,823 - VoiceAssistant - INFO - info:50 - Successfully pasted: '2x4.'
2025-11-19 23:59:02,824 - VoiceAssistant - INFO - info:50 - Listening for audio...
2025-11-19 23:59:02,914 - VoiceAssistant - INFO - info:50 - Successfully pasted: '2x4.'
2025-11-19 23:59:02,915 - VoiceAssistant - INFO - info:50 - Listening for audio...
2025-11-19 23:59:02,920 - VoiceAssistant - INFO - info:50 - Starting audio recording (waiting for sound...)
2025-11-19 23:59:03,010 - VoiceAssistant - INFO - info:50 - Starting audio recording (waiting for sound...)
2025-11-19 23:59:04,353 - VoiceAssistant - INFO - info:50 - Sound detected! Recording...
2025-11-19 23:59:04,375 - VoiceAssistant - INFO - info:50 - Sound detected! Recording...
2025-11-19 23:59:04,375 - VoiceAssistant - INFO - info:50 - Sound detected! Recording...
2025-11-19 23:59:04,375 - VoiceAssistant - INFO - info:50 - Speech detected!
2025-11-19 23:59:04,375 - VoiceAssistant - INFO - info:50 - Speech detected!
2025-11-19 23:59:05,357 - VoiceAssistant - INFO - info:50 - Silence detected, stopping recording...
2025-11-19 23:59:05,358 - VoiceAssistant - INFO - info:50 - Silence detected, processing...
2025-11-19 23:59:05,360 - VoiceAssistant - INFO - info:50 - Saved audio: files/Artur Recordings/20251119_235902_914.wav (2.0s, 176172 bytes)
2025-11-19 23:59:05,374 - VoiceAssistant - INFO - info:50 - Silence detected, stopping recording...
2025-11-19 23:59:05,374 - VoiceAssistant - INFO - info:50 - Silence detected, processing...
2025-11-19 23:59:05,375 - VoiceAssistant - INFO - info:50 - Saved audio: files/Artur Recordings/20251119_235902_823.wav (2.0s, 176172 bytes)
2025-11-19 23:59:05,379 - VoiceAssistant - INFO - info:50 - Silence detected, stopping recording...
2025-11-19 23:59:05,380 - VoiceAssistant - INFO - info:50 - Saved audio: files/Artur Recordings/20251119_235901_652.wav (2.0s, 178220 bytes)
2025-11-19 23:59:05,475 - VoiceAssistant - INFO - info:50 - Transcribing audio...
2025-11-19 23:59:05,476 - VoiceAssistant - INFO - info:50 - Transcribing: files/Artur Recordings/20251119_235902_914.wav (2.0s)
2025-11-19 23:59:05,489 - VoiceAssistant - INFO - info:50 - Transcribing audio...
2025-11-19 23:59:05,490 - VoiceAssistant - INFO - info:50 - Transcribing: files/Artur Recordings/20251119_235902_823.wav (2.0s)
2025-11-19 23:59:05,495 - VoiceAssistant - INFO - info:50 - Transcribing: files/Artur Recordings/20251119_235901_652.wav (2.0s)
2025-11-19 23:59:06,309 - VoiceAssistant - INFO - info:50 - No transcription found (empty audio)
2025-11-19 23:59:06,309 - VoiceAssistant - WARNING - warning:54 - Transcription failed
2025-11-19 23:59:06,309 - VoiceAssistant - INFO - info:50 - Listening for audio...
2025-11-19 23:59:06,310 - VoiceAssistant - INFO - info:50 - No transcription found (empty audio)
2025-11-19 23:59:06,321 - VoiceAssistant - INFO - info:50 - No transcription found (empty audio)
2025-11-19 23:59:06,321 - VoiceAssistant - WARNING - warning:54 - Transcription failed
2025-11-19 23:59:06,321 - VoiceAssistant - INFO - info:50 - Listening for audio...
2025-11-19 23:59:06,570 - VoiceAssistant - INFO - info:50 - Starting audio recording (waiting for sound...)
2025-11-19 23:59:06,591 - VoiceAssistant - INFO - info:50 - Starting audio recording (waiting for sound...)
2025-11-19 23:59:06,616 - VoiceAssistant - INFO - info:50 - Starting audio recording (waiting for sound...)
2025-11-19 23:59:11,587 - VoiceAssistant - WARNING - warning:54 - Max silence timeout reached during wait phase
2025-11-19 23:59:11,608 - VoiceAssistant - WARNING - warning:54 - Max silence timeout reached during wait phase
2025-11-19 23:59:11,631 - VoiceAssistant - WARNING - warning:54 - Max silence timeout reached during wait phase
2025-11-19 23:59:11,703 - VoiceAssistant - WARNING - warning:54 - Recording failed or was cancelled
2025-11-19 23:59:11,703 - VoiceAssistant - INFO - info:50 - Listening for audio...
2025-11-19 23:59:11,747 - VoiceAssistant - WARNING - warning:54 - Recording failed or was cancelled
2025-11-19 23:59:11,747 - VoiceAssistant - INFO - info:50 - Listening for audio...
2025-11-19 23:59:11,883 - VoiceAssistant - INFO - info:50 - Starting audio recording (waiting for sound...)
2025-11-19 23:59:11,906 - VoiceAssistant - INFO - info:50 - Starting audio recording (waiting for sound...)
2025-11-19 23:59:11,949 - VoiceAssistant - INFO - info:50 - Starting audio recording (waiting for sound...)
2025-11-19 23:59:16,897 - VoiceAssistant - WARNING - warning:54 - Max silence timeout reached during wait phase
2025-11-19 23:59:16,919 - VoiceAssistant - WARNING - warning:54 - Max silence timeout reached during wait phase
2025-11-19 23:59:16,963 - VoiceAssistant - WARNING - warning:54 - Max silence timeout reached during wait phase
2025-11-19 23:59:17,012 - VoiceAssistant - WARNING - warning:54 - Recording failed or was cancelled
2025-11-19 23:59:17,012 - VoiceAssistant - INFO - info:50 - Listening for audio...
2025-11-19 23:59:17,078 - VoiceAssistant - WARNING - warning:54 - Recording failed or was cancelled
2025-11-19 23:59:17,078 - VoiceAssistant - INFO - info:50 - Listening for audio...
2025-11-19 23:59:17,176 - VoiceAssistant - INFO - info:50 - Starting audio recording (waiting for sound...)
2025-11-19 23:59:17,217 - VoiceAssistant - INFO - info:50 - Starting audio recording (waiting for sound...)
2025-11-19 23:59:17,260 - VoiceAssistant - INFO - info:50 - Starting audio recording (waiting for sound...)
2025-11-19 23:59:19,247 - VoiceAssistant - INFO - info:50 - Sound detected! Recording...
2025-11-19 23:59:19,247 - VoiceAssistant - INFO - info:50 - Sound detected! Recording...
2025-11-19 23:59:19,247 - VoiceAssistant - INFO - info:50 - Sound detected! Recording...
2025-11-19 23:59:19,247 - VoiceAssistant - INFO - info:50 - Speech detected!
2025-11-19 23:59:19,247 - VoiceAssistant - INFO - info:50 - Speech detected!
2025-11-19 23:59:20,250 - VoiceAssistant - INFO - info:50 - Silence detected, stopping recording...
2025-11-19 23:59:20,250 - VoiceAssistant - INFO - info:50 - Silence detected, stopping recording...
2025-11-19 23:59:20,250 - VoiceAssistant - INFO - info:50 - Silence detected, stopping recording...
2025-11-19 23:59:20,251 - VoiceAssistant - INFO - info:50 - Silence detected, processing...
2025-11-19 23:59:20,251 - VoiceAssistant - INFO - info:50 - Silence detected, processing...
2025-11-19 23:59:20,251 - VoiceAssistant - INFO - info:50 - Saved audio: files/Artur Recordings/20251119_235917_078.wav (2.0s, 176172 bytes)
2025-11-19 23:59:20,251 - VoiceAssistant - INFO - info:50 - Saved audio: files/Artur Recordings/20251119_235917_033.wav (2.0s, 176172 bytes)
2025-11-19 23:59:20,251 - VoiceAssistant - INFO - info:50 - Saved audio: files/Artur Recordings/20251119_235917_012.wav (2.0s, 176172 bytes)
2025-11-19 23:59:20,368 - VoiceAssistant - INFO - info:50 - Transcribing audio...
2025-11-19 23:59:20,368 - VoiceAssistant - INFO - info:50 - Transcribing audio...
2025-11-19 23:59:20,368 - VoiceAssistant - INFO - info:50 - Transcribing: files/Artur Recordings/20251119_235917_012.wav (2.0s)
2025-11-19 23:59:20,368 - VoiceAssistant - INFO - info:50 - Transcribing: files/Artur Recordings/20251119_235917_078.wav (2.0s)
2025-11-19 23:59:20,369 - VoiceAssistant - INFO - info:50 - Transcribing: files/Artur Recordings/20251119_235917_033.wav (2.0s)
2025-11-19 23:59:21,078 - VoiceAssistant - INFO - info:50 - No transcription found (empty audio)
2025-11-19 23:59:21,079 - VoiceAssistant - INFO - info:50 - No transcription found (empty audio)
2025-11-19 23:59:21,079 - VoiceAssistant - WARNING - warning:54 - Transcription failed
2025-11-19 23:59:21,079 - VoiceAssistant - INFO - info:50 - Listening for audio...
2025-11-19 23:59:21,088 - VoiceAssistant - INFO - info:50 - No transcription found (empty audio)
2025-11-19 23:59:21,088 - VoiceAssistant - WARNING - warning:54 - Transcription failed
2025-11-19 23:59:21,089 - VoiceAssistant - INFO - info:50 - Listening for audio...
2025-11-19 23:59:21,324 - VoiceAssistant - INFO - info:50 - Starting audio recording (waiting for sound...)
2025-11-19 23:59:21,346 - VoiceAssistant - INFO - info:50 - Starting audio recording (waiting for sound...)
2025-11-19 23:59:21,369 - VoiceAssistant - INFO - info:50 - Starting audio recording (waiting for sound...)
2025-11-19 23:59:26,339 - VoiceAssistant - WARNING - warning:54 - Max silence timeout reached during wait phase
2025-11-19 23:59:26,360 - VoiceAssistant - WARNING - warning:54 - Max silence timeout reached during wait phase
2025-11-19 23:59:26,381 - VoiceAssistant - WARNING - warning:54 - Max silence timeout reached during wait phase
2025-11-19 23:59:26,474 - VoiceAssistant - WARNING - warning:54 - Recording failed or was cancelled
2025-11-19 23:59:26,474 - VoiceAssistant - INFO - info:50 - Listening for audio...
2025-11-19 23:59:26,497 - VoiceAssistant - WARNING - warning:54 - Recording failed or was cancelled
2025-11-19 23:59:26,497 - VoiceAssistant - INFO - info:50 - Listening for audio...
2025-11-19 23:59:26,855 - VoiceAssistant - INFO - info:50 - Starting audio recording (waiting for sound...)
2025-11-19 23:59:26,855 - VoiceAssistant - INFO - info:50 - Starting audio recording (waiting for sound...)
2025-11-19 23:59:26,856 - VoiceAssistant - INFO - info:50 - Starting audio recording (waiting for sound...)
2025-11-19 23:59:31,869 - VoiceAssistant - WARNING - warning:54 - Max silence timeout reached during wait phase
2025-11-19 23:59:31,871 - VoiceAssistant - WARNING - warning:54 - Max silence timeout reached during wait phase
2025-11-19 23:59:31,871 - VoiceAssistant - WARNING - warning:54 - Max silence timeout reached during wait phase
2025-11-19 23:59:31,984 - VoiceAssistant - WARNING - warning:54 - Recording failed or was cancelled
2025-11-19 23:59:31,985 - VoiceAssistant - INFO - info:50 - Listening for audio...
2025-11-19 23:59:31,997 - VoiceAssistant - WARNING - warning:54 - Recording failed or was cancelled
2025-11-19 23:59:31,997 - VoiceAssistant - INFO - info:50 - Listening for audio...
2025-11-19 23:59:32,439 - VoiceAssistant - INFO - info:50 - Starting audio recording (waiting for sound...)
2025-11-19 23:59:32,439 - VoiceAssistant - INFO - info:50 - Starting audio recording (waiting for sound...)
2025-11-19 23:59:32,439 - VoiceAssistant - INFO - info:50 - Starting audio recording (waiting for sound...)
2025-11-19 23:59:37,452 - VoiceAssistant - WARNING - warning:54 - Max silence timeout reached during wait phase
2025-11-19 23:59:37,452 - VoiceAssistant - WARNING - warning:54 - Max silence timeout reached during wait phase
2025-11-19 23:59:37,452 - VoiceAssistant - WARNING - warning:54 - Max silence timeout reached during wait phase
2025-11-19 23:59:37,569 - VoiceAssistant - WARNING - warning:54 - Recording failed or was cancelled
2025-11-19 23:59:37,569 - VoiceAssistant - WARNING - warning:54 - Recording failed or was cancelled
2025-11-19 23:59:37,569 - VoiceAssistant - INFO - info:50 - Listening for audio...
2025-11-19 23:59:37,569 - VoiceAssistant - INFO - info:50 - Listening for audio...
2025-11-19 23:59:38,026 - VoiceAssistant - INFO - info:50 - Starting audio recording (waiting for sound...)
2025-11-19 23:59:38,027 - VoiceAssistant - INFO - info:50 - Starting audio recording (waiting for sound...)
2025-11-19 23:59:38,027 - VoiceAssistant - INFO - info:50 - Starting audio recording (waiting for sound...)
2025-11-19 23:59:43,040 - VoiceAssistant - WARNING - warning:54 - Max silence timeout reached during wait phase
2025-11-19 23:59:43,041 - VoiceAssistant - WARNING - warning:54 - Max silence timeout reached during wait phase
2025-11-19 23:59:43,041 - VoiceAssistant - WARNING - warning:54 - Max silence timeout reached during wait phase
2025-11-19 23:59:43,156 - VoiceAssistant - WARNING - warning:54 - Recording failed or was cancelled
2025-11-19 23:59:43,156 - VoiceAssistant - INFO - info:50 - Listening for audio...
2025-11-19 23:59:43,157 - VoiceAssistant - WARNING - warning:54 - Recording failed or was cancelled
2025-11-19 23:59:43,157 - VoiceAssistant - INFO - info:50 - Listening for audio...
2025-11-19 23:59:43,610 - VoiceAssistant - INFO - info:50 - Starting audio recording (waiting for sound...)
2025-11-19 23:59:43,610 - VoiceAssistant - INFO - info:50 - Starting audio recording (waiting for sound...)
2025-11-19 23:59:43,610 - VoiceAssistant - INFO - info:50 - Starting audio recording (waiting for sound...)
2025-11-19 23:59:48,626 - VoiceAssistant - WARNING - warning:54 - Max silence timeout reached during wait phase
2025-11-19 23:59:48,626 - VoiceAssistant - WARNING - warning:54 - Max silence timeout reached during wait phase
2025-11-19 23:59:48,626 - VoiceAssistant - WARNING - warning:54 - Max silence timeout reached during wait phase
2025-11-19 23:59:48,743 - VoiceAssistant - WARNING - warning:54 - Recording failed or was cancelled
2025-11-19 23:59:48,743 - VoiceAssistant - WARNING - warning:54 - Recording failed or was cancelled
2025-11-19 23:59:48,743 - VoiceAssistant - INFO - info:50 - Listening for audio...
2025-11-19 23:59:48,743 - VoiceAssistant - INFO - info:50 - Listening for audio...
2025-11-19 23:59:49,197 - VoiceAssistant - INFO - info:50 - Starting audio recording (waiting for sound...)
2025-11-19 23:59:49,197 - VoiceAssistant - INFO - info:50 - Starting audio recording (waiting for sound...)
2025-11-19 23:59:49,197 - VoiceAssistant - INFO - info:50 - Starting audio recording (waiting for sound...)
2025-11-19 23:59:54,208 - VoiceAssistant - WARNING - warning:54 - Max silence timeout reached during wait phase
2025-11-19 23:59:54,211 - VoiceAssistant - WARNING - warning:54 - Max silence timeout reached during wait phase
2025-11-19 23:59:54,211 - VoiceAssistant - WARNING - warning:54 - Max silence timeout reached during wait phase
2025-11-19 23:59:54,325 - VoiceAssistant - WARNING - warning:54 - Recording failed or was cancelled
2025-11-19 23:59:54,326 - VoiceAssistant - INFO - info:50 - Listening for audio...
2025-11-19 23:59:54,337 - VoiceAssistant - WARNING - warning:54 - Recording failed or was cancelled
2025-11-19 23:59:54,338 - VoiceAssistant - INFO - info:50 - Listening for audio...
2025-11-19 23:59:54,783 - VoiceAssistant - INFO - info:50 - Starting audio recording (waiting for sound...)
2025-11-19 23:59:54,784 - VoiceAssistant - INFO - info:50 - Starting audio recording (waiting for sound...)
2025-11-19 23:59:54,784 - VoiceAssistant - INFO - info:50 - Starting audio recording (waiting for sound...)
2025-11-19 23:59:59,798 - VoiceAssistant - WARNING - warning:54 - Max silence timeout reached during wait phase
2025-11-19 23:59:59,798 - VoiceAssistant - WARNING - warning:54 - Max silence timeout reached during wait phase
2025-11-19 23:59:59,798 - VoiceAssistant - WARNING - warning:54 - Max silence timeout reached during wait phase
2025-11-19 23:59:59,927 - VoiceAssistant - WARNING - warning:54 - Recording failed or was cancelled
2025-11-19 23:59:59,927 - VoiceAssistant - WARNING - warning:54 - Recording failed or was cancelled
2025-11-19 23:59:59,927 - VoiceAssistant - INFO - info:50 - Listening for audio...
2025-11-19 23:59:59,927 - VoiceAssistant - INFO - info:50 - Listening for audio...
2025-11-20 00:00:00,456 - VoiceAssistant - INFO - info:50 - Starting audio recording (waiting for sound...)
2025-11-20 00:00:00,456 - VoiceAssistant - INFO - info:50 - Starting audio recording (waiting for sound...)
2025-11-20 00:00:00,456 - VoiceAssistant - INFO - info:50 - Starting audio recording (waiting for sound...)
2025-11-20 00:00:05,470 - VoiceAssistant - WARNING - warning:54 - Max silence timeout reached during wait phase
2025-11-20 00:00:05,470 - VoiceAssistant - WARNING - warning:54 - Max silence timeout reached during wait phase
2025-11-20 00:00:05,470 - VoiceAssistant - WARNING - warning:54 - Max silence timeout reached during wait phase
2025-11-20 00:00:05,588 - VoiceAssistant - WARNING - warning:54 - Recording failed or was cancelled
2025-11-20 00:00:05,588 - VoiceAssistant - WARNING - warning:54 - Recording failed or was cancelled
2025-11-20 00:00:05,588 - VoiceAssistant - INFO - info:50 - Listening for audio...
2025-11-20 00:00:05,588 - VoiceAssistant - INFO - info:50 - Listening for audio...
2025-11-20 00:00:06,054 - VoiceAssistant - INFO - info:50 - Starting audio recording (waiting for sound...)
2025-11-20 00:00:06,055 - VoiceAssistant - INFO - info:50 - Starting audio recording (waiting for sound...)
2025-11-20 00:00:06,055 - VoiceAssistant - INFO - info:50 - Starting audio recording (waiting for sound...)
2025-11-20 00:00:08,871 - VoiceAssistant - INFO - info:50 - Recording interrupted by user
2025-11-20 00:00:11,070 - VoiceAssistant - WARNING - warning:54 - Max silence timeout reached during wait phase
2025-11-20 00:00:11,071 - VoiceAssistant - WARNING - warning:54 - Max silence timeout reached during wait phase
2025-11-20 00:00:11,196 - VoiceAssistant - WARNING - warning:54 - Recording failed or was cancelled
2025-11-20 00:00:11,196 - VoiceAssistant - INFO - info:50 - Listening for audio...
2025-11-20 00:00:11,571 - VoiceAssistant - INFO - info:50 - Starting audio recording (waiting for sound...)
2025-11-20 00:00:11,571 - VoiceAssistant - INFO - info:50 - Starting audio recording (waiting for sound...)
2025-11-20 00:00:16,588 - VoiceAssistant - WARNING - warning:54 - Max silence timeout reached during wait phase
2025-11-20 00:00:16,588 - VoiceAssistant - WARNING - warning:54 - Max silence timeout reached during wait phase
2025-11-20 00:00:16,706 - VoiceAssistant - WARNING - warning:54 - Recording failed or was cancelled
2025-11-20 00:00:16,706 - VoiceAssistant - INFO - info:50 - Listening for audio...
2025-11-20 00:00:16,917 - VoiceAssistant - INFO - info:50 - Starting audio recording (waiting for sound...)
2025-11-20 00:00:16,937 - VoiceAssistant - INFO - info:50 - Starting audio recording (waiting for sound...)
2025-11-20 00:00:21,933 - VoiceAssistant - WARNING - warning:54 - Max silence timeout reached during wait phase
2025-11-20 00:00:21,951 - VoiceAssistant - WARNING - warning:54 - Max silence timeout reached during wait phase
2025-11-20 00:00:22,050 - VoiceAssistant - WARNING - warning:54 - Recording failed or was cancelled
2025-11-20 00:00:22,050 - VoiceAssistant - INFO - info:50 - Listening for audio...
2025-11-20 00:00:22,234 - VoiceAssistant - INFO - info:50 - Starting audio recording (waiting for sound...)
2025-11-20 00:00:22,255 - VoiceAssistant - INFO - info:50 - Starting audio recording (waiting for sound...)
2025-11-20 00:00:24,733 - VoiceAssistant - INFO - info:50 - Sound detected! Recording...
2025-11-20 00:00:24,733 - VoiceAssistant - INFO - info:50 - Sound detected! Recording...
2025-11-20 00:00:24,733 - VoiceAssistant - INFO - info:50 - Speech detected!
2025-11-20 00:00:26,758 - VoiceAssistant - INFO - info:50 - Silence detected, stopping recording...
2025-11-20 00:00:26,759 - VoiceAssistant - INFO - info:50 - Saved audio: files/Artur Recordings/20251120_000022_066.wav (3.0s, 266284 bytes)
2025-11-20 00:00:26,761 - VoiceAssistant - INFO - info:50 - Silence detected, stopping recording...
2025-11-20 00:00:26,762 - VoiceAssistant - INFO - info:50 - Silence detected, processing...
2025-11-20 00:00:26,763 - VoiceAssistant - INFO - info:50 - Saved audio: files/Artur Recordings/20251120_000022_050.wav (3.0s, 266284 bytes)
2025-11-20 00:00:26,875 - VoiceAssistant - INFO - info:50 - Transcribing: files/Artur Recordings/20251120_000022_066.wav (3.0s)
2025-11-20 00:00:26,888 - VoiceAssistant - INFO - info:50 - Transcribing audio...
2025-11-20 00:00:26,888 - VoiceAssistant - INFO - info:50 - Transcribing: files/Artur Recordings/20251120_000022_050.wav (3.0s)
2025-11-20 00:00:27,736 - VoiceAssistant - INFO - info:50 - Transcription complete: '1, 2, 3, 4.' (0.86s)
2025-11-20 00:00:27,737 - VoiceAssistant - INFO - info:50 - Saved transcription: files/Artur Recordings/20251120_000022_066.json
2025-11-20 00:00:27,738 - VoiceAssistant - INFO - info:50 - Text preprocessed: '1, 2, 3, 4.'
2025-11-20 00:00:27,754 - VoiceAssistant - INFO - info:50 - Transcription complete: '1, 2, 3, 4.' (0.87s)
2025-11-20 00:00:27,755 - VoiceAssistant - INFO - info:50 - Saved transcription: files/Artur Recordings/20251120_000022_050.json
2025-11-20 00:00:27,755 - VoiceAssistant - INFO - info:50 - Transcription: '1, 2, 3, 4.'
2025-11-20 00:00:27,755 - VoiceAssistant - INFO - info:50 - Preprocessing text...
2025-11-20 00:00:27,755 - VoiceAssistant - INFO - info:50 - Text preprocessed: '1, 2, 3, 4.'
2025-11-20 00:00:27,756 - VoiceAssistant - INFO - info:50 - Processing as dictation: '1, 2, 3, 4.'
2025-11-20 00:00:27,759 - VoiceAssistant - INFO - info:50 - Auto-pasting transcription...
2025-11-20 00:00:28,509 - VoiceAssistant - INFO - info:50 - Successfully pasted: '1, 2, 3, 4.'
2025-11-20 00:00:28,532 - VoiceAssistant - INFO - info:50 - Successfully pasted: '1, 2, 3, 4.'
2025-11-20 00:00:28,532 - VoiceAssistant - INFO - info:50 - Listening for audio...
2025-11-20 00:00:28,662 - VoiceAssistant - INFO - info:50 - Starting audio recording (waiting for sound...)
2025-11-20 00:00:28,685 - VoiceAssistant - INFO - info:50 - Starting audio recording (waiting for sound...)
2025-11-20 00:00:33,675 - VoiceAssistant - WARNING - warning:54 - Max silence timeout reached during wait phase
2025-11-20 00:00:33,701 - VoiceAssistant - WARNING - warning:54 - Max silence timeout reached during wait phase
2025-11-20 00:00:33,816 - VoiceAssistant - WARNING - warning:54 - Recording failed or was cancelled
2025-11-20 00:00:33,816 - VoiceAssistant - INFO - info:50 - Listening for audio...
2025-11-20 00:00:34,002 - VoiceAssistant - INFO - info:50 - Starting audio recording (waiting for sound...)
2025-11-20 00:00:34,035 - VoiceAssistant - INFO - info:50 - Starting audio recording (waiting for sound...)
2025-11-20 00:00:35,978 - VoiceAssistant - INFO - info:50 - Sound detected! Recording...
2025-11-20 00:00:35,979 - VoiceAssistant - INFO - info:50 - Speech detected!
2025-11-20 00:00:35,990 - VoiceAssistant - INFO - info:50 - Sound detected! Recording...
2025-11-20 00:00:48,746 - VoiceAssistant - INFO - info:50 - Silence detected, stopping recording...
2025-11-20 00:00:48,748 - VoiceAssistant - INFO - info:50 - Saved audio: files/Artur Recordings/20251120_000033_790.wav (13.7s, 1212460 bytes)
2025-11-20 00:00:48,757 - VoiceAssistant - INFO - info:50 - Silence detected, stopping recording...
2025-11-20 00:00:48,757 - VoiceAssistant - INFO - info:50 - Silence detected, processing...
2025-11-20 00:00:48,760 - VoiceAssistant - INFO - info:50 - Saved audio: files/Artur Recordings/20251120_000033_816.wav (13.8s, 1214508 bytes)
2025-11-20 00:00:48,864 - VoiceAssistant - INFO - info:50 - Transcribing: files/Artur Recordings/20251120_000033_790.wav (13.7s)
2025-11-20 00:00:48,886 - VoiceAssistant - INFO - info:50 - Transcribing audio...
2025-11-20 00:00:48,887 - VoiceAssistant - INFO - info:50 - Transcribing: files/Artur Recordings/20251120_000033_816.wav (13.8s)
2025-11-20 00:00:50,057 - VoiceAssistant - INFO - info:50 - Transcription complete: 'It's still not having the on the left side of the logs the time since last command.  This is a crucial moment.  Second since last command.' (1.17s)
2025-11-20 00:00:50,058 - VoiceAssistant - INFO - info:50 - Saved transcription: files/Artur Recordings/20251120_000033_816.json
2025-11-20 00:00:50,058 - VoiceAssistant - INFO - info:50 - Transcription: 'It's still not having the on the left side of the logs the time since last command.  This is a crucial moment.  Second since last command.'
2025-11-20 00:00:50,058 - VoiceAssistant - INFO - info:50 - Preprocessing text...
2025-11-20 00:00:50,058 - VoiceAssistant - INFO - info:50 - Text preprocessed: 'It's still not having the on the left side of the logs the time since last command.  This is a crucial moment.  Second since last command.'
2025-11-20 00:00:50,059 - VoiceAssistant - INFO - info:50 - Processing as dictation: 'It's still not having the on the left side of the logs the time since last command.  This is a crucial moment.  Second since last command.'
2025-11-20 00:00:50,073 - VoiceAssistant - INFO - info:50 - Transcription complete: 'It's still not having the on the left side of the logs.  The time since last command.  This is a crucial moment.  Second since last command.' (1.21s)
2025-11-20 00:00:50,074 - VoiceAssistant - INFO - info:50 - Saved transcription: files/Artur Recordings/20251120_000033_790.json
2025-11-20 00:00:50,074 - VoiceAssistant - INFO - info:50 - Text preprocessed: 'It's still not having the on the left side of the logs.  The time since last command.  This is a crucial moment.  Second since last command.'
2025-11-20 00:00:50,093 - VoiceAssistant - INFO - info:50 - Auto-pasting transcription...
2025-11-20 00:00:50,863 - VoiceAssistant - INFO - info:50 - Successfully pasted: 'It's still not having the on the left side of the logs the time since last command.  This is a crucial moment.  Second since last command.'
2025-11-20 00:00:50,863 - VoiceAssistant - INFO - info:50 - Listening for audio...
2025-11-20 00:00:50,887 - VoiceAssistant - INFO - info:50 - Successfully pasted: 'It's still not having the on the left side of the logs.  The time since last command.  This is a crucial moment.  Second since last command.'
2025-11-20 00:00:51,048 - VoiceAssistant - INFO - info:50 - Starting audio recording (waiting for sound...)
2025-11-20 00:00:51,108 - VoiceAssistant - INFO - info:50 - Starting audio recording (waiting for sound...)
2025-11-20 00:00:56,061 - VoiceAssistant - WARNING - warning:54 - Max silence timeout reached during wait phase
2025-11-20 00:00:56,122 - VoiceAssistant - WARNING - warning:54 - Max silence timeout reached during wait phase
2025-11-20 00:00:56,176 - VoiceAssistant - WARNING - warning:54 - Recording failed or was cancelled
2025-11-20 00:00:56,177 - VoiceAssistant - INFO - info:50 - Listening for audio...
2025-11-20 00:00:56,287 - VoiceAssistant - INFO - info:50 - Starting audio recording (waiting for sound...)
2025-11-20 00:00:56,402 - VoiceAssistant - INFO - info:50 - Starting audio recording (waiting for sound...)
2025-11-20 00:01:01,300 - VoiceAssistant - WARNING - warning:54 - Max silence timeout reached during wait phase
2025-11-20 00:01:01,416 - VoiceAssistant - WARNING - warning:54 - Recording failed or was cancelled
2025-11-20 00:01:01,416 - VoiceAssistant - INFO - info:50 - Listening for audio...
2025-11-20 00:01:01,418 - VoiceAssistant - WARNING - warning:54 - Max silence timeout reached during wait phase
2025-11-20 00:01:01,515 - VoiceAssistant - INFO - info:50 - Starting audio recording (waiting for sound...)
2025-11-20 00:01:01,660 - VoiceAssistant - INFO - info:50 - Starting audio recording (waiting for sound...)
2025-11-20 00:01:06,531 - VoiceAssistant - WARNING - warning:54 - Max silence timeout reached during wait phase
2025-11-20 00:01:06,647 - VoiceAssistant - WARNING - warning:54 - Recording failed or was cancelled
2025-11-20 00:01:06,647 - VoiceAssistant - INFO - info:50 - Listening for audio...
2025-11-20 00:01:06,673 - VoiceAssistant - WARNING - warning:54 - Max silence timeout reached during wait phase
2025-11-20 00:01:06,741 - VoiceAssistant - INFO - info:50 - Starting audio recording (waiting for sound...)
2025-11-20 00:01:06,893 - VoiceAssistant - INFO - info:50 - Starting audio recording (waiting for sound...)
2025-11-20 00:01:11,758 - VoiceAssistant - WARNING - warning:54 - Max silence timeout reached during wait phase
2025-11-20 00:01:11,872 - VoiceAssistant - WARNING - warning:54 - Recording failed or was cancelled
2025-11-20 00:01:11,873 - VoiceAssistant - INFO - info:50 - Listening for audio...
2025-11-20 00:01:11,910 - VoiceAssistant - WARNING - warning:54 - Max silence timeout reached during wait phase
2025-11-20 00:01:11,978 - VoiceAssistant - INFO - info:50 - Starting audio recording (waiting for sound...)
2025-11-20 00:01:12,133 - VoiceAssistant - INFO - info:50 - Starting audio recording (waiting for sound...)
2025-11-20 00:01:16,996 - VoiceAssistant - WARNING - warning:54 - Max silence timeout reached during wait phase
2025-11-20 00:01:17,113 - VoiceAssistant - WARNING - warning:54 - Recording failed or was cancelled
2025-11-20 00:01:17,113 - VoiceAssistant - INFO - info:50 - Listening for audio...
2025-11-20 00:01:17,147 - VoiceAssistant - WARNING - warning:54 - Max silence timeout reached during wait phase
2025-11-20 00:01:17,213 - VoiceAssistant - INFO - info:50 - Starting audio recording (waiting for sound...)
2025-11-20 00:01:17,348 - VoiceAssistant - INFO - info:50 - Starting audio recording (waiting for sound...)
2025-11-20 00:01:22,229 - VoiceAssistant - WARNING - warning:54 - Max silence timeout reached during wait phase
2025-11-20 00:01:22,347 - VoiceAssistant - WARNING - warning:54 - Recording failed or was cancelled
2025-11-20 00:01:22,347 - VoiceAssistant - INFO - info:50 - Listening for audio...
2025-11-20 00:01:22,362 - VoiceAssistant - WARNING - warning:54 - Max silence timeout reached during wait phase
2025-11-20 00:01:22,449 - VoiceAssistant - INFO - info:50 - Starting audio recording (waiting for sound...)
2025-11-20 00:01:22,577 - VoiceAssistant - INFO - info:50 - Starting audio recording (waiting for sound...)
2025-11-20 00:01:22,791 - VoiceAssistant - INFO - info:50 - Sound detected! Recording...
2025-11-20 00:01:22,791 - VoiceAssistant - INFO - info:50 - Sound detected! Recording...
2025-11-20 00:01:22,792 - VoiceAssistant - INFO - info:50 - Speech detected!
2025-11-20 00:01:23,815 - VoiceAssistant - INFO - info:50 - Silence detected, stopping recording...
2025-11-20 00:01:23,816 - VoiceAssistant - INFO - info:50 - Saved audio: files/Artur Recordings/20251120_000122_479.wav (1.2s, 108588 bytes)
2025-11-20 00:01:23,933 - VoiceAssistant - INFO - info:50 - Transcribing: files/Artur Recordings/20251120_000122_479.wav (1.2s)
2025-11-20 00:01:24,312 - VoiceAssistant - INFO - info:50 - No transcription found (empty audio)
2025-11-20 00:01:24,396 - VoiceAssistant - INFO - info:50 - Starting audio recording (waiting for sound...)
2025-11-20 00:01:24,507 - VoiceAssistant - INFO - info:50 - Sound detected! Recording...
2025-11-20 00:01:25,544 - VoiceAssistant - INFO - info:50 - Silence detected, stopping recording...
2025-11-20 00:01:25,544 - VoiceAssistant - INFO - info:50 - Silence detected, processing...
2025-11-20 00:01:25,546 - VoiceAssistant - INFO - info:50 - Saved audio: files/Artur Recordings/20251120_000122_347.wav (3.1s, 272428 bytes)
2025-11-20 00:01:25,549 - VoiceAssistant - INFO - info:50 - Silence detected, stopping recording...
2025-11-20 00:01:25,551 - VoiceAssistant - INFO - info:50 - Saved audio: files/Artur Recordings/20251120_000124_312.wav (1.1s, 100396 bytes)
2025-11-20 00:01:25,663 - VoiceAssistant - INFO - info:50 - Transcribing audio...
2025-11-20 00:01:25,663 - VoiceAssistant - INFO - info:50 - Transcribing: files/Artur Recordings/20251120_000122_347.wav (3.1s)
2025-11-20 00:01:25,679 - VoiceAssistant - INFO - info:50 - Transcribing: files/Artur Recordings/20251120_000124_312.wav (1.1s)
2025-11-20 00:01:26,380 - VoiceAssistant - INFO - info:50 - No transcription found (empty audio)
2025-11-20 00:01:26,389 - VoiceAssistant - WARNING - warning:54 - Transcription failed
2025-11-20 00:01:26,389 - VoiceAssistant - INFO - info:50 - Listening for audio...
2025-11-20 00:01:26,468 - VoiceAssistant - INFO - info:50 - No transcription found (empty audio)
2025-11-20 00:01:26,565 - VoiceAssistant - INFO - info:50 - Starting audio recording (waiting for sound...)
2025-11-20 00:01:26,666 - VoiceAssistant - INFO - info:50 - Starting audio recording (waiting for sound...)
2025-11-20 00:01:31,582 - VoiceAssistant - WARNING - warning:54 - Max silence timeout reached during wait phase
2025-11-20 00:01:31,681 - VoiceAssistant - WARNING - warning:54 - Max silence timeout reached during wait phase
2025-11-20 00:01:31,697 - VoiceAssistant - WARNING - warning:54 - Recording failed or was cancelled
2025-11-20 00:01:31,697 - VoiceAssistant - INFO - info:50 - Listening for audio...
2025-11-20 00:01:31,807 - VoiceAssistant - INFO - info:50 - Starting audio recording (waiting for sound...)
2025-11-20 00:01:31,909 - VoiceAssistant - INFO - info:50 - Starting audio recording (waiting for sound...)
2025-11-20 00:01:36,821 - VoiceAssistant - WARNING - warning:54 - Max silence timeout reached during wait phase
2025-11-20 00:01:36,927 - VoiceAssistant - WARNING - warning:54 - Max silence timeout reached during wait phase
2025-11-20 00:01:36,936 - VoiceAssistant - WARNING - warning:54 - Recording failed or was cancelled
2025-11-20 00:01:36,936 - VoiceAssistant - INFO - info:50 - Listening for audio...
2025-11-20 00:01:37,030 - VoiceAssistant - INFO - info:50 - Starting audio recording (waiting for sound...)
2025-11-20 00:01:37,136 - VoiceAssistant - INFO - info:50 - Starting audio recording (waiting for sound...)
2025-11-20 00:01:42,045 - VoiceAssistant - WARNING - warning:54 - Max silence timeout reached during wait phase
2025-11-20 00:01:42,151 - VoiceAssistant - WARNING - warning:54 - Max silence timeout reached during wait phase
2025-11-20 00:01:42,160 - VoiceAssistant - WARNING - warning:54 - Recording failed or was cancelled
2025-11-20 00:01:42,161 - VoiceAssistant - INFO - info:50 - Listening for audio...
2025-11-20 00:01:42,276 - VoiceAssistant - INFO - info:50 - Starting audio recording (waiting for sound...)
2025-11-20 00:01:42,373 - VoiceAssistant - INFO - info:50 - Starting audio recording (waiting for sound...)
2025-11-20 00:01:47,292 - VoiceAssistant - WARNING - warning:54 - Max silence timeout reached during wait phase
2025-11-20 00:01:47,390 - VoiceAssistant - WARNING - warning:54 - Max silence timeout reached during wait phase
2025-11-20 00:01:47,406 - VoiceAssistant - WARNING - warning:54 - Recording failed or was cancelled
2025-11-20 00:01:47,407 - VoiceAssistant - INFO - info:50 - Listening for audio...
2025-11-20 00:01:47,503 - VoiceAssistant - INFO - info:50 - Starting audio recording (waiting for sound...)
2025-11-20 00:01:47,597 - VoiceAssistant - INFO - info:50 - Starting audio recording (waiting for sound...)
2025-11-20 00:01:52,517 - VoiceAssistant - WARNING - warning:54 - Max silence timeout reached during wait phase
2025-11-20 00:01:52,612 - VoiceAssistant - WARNING - warning:54 - Max silence timeout reached during wait phase
2025-11-20 00:01:52,631 - VoiceAssistant - WARNING - warning:54 - Recording failed or was cancelled
2025-11-20 00:01:52,631 - VoiceAssistant - INFO - info:50 - Listening for audio...
2025-11-20 00:01:52,718 - VoiceAssistant - INFO - info:50 - Starting audio recording (waiting for sound...)
2025-11-20 00:01:52,815 - VoiceAssistant - INFO - info:50 - Starting audio recording (waiting for sound...)
2025-11-20 00:01:57,733 - VoiceAssistant - WARNING - warning:54 - Max silence timeout reached during wait phase
2025-11-20 00:01:57,832 - VoiceAssistant - WARNING - warning:54 - Max silence timeout reached during wait phase
2025-11-20 00:01:57,847 - VoiceAssistant - WARNING - warning:54 - Recording failed or was cancelled
2025-11-20 00:01:57,847 - VoiceAssistant - INFO - info:50 - Listening for audio...
2025-11-20 00:01:57,936 - VoiceAssistant - INFO - info:50 - Starting audio recording (waiting for sound...)
2025-11-20 00:01:58,038 - VoiceAssistant - INFO - info:50 - Starting audio recording (waiting for sound...)
2025-11-20 00:02:02,949 - VoiceAssistant - WARNING - warning:54 - Max silence timeout reached during wait phase
2025-11-20 00:02:03,053 - VoiceAssistant - WARNING - warning:54 - Max silence timeout reached during wait phase
2025-11-20 00:02:03,065 - VoiceAssistant - WARNING - warning:54 - Recording failed or was cancelled
2025-11-20 00:02:03,065 - VoiceAssistant - INFO - info:50 - Listening for audio...
2025-11-20 00:02:03,167 - VoiceAssistant - INFO - info:50 - Starting audio recording (waiting for sound...)
2025-11-20 00:02:03,272 - VoiceAssistant - INFO - info:50 - Starting audio recording (waiting for sound...)
2025-11-20 00:02:08,184 - VoiceAssistant - WARNING - warning:54 - Max silence timeout reached during wait phase
2025-11-20 00:02:08,285 - VoiceAssistant - WARNING - warning:54 - Max silence timeout reached during wait phase
2025-11-20 00:02:08,301 - VoiceAssistant - WARNING - warning:54 - Recording failed or was cancelled
2025-11-20 00:02:08,301 - VoiceAssistant - INFO - info:50 - Listening for audio...
2025-11-20 00:02:08,395 - VoiceAssistant - INFO - info:50 - Starting audio recording (waiting for sound...)
2025-11-20 00:02:08,489 - VoiceAssistant - INFO - info:50 - Starting audio recording (waiting for sound...)
2025-11-20 00:02:13,409 - VoiceAssistant - WARNING - warning:54 - Max silence timeout reached during wait phase
2025-11-20 00:02:13,504 - VoiceAssistant - WARNING - warning:54 - Max silence timeout reached during wait phase
2025-11-20 00:02:13,526 - VoiceAssistant - WARNING - warning:54 - Recording failed or was cancelled
2025-11-20 00:02:13,526 - VoiceAssistant - INFO - info:50 - Listening for audio...
2025-11-20 00:02:13,620 - VoiceAssistant - INFO - info:50 - Starting audio recording (waiting for sound...)
2025-11-20 00:02:13,712 - VoiceAssistant - INFO - info:50 - Starting audio recording (waiting for sound...)
2025-11-20 00:02:14,693 - VoiceAssistant - INFO - info:50 - Sound detected! Recording...
2025-11-20 00:02:14,709 - VoiceAssistant - INFO - info:50 - Sound detected! Recording...
2025-11-20 00:02:14,709 - VoiceAssistant - INFO - info:50 - Speech detected!
2025-11-20 00:02:15,742 - VoiceAssistant - INFO - info:50 - Silence detected, stopping recording...
2025-11-20 00:02:15,743 - VoiceAssistant - INFO - info:50 - Saved audio: files/Artur Recordings/20251120_000213_621.wav (2.0s, 178220 bytes)
2025-11-20 00:02:15,752 - VoiceAssistant - INFO - info:50 - Silence detected, stopping recording...
2025-11-20 00:02:15,752 - VoiceAssistant - INFO - info:50 - Silence detected, processing...
2025-11-20 00:02:15,756 - VoiceAssistant - INFO - info:50 - Saved audio: files/Artur Recordings/20251120_000213_526.wav (2.0s, 180268 bytes)
2025-11-20 00:02:15,857 - VoiceAssistant - INFO - info:50 - Transcribing: files/Artur Recordings/20251120_000213_621.wav (2.0s)
2025-11-20 00:02:15,881 - VoiceAssistant - INFO - info:50 - Transcribing audio...
2025-11-20 00:02:15,882 - VoiceAssistant - INFO - info:50 - Transcribing: files/Artur Recordings/20251120_000213_526.wav (2.0s)
2025-11-20 00:02:16,620 - VoiceAssistant - INFO - info:50 - No transcription found (empty audio)
2025-11-20 00:02:16,672 - VoiceAssistant - INFO - info:50 - No transcription found (empty audio)
2025-11-20 00:02:16,673 - VoiceAssistant - WARNING - warning:54 - Transcription failed
2025-11-20 00:02:16,673 - VoiceAssistant - INFO - info:50 - Listening for audio...
2025-11-20 00:02:16,791 - VoiceAssistant - INFO - info:50 - Starting audio recording (waiting for sound...)
2025-11-20 00:02:16,849 - VoiceAssistant - INFO - info:50 - Starting audio recording (waiting for sound...)
2025-11-20 00:02:16,937 - VoiceAssistant - INFO - info:50 - Sound detected! Recording...
2025-11-20 00:02:16,937 - VoiceAssistant - INFO - info:50 - Speech detected!
2025-11-20 00:02:16,942 - VoiceAssistant - INFO - info:50 - Sound detected! Recording...
2025-11-20 00:02:17,941 - VoiceAssistant - INFO - info:50 - Silence detected, stopping recording...
2025-11-20 00:02:17,941 - VoiceAssistant - INFO - info:50 - Silence detected, processing...
2025-11-20 00:02:17,942 - VoiceAssistant - INFO - info:50 - Saved audio: files/Artur Recordings/20251120_000216_673.wav (1.1s, 94252 bytes)
2025-11-20 00:02:17,946 - VoiceAssistant - INFO - info:50 - Silence detected, stopping recording...
2025-11-20 00:02:17,948 - VoiceAssistant - INFO - info:50 - Saved audio: files/Artur Recordings/20251120_000216_620.wav (1.1s, 100396 bytes)
2025-11-20 00:02:18,057 - VoiceAssistant - INFO - info:50 - Transcribing audio...
2025-11-20 00:02:18,058 - VoiceAssistant - INFO - info:50 - Transcribing: files/Artur Recordings/20251120_000216_673.wav (1.1s)
2025-11-20 00:02:18,071 - VoiceAssistant - INFO - info:50 - Transcribing: files/Artur Recordings/20251120_000216_620.wav (1.1s)
2025-11-20 00:02:18,607 - VoiceAssistant - INFO - info:50 - No transcription found (empty audio)
2025-11-20 00:02:18,607 - VoiceAssistant - WARNING - warning:54 - Transcription failed
2025-11-20 00:02:18,607 - VoiceAssistant - INFO - info:50 - Listening for audio...
2025-11-20 00:02:18,619 - VoiceAssistant - INFO - info:50 - No transcription found (empty audio)
2025-11-20 00:02:18,796 - VoiceAssistant - INFO - info:50 - Starting audio recording (waiting for sound...)
2025-11-20 00:02:18,822 - VoiceAssistant - INFO - info:50 - Starting audio recording (waiting for sound...)
2025-11-20 00:02:23,813 - VoiceAssistant - WARNING - warning:54 - Max silence timeout reached during wait phase
2025-11-20 00:02:23,837 - VoiceAssistant - WARNING - warning:54 - Max silence timeout reached during wait phase
2025-11-20 00:02:23,930 - VoiceAssistant - WARNING - warning:54 - Recording failed or was cancelled
2025-11-20 00:02:23,931 - VoiceAssistant - INFO - info:50 - Listening for audio...
2025-11-20 00:02:24,076 - VoiceAssistant - INFO - info:50 - Starting audio recording (waiting for sound...)
2025-11-20 00:02:24,097 - VoiceAssistant - INFO - info:50 - Starting audio recording (waiting for sound...)
2025-11-20 00:02:29,094 - VoiceAssistant - WARNING - warning:54 - Max silence timeout reached during wait phase
2025-11-20 00:02:29,110 - VoiceAssistant - WARNING - warning:54 - Max silence timeout reached during wait phase
2025-11-20 00:02:29,211 - VoiceAssistant - WARNING - warning:54 - Recording failed or was cancelled
2025-11-20 00:02:29,211 - VoiceAssistant - INFO - info:50 - Listening for audio...
2025-11-20 00:02:29,358 - VoiceAssistant - INFO - info:50 - Starting audio recording (waiting for sound...)
2025-11-20 00:02:29,379 - VoiceAssistant - INFO - info:50 - Starting audio recording (waiting for sound...)
2025-11-20 00:02:30,937 - VoiceAssistant - INFO - info:50 - Sound detected! Recording...
2025-11-20 00:02:30,960 - VoiceAssistant - INFO - info:50 - Sound detected! Recording...
2025-11-20 00:02:30,960 - VoiceAssistant - INFO - info:50 - Speech detected!
2025-11-20 00:02:32,069 - VoiceAssistant - INFO - info:50 - Silence detected, stopping recording...
2025-11-20 00:02:32,069 - VoiceAssistant - INFO - info:50 - Silence detected, stopping recording...
2025-11-20 00:02:32,070 - VoiceAssistant - INFO - info:50 - Silence detected, processing...
2025-11-20 00:02:32,071 - VoiceAssistant - INFO - info:50 - Saved audio: files/Artur Recordings/20251120_000229_226.wav (2.1s, 186412 bytes)
2025-11-20 00:02:32,071 - VoiceAssistant - INFO - info:50 - Saved audio: files/Artur Recordings/20251120_000229_211.wav (2.1s, 186412 bytes)
2025-11-20 00:02:32,196 - VoiceAssistant - INFO - info:50 - Transcribing audio...
2025-11-20 00:02:32,196 - VoiceAssistant - INFO - info:50 - Transcribing: files/Artur Recordings/20251120_000229_226.wav (2.1s)
2025-11-20 00:02:32,197 - VoiceAssistant - INFO - info:50 - Transcribing: files/Artur Recordings/20251120_000229_211.wav (2.1s)
2025-11-20 00:02:32,781 - VoiceAssistant - INFO - info:50 - No transcription found (empty audio)
2025-11-20 00:02:32,796 - VoiceAssistant - INFO - info:50 - No transcription found (empty audio)
2025-11-20 00:02:32,797 - VoiceAssistant - WARNING - warning:54 - Transcription failed
2025-11-20 00:02:32,797 - VoiceAssistant - INFO - info:50 - Listening for audio...
2025-11-20 00:02:32,975 - VoiceAssistant - INFO - info:50 - Starting audio recording (waiting for sound...)
2025-11-20 00:02:32,998 - VoiceAssistant - INFO - info:50 - Starting audio recording (waiting for sound...)
2025-11-20 00:02:37,992 - VoiceAssistant - WARNING - warning:54 - Max silence timeout reached during wait phase
2025-11-20 00:02:38,013 - VoiceAssistant - WARNING - warning:54 - Max silence timeout reached during wait phase
2025-11-20 00:02:38,128 - VoiceAssistant - WARNING - warning:54 - Recording failed or was cancelled
2025-11-20 00:02:38,128 - VoiceAssistant - INFO - info:50 - Listening for audio...
2025-11-20 00:02:38,249 - VoiceAssistant - INFO - info:50 - Starting audio recording (waiting for sound...)
2025-11-20 00:02:38,273 - VoiceAssistant - INFO - info:50 - Starting audio recording (waiting for sound...)
2025-11-20 00:02:43,262 - VoiceAssistant - WARNING - warning:54 - Max silence timeout reached during wait phase
2025-11-20 00:02:43,289 - VoiceAssistant - WARNING - warning:54 - Max silence timeout reached during wait phase
2025-11-20 00:02:43,404 - VoiceAssistant - WARNING - warning:54 - Recording failed or was cancelled
2025-11-20 00:02:43,404 - VoiceAssistant - INFO - info:50 - Listening for audio...
2025-11-20 00:02:43,505 - VoiceAssistant - INFO - info:50 - Starting audio recording (waiting for sound...)
2025-11-20 00:02:43,549 - VoiceAssistant - INFO - info:50 - Starting audio recording (waiting for sound...)
2025-11-20 00:02:48,521 - VoiceAssistant - WARNING - warning:54 - Max silence timeout reached during wait phase
2025-11-20 00:02:48,564 - VoiceAssistant - WARNING - warning:54 - Max silence timeout reached during wait phase
2025-11-20 00:02:48,680 - VoiceAssistant - WARNING - warning:54 - Recording failed or was cancelled
2025-11-20 00:02:48,680 - VoiceAssistant - INFO - info:50 - Listening for audio...
2025-11-20 00:02:48,745 - VoiceAssistant - INFO - info:50 - Starting audio recording (waiting for sound...)
2025-11-20 00:02:48,807 - VoiceAssistant - INFO - info:50 - Starting audio recording (waiting for sound...)
2025-11-20 00:02:53,762 - VoiceAssistant - WARNING - warning:54 - Max silence timeout reached during wait phase
2025-11-20 00:02:53,823 - VoiceAssistant - WARNING - warning:54 - Max silence timeout reached during wait phase
2025-11-20 00:02:53,939 - VoiceAssistant - WARNING - warning:54 - Recording failed or was cancelled
2025-11-20 00:02:53,940 - VoiceAssistant - INFO - info:50 - Listening for audio...
2025-11-20 00:02:53,990 - VoiceAssistant - INFO - info:50 - Starting audio recording (waiting for sound...)
2025-11-20 00:02:54,063 - VoiceAssistant - INFO - info:50 - Starting audio recording (waiting for sound...)
2025-11-20 00:02:59,006 - VoiceAssistant - WARNING - warning:54 - Max silence timeout reached during wait phase
2025-11-20 00:02:59,079 - VoiceAssistant - WARNING - warning:54 - Max silence timeout reached during wait phase
2025-11-20 00:02:59,195 - VoiceAssistant - WARNING - warning:54 - Recording failed or was cancelled
2025-11-20 00:02:59,195 - VoiceAssistant - INFO - info:50 - Listening for audio...
2025-11-20 00:02:59,241 - VoiceAssistant - INFO - info:50 - Starting audio recording (waiting for sound...)
2025-11-20 00:02:59,303 - VoiceAssistant - INFO - info:50 - Starting audio recording (waiting for sound...)
2025-11-20 00:03:04,254 - VoiceAssistant - WARNING - warning:54 - Max silence timeout reached during wait phase
2025-11-20 00:03:04,316 - VoiceAssistant - WARNING - warning:54 - Max silence timeout reached during wait phase
2025-11-20 00:03:04,431 - VoiceAssistant - WARNING - warning:54 - Recording failed or was cancelled
2025-11-20 00:03:04,432 - VoiceAssistant - INFO - info:50 - Listening for audio...
2025-11-20 00:03:04,480 - VoiceAssistant - INFO - info:50 - Starting audio recording (waiting for sound...)
2025-11-20 00:03:04,542 - VoiceAssistant - INFO - info:50 - Starting audio recording (waiting for sound...)
2025-11-20 00:03:09,493 - VoiceAssistant - WARNING - warning:54 - Max silence timeout reached during wait phase
2025-11-20 00:03:09,559 - VoiceAssistant - WARNING - warning:54 - Max silence timeout reached during wait phase
2025-11-20 00:03:09,673 - VoiceAssistant - WARNING - warning:54 - Recording failed or was cancelled
2025-11-20 00:03:09,674 - VoiceAssistant - INFO - info:50 - Listening for audio...
2025-11-20 00:03:09,720 - VoiceAssistant - INFO - info:50 - Starting audio recording (waiting for sound...)
2025-11-20 00:03:09,787 - VoiceAssistant - INFO - info:50 - Starting audio recording (waiting for sound...)
2025-11-20 00:03:14,737 - VoiceAssistant - WARNING - warning:54 - Max silence timeout reached during wait phase
2025-11-20 00:03:14,804 - VoiceAssistant - WARNING - warning:54 - Max silence timeout reached during wait phase
2025-11-20 00:03:14,919 - VoiceAssistant - WARNING - warning:54 - Recording failed or was cancelled
2025-11-20 00:03:14,919 - VoiceAssistant - INFO - info:50 - Listening for audio...
2025-11-20 00:03:14,969 - VoiceAssistant - INFO - info:50 - Starting audio recording (waiting for sound...)
2025-11-20 00:03:15,032 - VoiceAssistant - INFO - info:50 - Starting audio recording (waiting for sound...)
2025-11-20 00:03:19,986 - VoiceAssistant - WARNING - warning:54 - Max silence timeout reached during wait phase
2025-11-20 00:03:20,047 - VoiceAssistant - WARNING - warning:54 - Max silence timeout reached during wait phase
2025-11-20 00:03:20,165 - VoiceAssistant - WARNING - warning:54 - Recording failed or was cancelled
2025-11-20 00:03:20,165 - VoiceAssistant - INFO - info:50 - Listening for audio...
2025-11-20 00:03:20,218 - VoiceAssistant - INFO - info:50 - Starting audio recording (waiting for sound...)
2025-11-20 00:03:20,280 - VoiceAssistant - INFO - info:50 - Starting audio recording (waiting for sound...)
2025-11-20 00:03:25,234 - VoiceAssistant - WARNING - warning:54 - Max silence timeout reached during wait phase
2025-11-20 00:03:25,295 - VoiceAssistant - WARNING - warning:54 - Max silence timeout reached during wait phase
2025-11-20 00:03:25,416 - VoiceAssistant - WARNING - warning:54 - Recording failed or was cancelled
2025-11-20 00:03:25,416 - VoiceAssistant - INFO - info:50 - Listening for audio...
2025-11-20 00:03:25,460 - VoiceAssistant - INFO - info:50 - Starting audio recording (waiting for sound...)
2025-11-20 00:03:25,522 - VoiceAssistant - INFO - info:50 - Starting audio recording (waiting for sound...)
2025-11-20 00:03:30,474 - VoiceAssistant - WARNING - warning:54 - Max silence timeout reached during wait phase
2025-11-20 00:03:30,536 - VoiceAssistant - WARNING - warning:54 - Max silence timeout reached during wait phase
2025-11-20 00:03:30,653 - VoiceAssistant - WARNING - warning:54 - Recording failed or was cancelled
2025-11-20 00:03:30,654 - VoiceAssistant - INFO - info:50 - Listening for audio...
2025-11-20 00:03:30,712 - VoiceAssistant - INFO - info:50 - Starting audio recording (waiting for sound...)
2025-11-20 00:03:30,774 - VoiceAssistant - INFO - info:50 - Starting audio recording (waiting for sound...)
2025-11-20 00:03:35,728 - VoiceAssistant - WARNING - warning:54 - Max silence timeout reached during wait phase
2025-11-20 00:03:35,788 - VoiceAssistant - WARNING - warning:54 - Max silence timeout reached during wait phase
2025-11-20 00:03:35,904 - VoiceAssistant - WARNING - warning:54 - Recording failed or was cancelled
2025-11-20 00:03:35,905 - VoiceAssistant - INFO - info:50 - Listening for audio...
2025-11-20 00:03:35,988 - VoiceAssistant - INFO - info:50 - Starting audio recording (waiting for sound...)
2025-11-20 00:03:36,049 - VoiceAssistant - INFO - info:50 - Starting audio recording (waiting for sound...)
2025-11-20 00:03:41,002 - VoiceAssistant - WARNING - warning:54 - Max silence timeout reached during wait phase
2025-11-20 00:03:41,062 - VoiceAssistant - WARNING - warning:54 - Max silence timeout reached during wait phase
2025-11-20 00:03:41,179 - VoiceAssistant - WARNING - warning:54 - Recording failed or was cancelled
2025-11-20 00:03:41,179 - VoiceAssistant - INFO - info:50 - Listening for audio...
2025-11-20 00:03:41,241 - VoiceAssistant - INFO - info:50 - Starting audio recording (waiting for sound...)
2025-11-20 00:03:41,304 - VoiceAssistant - INFO - info:50 - Starting audio recording (waiting for sound...)
2025-11-20 00:03:46,257 - VoiceAssistant - WARNING - warning:54 - Max silence timeout reached during wait phase
2025-11-20 00:03:46,318 - VoiceAssistant - WARNING - warning:54 - Max silence timeout reached during wait phase
2025-11-20 00:03:46,433 - VoiceAssistant - WARNING - warning:54 - Recording failed or was cancelled
2025-11-20 00:03:46,434 - VoiceAssistant - INFO - info:50 - Listening for audio...
2025-11-20 00:03:46,496 - VoiceAssistant - INFO - info:50 - Starting audio recording (waiting for sound...)
2025-11-20 00:03:46,559 - VoiceAssistant - INFO - info:50 - Starting audio recording (waiting for sound...)
2025-11-20 00:03:51,512 - VoiceAssistant - WARNING - warning:54 - Max silence timeout reached during wait phase
2025-11-20 00:03:51,573 - VoiceAssistant - WARNING - warning:54 - Max silence timeout reached during wait phase
2025-11-20 00:03:51,690 - VoiceAssistant - WARNING - warning:54 - Recording failed or was cancelled
2025-11-20 00:03:51,691 - VoiceAssistant - INFO - info:50 - Listening for audio...
2025-11-20 00:03:51,754 - VoiceAssistant - INFO - info:50 - Starting audio recording (waiting for sound...)
2025-11-20 00:03:51,815 - VoiceAssistant - INFO - info:50 - Starting audio recording (waiting for sound...)
2025-11-20 00:03:56,766 - VoiceAssistant - WARNING - warning:54 - Max silence timeout reached during wait phase
2025-11-20 00:03:56,832 - VoiceAssistant - WARNING - warning:54 - Max silence timeout reached during wait phase
2025-11-20 00:03:56,949 - VoiceAssistant - WARNING - warning:54 - Recording failed or was cancelled
2025-11-20 00:03:56,949 - VoiceAssistant - INFO - info:50 - Listening for audio...
2025-11-20 00:03:57,000 - VoiceAssistant - INFO - info:50 - Starting audio recording (waiting for sound...)
2025-11-20 00:03:57,063 - VoiceAssistant - INFO - info:50 - Starting audio recording (waiting for sound...)
2025-11-20 00:04:02,013 - VoiceAssistant - WARNING - warning:54 - Max silence timeout reached during wait phase
2025-11-20 00:04:02,079 - VoiceAssistant - WARNING - warning:54 - Max silence timeout reached during wait phase
2025-11-20 00:04:02,197 - VoiceAssistant - WARNING - warning:54 - Recording failed or was cancelled
2025-11-20 00:04:02,197 - VoiceAssistant - INFO - info:50 - Listening for audio...
2025-11-20 00:04:02,245 - VoiceAssistant - INFO - info:50 - Starting audio recording (waiting for sound...)
2025-11-20 00:04:02,305 - VoiceAssistant - INFO - info:50 - Starting audio recording (waiting for sound...)
2025-11-20 00:04:07,258 - VoiceAssistant - WARNING - warning:54 - Max silence timeout reached during wait phase
2025-11-20 00:04:07,319 - VoiceAssistant - WARNING - warning:54 - Max silence timeout reached during wait phase
2025-11-20 00:04:07,434 - VoiceAssistant - WARNING - warning:54 - Recording failed or was cancelled
2025-11-20 00:04:07,434 - VoiceAssistant - INFO - info:50 - Listening for audio...
2025-11-20 00:04:07,479 - VoiceAssistant - INFO - info:50 - Starting audio recording (waiting for sound...)
2025-11-20 00:04:07,544 - VoiceAssistant - INFO - info:50 - Starting audio recording (waiting for sound...)
2025-11-20 00:04:12,492 - VoiceAssistant - WARNING - warning:54 - Max silence timeout reached during wait phase
2025-11-20 00:04:12,558 - VoiceAssistant - WARNING - warning:54 - Max silence timeout reached during wait phase
2025-11-20 00:04:12,675 - VoiceAssistant - WARNING - warning:54 - Recording failed or was cancelled
2025-11-20 00:04:12,675 - VoiceAssistant - INFO - info:50 - Listening for audio...
2025-11-20 00:04:12,732 - VoiceAssistant - INFO - info:50 - Starting audio recording (waiting for sound...)
2025-11-20 00:04:12,794 - VoiceAssistant - INFO - info:50 - Starting audio recording (waiting for sound...)
2025-11-20 00:04:17,747 - VoiceAssistant - WARNING - warning:54 - Max silence timeout reached during wait phase
2025-11-20 00:04:17,808 - VoiceAssistant - WARNING - warning:54 - Max silence timeout reached during wait phase
2025-11-20 00:04:17,923 - VoiceAssistant - WARNING - warning:54 - Recording failed or was cancelled
2025-11-20 00:04:17,923 - VoiceAssistant - INFO - info:50 - Listening for audio...
2025-11-20 00:04:17,949 - VoiceAssistant - INFO - info:50 - Starting audio recording (waiting for sound...)
2025-11-20 00:04:18,034 - VoiceAssistant - INFO - info:50 - Starting audio recording (waiting for sound...)
2025-11-20 00:04:18,784 - VoiceAssistant - INFO - info:50 - Sound detected! Recording...
2025-11-20 00:04:18,784 - VoiceAssistant - INFO - info:50 - Speech detected!
2025-11-20 00:04:19,104 - VoiceAssistant - INFO - info:50 - Sound detected! Recording...
2025-11-20 00:04:20,704 - VoiceAssistant - INFO - info:50 - Silence detected, stopping recording...
2025-11-20 00:04:20,707 - VoiceAssistant - INFO - info:50 - Saved audio: files/Artur Recordings/20251120_000417_862.wav (2.6s, 229420 bytes)
2025-11-20 00:04:20,825 - VoiceAssistant - INFO - info:50 - Transcribing: files/Artur Recordings/20251120_000417_862.wav (2.6s)
2025-11-20 00:04:21,003 - VoiceAssistant - INFO - info:50 - Silence detected, stopping recording...
2025-11-20 00:04:21,003 - VoiceAssistant - INFO - info:50 - Silence detected, processing...
2025-11-20 00:04:21,004 - VoiceAssistant - INFO - info:50 - Saved audio: files/Artur Recordings/20251120_000417_923.wav (2.9s, 260140 bytes)
2025-11-20 00:04:21,120 - VoiceAssistant - INFO - info:50 - Transcribing audio...
2025-11-20 00:04:21,121 - VoiceAssistant - INFO - info:50 - Transcribing: files/Artur Recordings/20251120_000417_923.wav (2.9s)
2025-11-20 00:04:21,228 - VoiceAssistant - INFO - info:50 - No transcription found (empty audio)
2025-11-20 00:04:21,355 - VoiceAssistant - INFO - info:50 - Starting audio recording (waiting for sound...)
2025-11-20 00:04:21,559 - VoiceAssistant - INFO - info:50 - No transcription found (empty audio)
2025-11-20 00:04:21,559 - VoiceAssistant - WARNING - warning:54 - Transcription failed
2025-11-20 00:04:21,560 - VoiceAssistant - INFO - info:50 - Listening for audio...
2025-11-20 00:04:21,662 - VoiceAssistant - INFO - info:50 - Starting audio recording (waiting for sound...)
2025-11-20 00:04:23,638 - VoiceAssistant - INFO - info:50 - Sound detected! Recording...
2025-11-20 00:04:23,649 - VoiceAssistant - INFO - info:50 - Sound detected! Recording...
2025-11-20 00:04:23,649 - VoiceAssistant - INFO - info:50 - Speech detected!
2025-11-20 00:04:24,755 - VoiceAssistant - INFO - info:50 - Silence detected, stopping recording...
2025-11-20 00:04:24,755 - VoiceAssistant - INFO - info:50 - Silence detected, processing...
2025-11-20 00:04:24,756 - VoiceAssistant - INFO - info:50 - Saved audio: files/Artur Recordings/20251120_000421_560.wav (2.1s, 186412 bytes)
2025-11-20 00:04:24,835 - VoiceAssistant - INFO - info:50 - Silence detected, stopping recording...
2025-11-20 00:04:24,836 - VoiceAssistant - INFO - info:50 - Saved audio: files/Artur Recordings/20251120_000421_228.wav (2.2s, 192556 bytes)
2025-11-20 00:04:24,871 - VoiceAssistant - INFO - info:50 - Transcribing audio...
2025-11-20 00:04:24,872 - VoiceAssistant - INFO - info:50 - Transcribing: files/Artur Recordings/20251120_000421_560.wav (2.1s)
2025-11-20 00:04:24,960 - VoiceAssistant - INFO - info:50 - Transcribing: files/Artur Recordings/20251120_000421_228.wav (2.2s)
2025-11-20 00:04:25,413 - VoiceAssistant - INFO - info:50 - No transcription found (empty audio)
2025-11-20 00:04:25,413 - VoiceAssistant - WARNING - warning:54 - Transcription failed
2025-11-20 00:04:25,413 - VoiceAssistant - INFO - info:50 - Listening for audio...
2025-11-20 00:04:25,479 - VoiceAssistant - INFO - info:50 - No transcription found (empty audio)
2025-11-20 00:04:25,554 - VoiceAssistant - INFO - info:50 - Starting audio recording (waiting for sound...)
2025-11-20 00:04:25,633 - VoiceAssistant - INFO - info:50 - Starting audio recording (waiting for sound...)
2025-11-20 00:04:27,350 - VoiceAssistant - INFO - info:50 - Sound detected! Recording...
2025-11-20 00:04:27,350 - VoiceAssistant - INFO - info:50 - Speech detected!
2025-11-20 00:04:27,363 - VoiceAssistant - INFO - info:50 - Sound detected! Recording...
2025-11-20 00:04:28,353 - VoiceAssistant - INFO - info:50 - Silence detected, stopping recording...
2025-11-20 00:04:28,353 - VoiceAssistant - INFO - info:50 - Silence detected, processing...
2025-11-20 00:04:28,353 - VoiceAssistant - INFO - info:50 - Saved audio: files/Artur Recordings/20251120_000425_413.wav (2.0s, 176172 bytes)
2025-11-20 00:04:28,364 - VoiceAssistant - INFO - info:50 - Silence detected, stopping recording...
2025-11-20 00:04:28,365 - VoiceAssistant - INFO - info:50 - Saved audio: files/Artur Recordings/20251120_000425_479.wav (2.0s, 176172 bytes)
2025-11-20 00:04:28,468 - VoiceAssistant - INFO - info:50 - Transcribing audio...
2025-11-20 00:04:28,469 - VoiceAssistant - INFO - info:50 - Transcribing: files/Artur Recordings/20251120_000425_413.wav (2.0s)
2025-11-20 00:04:28,480 - VoiceAssistant - INFO - info:50 - Transcribing: files/Artur Recordings/20251120_000425_479.wav (2.0s)
2025-11-20 00:04:29,029 - VoiceAssistant - INFO - info:50 - No transcription found (empty audio)
2025-11-20 00:04:29,029 - VoiceAssistant - WARNING - warning:54 - Transcription failed
2025-11-20 00:04:29,030 - VoiceAssistant - INFO - info:50 - Listening for audio...
2025-11-20 00:04:29,040 - VoiceAssistant - INFO - info:50 - No transcription found (empty audio)
2025-11-20 00:04:29,211 - VoiceAssistant - INFO - info:50 - Starting audio recording (waiting for sound...)
2025-11-20 00:04:29,236 - VoiceAssistant - INFO - info:50 - Starting audio recording (waiting for sound...)
2025-11-20 00:04:29,531 - VoiceAssistant - INFO - info:50 - Sound detected! Recording...
2025-11-20 00:04:29,531 - VoiceAssistant - INFO - info:50 - Speech detected!
2025-11-20 00:04:29,536 - VoiceAssistant - INFO - info:50 - Sound detected! Recording...
2025-11-20 00:04:30,513 - VoiceAssistant - INFO - info:50 - Silence detected, stopping recording...
2025-11-20 00:04:30,513 - VoiceAssistant - INFO - info:50 - Silence detected, processing...
2025-11-20 00:04:30,514 - VoiceAssistant - INFO - info:50 - Saved audio: files/Artur Recordings/20251120_000429_030.wav (1.3s, 114732 bytes)
2025-11-20 00:04:30,519 - VoiceAssistant - INFO - info:50 - Silence detected, stopping recording...
2025-11-20 00:04:30,520 - VoiceAssistant - INFO - info:50 - Saved audio: files/Artur Recordings/20251120_000429_040.wav (1.3s, 112684 bytes)
2025-11-20 00:04:30,628 - VoiceAssistant - INFO - info:50 - Transcribing audio...
2025-11-20 00:04:30,629 - VoiceAssistant - INFO - info:50 - Transcribing: files/Artur Recordings/20251120_000429_030.wav (1.3s)
2025-11-20 00:04:30,634 - VoiceAssistant - INFO - info:50 - Transcribing: files/Artur Recordings/20251120_000429_040.wav (1.3s)
2025-11-20 00:04:31,306 - VoiceAssistant - INFO - info:50 - Transcription complete: 'Thank you.' (0.68s)
2025-11-20 00:04:31,307 - VoiceAssistant - INFO - info:50 - Saved transcription: files/Artur Recordings/20251120_000429_030.json
2025-11-20 00:04:31,307 - VoiceAssistant - INFO - info:50 - Transcription: 'Thank you.'
2025-11-20 00:04:31,307 - VoiceAssistant - INFO - info:50 - Preprocessing text...
2025-11-20 00:04:31,307 - VoiceAssistant - INFO - info:50 - Text preprocessed: 'Thank you.'
2025-11-20 00:04:31,308 - VoiceAssistant - INFO - info:50 - Processing as dictation: 'Thank you.'
2025-11-20 00:04:31,310 - VoiceAssistant - INFO - info:50 - Auto-pasting transcription...
2025-11-20 00:04:32,078 - VoiceAssistant - INFO - info:50 - Successfully pasted: 'Thank you.'
2025-11-20 00:04:32,079 - VoiceAssistant - INFO - info:50 - Listening for audio...
2025-11-20 00:04:32,172 - VoiceAssistant - INFO - info:50 - Transcription complete: 'Yeah.' (1.54s)
2025-11-20 00:04:32,172 - VoiceAssistant - INFO - info:50 - Saved transcription: files/Artur Recordings/20251120_000429_040.json
2025-11-20 00:04:32,173 - VoiceAssistant - INFO - info:50 - Text preprocessed: 'Yeah.'
2025-11-20 00:04:32,196 - VoiceAssistant - INFO - info:50 - Starting audio recording (waiting for sound...)
2025-11-20 00:04:32,838 - VoiceAssistant - INFO - info:50 - Sound detected! Recording...
2025-11-20 00:04:32,838 - VoiceAssistant - INFO - info:50 - Speech detected!
2025-11-20 00:04:32,943 - VoiceAssistant - INFO - info:50 - Successfully pasted: 'Yeah.'
2025-11-20 00:04:33,040 - VoiceAssistant - INFO - info:50 - Starting audio recording (waiting for sound...)
2025-11-20 00:04:33,166 - VoiceAssistant - INFO - info:50 - Sound detected! Recording...
2025-11-20 00:04:34,832 - VoiceAssistant - INFO - info:50 - Silence detected, stopping recording...
2025-11-20 00:04:34,833 - VoiceAssistant - INFO - info:50 - Saved audio: files/Artur Recordings/20251120_000432_943.wav (1.8s, 157740 bytes)
2025-11-20 00:04:34,843 - VoiceAssistant - INFO - info:50 - Silence detected, stopping recording...
2025-11-20 00:04:34,843 - VoiceAssistant - INFO - info:50 - Silence detected, processing...
2025-11-20 00:04:34,845 - VoiceAssistant - INFO - info:50 - Saved audio: files/Artur Recordings/20251120_000432_079.wav (2.6s, 231468 bytes)
2025-11-20 00:04:34,948 - VoiceAssistant - INFO - info:50 - Transcribing: files/Artur Recordings/20251120_000432_943.wav (1.8s)
2025-11-20 00:04:34,969 - VoiceAssistant - INFO - info:50 - Transcribing audio...
2025-11-20 00:04:34,970 - VoiceAssistant - INFO - info:50 - Transcribing: files/Artur Recordings/20251120_000432_079.wav (2.6s)
2025-11-20 00:04:35,641 - VoiceAssistant - INFO - info:50 - No transcription found (empty audio)
2025-11-20 00:04:35,641 - VoiceAssistant - WARNING - warning:54 - Transcription failed
2025-11-20 00:04:35,641 - VoiceAssistant - INFO - info:50 - Listening for audio...
2025-11-20 00:04:35,644 - VoiceAssistant - INFO - info:50 - No transcription found (empty audio)
2025-11-20 00:04:35,917 - VoiceAssistant - INFO - info:50 - Starting audio recording (waiting for sound...)
2025-11-20 00:04:35,948 - VoiceAssistant - INFO - info:50 - Starting audio recording (waiting for sound...)
2025-11-20 00:04:37,057 - VoiceAssistant - INFO - info:50 - Sound detected! Recording...
2025-11-20 00:04:37,071 - VoiceAssistant - INFO - info:50 - Sound detected! Recording...
2025-11-20 00:04:37,072 - VoiceAssistant - INFO - info:50 - Speech detected!
2025-11-20 00:04:40,751 - VoiceAssistant - INFO - info:50 - Silence detected, stopping recording...
2025-11-20 00:04:40,752 - VoiceAssistant - INFO - info:50 - Saved audio: files/Artur Recordings/20251120_000435_645.wav (4.7s, 413740 bytes)
2025-11-20 00:04:40,866 - VoiceAssistant - INFO - info:50 - Transcribing: files/Artur Recordings/20251120_000435_645.wav (4.7s)
2025-11-20 00:04:41,404 - VoiceAssistant - INFO - info:50 - No transcription found (empty audio)
2025-11-20 00:04:41,564 - VoiceAssistant - INFO - info:50 - Starting audio recording (waiting for sound...)
2025-11-20 00:04:41,869 - VoiceAssistant - INFO - info:50 - Silence detected, stopping recording...
2025-11-20 00:04:41,869 - VoiceAssistant - INFO - info:50 - Silence detected, processing...
2025-11-20 00:04:41,870 - VoiceAssistant - INFO - info:50 - Saved audio: files/Artur Recordings/20251120_000435_641.wav (5.8s, 512044 bytes)
2025-11-20 00:04:41,985 - VoiceAssistant - INFO - info:50 - Transcribing audio...
2025-11-20 00:04:41,985 - VoiceAssistant - INFO - info:50 - Transcribing: files/Artur Recordings/20251120_000435_641.wav (5.8s)
2025-11-20 00:04:42,462 - VoiceAssistant - INFO - info:50 - No transcription found (empty audio)
2025-11-20 00:04:42,463 - VoiceAssistant - WARNING - warning:54 - Transcription failed
2025-11-20 00:04:42,463 - VoiceAssistant - INFO - info:50 - Listening for audio...
2025-11-20 00:04:42,568 - VoiceAssistant - INFO - info:50 - Starting audio recording (waiting for sound...)
2025-11-20 00:04:46,579 - VoiceAssistant - WARNING - warning:54 - Max silence timeout reached during wait phase
2025-11-20 00:04:46,781 - VoiceAssistant - INFO - info:50 - Starting audio recording (waiting for sound...)
2025-11-20 00:04:47,584 - VoiceAssistant - WARNING - warning:54 - Max silence timeout reached during wait phase
2025-11-20 00:04:47,699 - VoiceAssistant - WARNING - warning:54 - Recording failed or was cancelled
2025-11-20 00:04:47,699 - VoiceAssistant - INFO - info:50 - Listening for audio...
2025-11-20 00:04:47,794 - VoiceAssistant - INFO - info:50 - Starting audio recording (waiting for sound...)
2025-11-20 00:04:51,796 - VoiceAssistant - WARNING - warning:54 - Max silence timeout reached during wait phase
2025-11-20 00:04:52,003 - VoiceAssistant - INFO - info:50 - Starting audio recording (waiting for sound...)
2025-11-20 00:04:52,812 - VoiceAssistant - WARNING - warning:54 - Max silence timeout reached during wait phase
2025-11-20 00:04:52,928 - VoiceAssistant - WARNING - warning:54 - Recording failed or was cancelled
2025-11-20 00:04:52,928 - VoiceAssistant - INFO - info:50 - Listening for audio...
2025-11-20 00:04:53,018 - VoiceAssistant - INFO - info:50 - Starting audio recording (waiting for sound...)
2025-11-20 00:04:57,018 - VoiceAssistant - WARNING - warning:54 - Max silence timeout reached during wait phase
2025-11-20 00:04:57,245 - VoiceAssistant - INFO - info:50 - Starting audio recording (waiting for sound...)
2025-11-20 00:04:58,030 - VoiceAssistant - WARNING - warning:54 - Max silence timeout reached during wait phase
2025-11-20 00:04:58,146 - VoiceAssistant - WARNING - warning:54 - Recording failed or was cancelled
2025-11-20 00:04:58,147 - VoiceAssistant - INFO - info:50 - Listening for audio...
2025-11-20 00:04:58,246 - VoiceAssistant - INFO - info:50 - Starting audio recording (waiting for sound...)
2025-11-20 00:05:02,258 - VoiceAssistant - WARNING - warning:54 - Max silence timeout reached during wait phase
2025-11-20 00:05:02,470 - VoiceAssistant - INFO - info:50 - Starting audio recording (waiting for sound...)
2025-11-20 00:05:03,261 - VoiceAssistant - WARNING - warning:54 - Max silence timeout reached during wait phase
2025-11-20 00:05:03,376 - VoiceAssistant - WARNING - warning:54 - Recording failed or was cancelled
2025-11-20 00:05:03,376 - VoiceAssistant - INFO - info:50 - Listening for audio...
2025-11-20 00:05:03,466 - VoiceAssistant - INFO - info:50 - Starting audio recording (waiting for sound...)
2025-11-20 00:05:07,486 - VoiceAssistant - WARNING - warning:54 - Max silence timeout reached during wait phase
2025-11-20 00:05:07,699 - VoiceAssistant - INFO - info:50 - Starting audio recording (waiting for sound...)
2025-11-20 00:05:08,480 - VoiceAssistant - WARNING - warning:54 - Max silence timeout reached during wait phase
2025-11-20 00:05:08,598 - VoiceAssistant - WARNING - warning:54 - Recording failed or was cancelled
2025-11-20 00:05:08,599 - VoiceAssistant - INFO - info:50 - Listening for audio...
2025-11-20 00:05:08,697 - VoiceAssistant - INFO - info:50 - Starting audio recording (waiting for sound...)
2025-11-20 00:05:09,213 - VoiceAssistant - INFO - info:50 - Sound detected! Recording...
2025-11-20 00:05:09,214 - VoiceAssistant - INFO - info:50 - Speech detected!
2025-11-20 00:05:09,215 - VoiceAssistant - INFO - info:50 - Sound detected! Recording...
2025-11-20 00:05:10,214 - VoiceAssistant - INFO - info:50 - Silence detected, stopping recording...
2025-11-20 00:05:10,214 - VoiceAssistant - INFO - info:50 - Silence detected, processing...
2025-11-20 00:05:10,216 - VoiceAssistant - INFO - info:50 - Saved audio: files/Artur Recordings/20251120_000508_598.wav (1.5s, 133164 bytes)
2025-11-20 00:05:10,220 - VoiceAssistant - INFO - info:50 - Silence detected, stopping recording...
2025-11-20 00:05:10,221 - VoiceAssistant - INFO - info:50 - Saved audio: files/Artur Recordings/20251120_000507_603.wav (2.0s, 176172 bytes)
2025-11-20 00:05:10,332 - VoiceAssistant - INFO - info:50 - Transcribing audio...
2025-11-20 00:05:10,332 - VoiceAssistant - INFO - info:50 - Transcribing: files/Artur Recordings/20251120_000508_598.wav (1.5s)
2025-11-20 00:05:10,336 - VoiceAssistant - INFO - info:50 - Transcribing: files/Artur Recordings/20251120_000507_603.wav (2.0s)
2025-11-20 00:05:10,887 - VoiceAssistant - INFO - info:50 - No transcription found (empty audio)
2025-11-20 00:05:10,887 - VoiceAssistant - WARNING - warning:54 - Transcription failed
2025-11-20 00:05:10,887 - VoiceAssistant - INFO - info:50 - Listening for audio...
2025-11-20 00:05:10,896 - VoiceAssistant - INFO - info:50 - No transcription found (empty audio)
2025-11-20 00:05:11,070 - VoiceAssistant - INFO - info:50 - Starting audio recording (waiting for sound...)
2025-11-20 00:05:11,092 - VoiceAssistant - INFO - info:50 - Starting audio recording (waiting for sound...)
2025-11-20 00:05:11,756 - VoiceAssistant - INFO - info:50 - Sound detected! Recording...
2025-11-20 00:05:11,756 - VoiceAssistant - INFO - info:50 - Sound detected! Recording...
2025-11-20 00:05:11,756 - VoiceAssistant - INFO - info:50 - Speech detected!
2025-11-20 00:05:13,076 - VoiceAssistant - INFO - info:50 - Silence detected, stopping recording...
2025-11-20 00:05:13,077 - VoiceAssistant - INFO - info:50 - Silence detected, processing...
2025-11-20 00:05:13,078 - VoiceAssistant - INFO - info:50 - Saved audio: files/Artur Recordings/20251120_000510_887.wav (2.0s, 176172 bytes)
2025-11-20 00:05:13,098 - VoiceAssistant - INFO - info:50 - Silence detected, stopping recording...
2025-11-20 00:05:13,099 - VoiceAssistant - INFO - info:50 - Saved audio: files/Artur Recordings/20251120_000510_896.wav (2.0s, 176172 bytes)
2025-11-20 00:05:13,194 - VoiceAssistant - INFO - info:50 - Transcribing audio...
2025-11-20 00:05:13,194 - VoiceAssistant - INFO - info:50 - Transcribing: files/Artur Recordings/20251120_000510_887.wav (2.0s)
2025-11-20 00:05:13,215 - VoiceAssistant - INFO - info:50 - Transcribing: files/Artur Recordings/20251120_000510_896.wav (2.0s)
2025-11-20 00:05:13,986 - VoiceAssistant - INFO - info:50 - No transcription found (empty audio)
2025-11-20 00:05:13,987 - VoiceAssistant - WARNING - warning:54 - Transcription failed
2025-11-20 00:05:13,987 - VoiceAssistant - INFO - info:50 - Listening for audio...
2025-11-20 00:05:13,991 - VoiceAssistant - INFO - info:50 - No transcription found (empty audio)
2025-11-20 00:05:14,232 - VoiceAssistant - INFO - info:50 - Starting audio recording (waiting for sound...)
2025-11-20 00:05:14,255 - VoiceAssistant - INFO - info:50 - Starting audio recording (waiting for sound...)
2025-11-20 00:05:16,859 - VoiceAssistant - INFO - info:50 - Sound detected! Recording...
2025-11-20 00:05:16,880 - VoiceAssistant - INFO - info:50 - Sound detected! Recording...
2025-11-20 00:05:16,880 - VoiceAssistant - INFO - info:50 - Speech detected!
2025-11-20 00:05:17,881 - VoiceAssistant - INFO - info:50 - Silence detected, stopping recording...
2025-11-20 00:05:17,881 - VoiceAssistant - INFO - info:50 - Silence detected, stopping recording...
2025-11-20 00:05:17,881 - VoiceAssistant - INFO - info:50 - Silence detected, processing...
2025-11-20 00:05:17,882 - VoiceAssistant - INFO - info:50 - Saved audio: files/Artur Recordings/20251120_000513_987.wav (2.0s, 178220 bytes)
2025-11-20 00:05:17,882 - VoiceAssistant - INFO - info:50 - Saved audio: files/Artur Recordings/20251120_000513_992.wav (2.0s, 178220 bytes)
2025-11-20 00:05:17,999 - VoiceAssistant - INFO - info:50 - Transcribing audio...
2025-11-20 00:05:18,000 - VoiceAssistant - INFO - info:50 - Transcribing: files/Artur Recordings/20251120_000513_992.wav (2.0s)
2025-11-20 00:05:18,000 - VoiceAssistant - INFO - info:50 - Transcribing: files/Artur Recordings/20251120_000513_987.wav (2.0s)
2025-11-20 00:05:20,470 - VoiceAssistant - INFO - info:50 - Transcription complete: 'That's all.' (2.47s)
2025-11-20 00:05:20,471 - VoiceAssistant - INFO - info:50 - Saved transcription: files/Artur Recordings/20251120_000513_987.json
2025-11-20 00:05:20,472 - VoiceAssistant - INFO - info:50 - Transcription: 'That's all.'
2025-11-20 00:05:20,472 - VoiceAssistant - INFO - info:50 - Preprocessing text...
2025-11-20 00:05:20,472 - VoiceAssistant - INFO - info:50 - Text preprocessed: 'That's all.'
2025-11-20 00:05:20,473 - VoiceAssistant - INFO - info:50 - Processing as dictation: 'That's all.'
2025-11-20 00:05:20,475 - VoiceAssistant - INFO - info:50 - Auto-pasting transcription...
2025-11-20 00:05:20,513 - VoiceAssistant - INFO - info:50 - Transcription complete: 'Oh, totally.' (2.51s)
2025-11-20 00:05:20,514 - VoiceAssistant - INFO - info:50 - Saved transcription: files/Artur Recordings/20251120_000513_992.json
2025-11-20 00:05:20,514 - VoiceAssistant - INFO - info:50 - Text preprocessed: 'Oh, totally.'
2025-11-20 00:05:21,247 - VoiceAssistant - INFO - info:50 - Successfully pasted: 'That's all.'
2025-11-20 00:05:21,247 - VoiceAssistant - INFO - info:50 - Listening for audio...
2025-11-20 00:05:21,286 - VoiceAssistant - INFO - info:50 - Successfully pasted: 'Oh, totally.'
2025-11-20 00:05:21,496 - VoiceAssistant - INFO - info:50 - Starting audio recording (waiting for sound...)
2025-11-20 00:05:21,496 - VoiceAssistant - INFO - info:50 - Starting audio recording (waiting for sound...)
2025-11-20 00:05:26,508 - VoiceAssistant - WARNING - warning:54 - Max silence timeout reached during wait phase
2025-11-20 00:05:26,509 - VoiceAssistant - WARNING - warning:54 - Max silence timeout reached during wait phase
2025-11-20 00:05:26,626 - VoiceAssistant - WARNING - warning:54 - Recording failed or was cancelled
2025-11-20 00:05:26,626 - VoiceAssistant - INFO - info:50 - Listening for audio...
2025-11-20 00:05:27,044 - VoiceAssistant - INFO - info:50 - Starting audio recording (waiting for sound...)
2025-11-20 00:05:27,044 - VoiceAssistant - INFO - info:50 - Starting audio recording (waiting for sound...)
2025-11-20 00:05:32,055 - VoiceAssistant - WARNING - warning:54 - Max silence timeout reached during wait phase
2025-11-20 00:05:32,059 - VoiceAssistant - WARNING - warning:54 - Max silence timeout reached during wait phase
2025-11-20 00:05:32,174 - VoiceAssistant - WARNING - warning:54 - Recording failed or was cancelled
2025-11-20 00:05:32,174 - VoiceAssistant - INFO - info:50 - Listening for audio...
2025-11-20 00:05:32,725 - VoiceAssistant - INFO - info:50 - Starting audio recording (waiting for sound...)
2025-11-20 00:05:32,727 - VoiceAssistant - INFO - info:50 - Starting audio recording (waiting for sound...)
2025-11-20 00:05:37,735 - VoiceAssistant - WARNING - warning:54 - Max silence timeout reached during wait phase
2025-11-20 00:05:37,736 - VoiceAssistant - WARNING - warning:54 - Max silence timeout reached during wait phase
2025-11-20 00:05:37,852 - VoiceAssistant - WARNING - warning:54 - Recording failed or was cancelled
2025-11-20 00:05:37,853 - VoiceAssistant - INFO - info:50 - Listening for audio...
2025-11-20 00:05:38,320 - VoiceAssistant - INFO - info:50 - Starting audio recording (waiting for sound...)
2025-11-20 00:05:38,320 - VoiceAssistant - INFO - info:50 - Starting audio recording (waiting for sound...)
2025-11-20 00:05:43,328 - VoiceAssistant - WARNING - warning:54 - Max silence timeout reached during wait phase
2025-11-20 00:05:43,328 - VoiceAssistant - WARNING - warning:54 - Max silence timeout reached during wait phase
2025-11-20 00:05:43,446 - VoiceAssistant - WARNING - warning:54 - Recording failed or was cancelled
2025-11-20 00:05:43,447 - VoiceAssistant - INFO - info:50 - Listening for audio...
2025-11-20 00:05:43,900 - VoiceAssistant - INFO - info:50 - Starting audio recording (waiting for sound...)
2025-11-20 00:05:43,900 - VoiceAssistant - INFO - info:50 - Starting audio recording (waiting for sound...)
2025-11-20 00:05:48,910 - VoiceAssistant - WARNING - warning:54 - Max silence timeout reached during wait phase
2025-11-20 00:05:48,910 - VoiceAssistant - WARNING - warning:54 - Max silence timeout reached during wait phase
2025-11-20 00:05:49,028 - VoiceAssistant - WARNING - warning:54 - Recording failed or was cancelled
2025-11-20 00:05:49,029 - VoiceAssistant - INFO - info:50 - Listening for audio...
2025-11-20 00:05:49,487 - VoiceAssistant - INFO - info:50 - Starting audio recording (waiting for sound...)
2025-11-20 00:05:49,487 - VoiceAssistant - INFO - info:50 - Starting audio recording (waiting for sound...)
2025-11-20 00:05:54,496 - VoiceAssistant - WARNING - warning:54 - Max silence timeout reached during wait phase
2025-11-20 00:05:54,497 - VoiceAssistant - WARNING - warning:54 - Max silence timeout reached during wait phase
2025-11-20 00:05:54,613 - VoiceAssistant - WARNING - warning:54 - Recording failed or was cancelled
2025-11-20 00:05:54,613 - VoiceAssistant - INFO - info:50 - Listening for audio...
2025-11-20 00:05:55,083 - VoiceAssistant - INFO - info:50 - Starting audio recording (waiting for sound...)
2025-11-20 00:05:55,084 - VoiceAssistant - INFO - info:50 - Starting audio recording (waiting for sound...)
2025-11-20 00:06:00,097 - VoiceAssistant - WARNING - warning:54 - Max silence timeout reached during wait phase
2025-11-20 00:06:00,097 - VoiceAssistant - WARNING - warning:54 - Max silence timeout reached during wait phase
2025-11-20 00:06:00,213 - VoiceAssistant - WARNING - warning:54 - Recording failed or was cancelled
2025-11-20 00:06:00,213 - VoiceAssistant - INFO - info:50 - Listening for audio...
2025-11-20 00:06:00,675 - VoiceAssistant - INFO - info:50 - Starting audio recording (waiting for sound...)
2025-11-20 00:06:00,676 - VoiceAssistant - INFO - info:50 - Starting audio recording (waiting for sound...)
2025-11-20 00:06:05,689 - VoiceAssistant - WARNING - warning:54 - Max silence timeout reached during wait phase
2025-11-20 00:06:05,690 - VoiceAssistant - WARNING - warning:54 - Max silence timeout reached during wait phase
2025-11-20 00:06:05,806 - VoiceAssistant - WARNING - warning:54 - Recording failed or was cancelled
2025-11-20 00:06:05,807 - VoiceAssistant - INFO - info:50 - Listening for audio...
2025-11-20 00:06:06,284 - VoiceAssistant - INFO - info:50 - Starting audio recording (waiting for sound...)
2025-11-20 00:06:06,284 - VoiceAssistant - INFO - info:50 - Starting audio recording (waiting for sound...)
2025-11-20 00:06:11,296 - VoiceAssistant - WARNING - warning:54 - Max silence timeout reached during wait phase
2025-11-20 00:06:11,296 - VoiceAssistant - WARNING - warning:54 - Max silence timeout reached during wait phase
2025-11-20 00:06:11,412 - VoiceAssistant - WARNING - warning:54 - Recording failed or was cancelled
2025-11-20 00:06:11,413 - VoiceAssistant - INFO - info:50 - Listening for audio...
2025-11-20 00:06:11,877 - VoiceAssistant - INFO - info:50 - Starting audio recording (waiting for sound...)
2025-11-20 00:06:11,878 - VoiceAssistant - INFO - info:50 - Starting audio recording (waiting for sound...)
2025-11-20 00:06:16,891 - VoiceAssistant - WARNING - warning:54 - Max silence timeout reached during wait phase
2025-11-20 00:06:16,891 - VoiceAssistant - WARNING - warning:54 - Max silence timeout reached during wait phase
2025-11-20 00:06:17,020 - VoiceAssistant - WARNING - warning:54 - Recording failed or was cancelled
2025-11-20 00:06:17,020 - VoiceAssistant - INFO - info:50 - Listening for audio...
2025-11-20 00:06:17,481 - VoiceAssistant - INFO - info:50 - Starting audio recording (waiting for sound...)
2025-11-20 00:06:17,482 - VoiceAssistant - INFO - info:50 - Starting audio recording (waiting for sound...)
2025-11-20 00:06:22,490 - VoiceAssistant - WARNING - warning:54 - Max silence timeout reached during wait phase
2025-11-20 00:06:22,490 - VoiceAssistant - WARNING - warning:54 - Max silence timeout reached during wait phase
2025-11-20 00:06:22,606 - VoiceAssistant - WARNING - warning:54 - Recording failed or was cancelled
2025-11-20 00:06:22,607 - VoiceAssistant - INFO - info:50 - Listening for audio...
2025-11-20 00:06:23,057 - VoiceAssistant - INFO - info:50 - Starting audio recording (waiting for sound...)
2025-11-20 00:06:23,058 - VoiceAssistant - INFO - info:50 - Starting audio recording (waiting for sound...)
2025-11-20 00:06:28,073 - VoiceAssistant - WARNING - warning:54 - Max silence timeout reached during wait phase
2025-11-20 00:06:28,073 - VoiceAssistant - WARNING - warning:54 - Max silence timeout reached during wait phase
2025-11-20 00:06:28,199 - VoiceAssistant - WARNING - warning:54 - Recording failed or was cancelled
2025-11-20 00:06:28,199 - VoiceAssistant - INFO - info:50 - Listening for audio...
2025-11-20 00:06:28,658 - VoiceAssistant - INFO - info:50 - Starting audio recording (waiting for sound...)
2025-11-20 00:06:28,659 - VoiceAssistant - INFO - info:50 - Starting audio recording (waiting for sound...)
2025-11-20 00:06:33,672 - VoiceAssistant - WARNING - warning:54 - Max silence timeout reached during wait phase
2025-11-20 00:06:33,672 - VoiceAssistant - WARNING - warning:54 - Max silence timeout reached during wait phase
2025-11-20 00:06:33,797 - VoiceAssistant - WARNING - warning:54 - Recording failed or was cancelled
2025-11-20 00:06:33,798 - VoiceAssistant - INFO - info:50 - Listening for audio...
2025-11-20 00:06:34,295 - VoiceAssistant - INFO - info:50 - Starting audio recording (waiting for sound...)
2025-11-20 00:06:34,296 - VoiceAssistant - INFO - info:50 - Starting audio recording (waiting for sound...)
2025-11-20 00:06:39,312 - VoiceAssistant - WARNING - warning:54 - Max silence timeout reached during wait phase
2025-11-20 00:06:39,312 - VoiceAssistant - WARNING - warning:54 - Max silence timeout reached during wait phase
2025-11-20 00:06:39,428 - VoiceAssistant - WARNING - warning:54 - Recording failed or was cancelled
2025-11-20 00:06:39,428 - VoiceAssistant - INFO - info:50 - Listening for audio...
2025-11-20 00:06:39,890 - VoiceAssistant - INFO - info:50 - Starting audio recording (waiting for sound...)
2025-11-20 00:06:39,891 - VoiceAssistant - INFO - info:50 - Starting audio recording (waiting for sound...)
2025-11-20 00:06:44,903 - VoiceAssistant - WARNING - warning:54 - Max silence timeout reached during wait phase
2025-11-20 00:06:44,906 - VoiceAssistant - WARNING - warning:54 - Max silence timeout reached during wait phase
2025-11-20 00:06:45,032 - VoiceAssistant - WARNING - warning:54 - Recording failed or was cancelled
2025-11-20 00:06:45,032 - VoiceAssistant - INFO - info:50 - Listening for audio...
2025-11-20 00:06:45,506 - VoiceAssistant - INFO - info:50 - Starting audio recording (waiting for sound...)
2025-11-20 00:06:45,507 - VoiceAssistant - INFO - info:50 - Starting audio recording (waiting for sound...)
2025-11-20 00:06:45,803 - VoiceAssistant - INFO - info:50 - Sound detected! Recording...
2025-11-20 00:06:45,804 - VoiceAssistant - INFO - info:50 - Speech detected!
2025-11-20 00:06:45,807 - VoiceAssistant - INFO - info:50 - Sound detected! Recording...
2025-11-20 00:06:48,235 - VoiceAssistant - INFO - info:50 - Silence detected, stopping recording...
2025-11-20 00:06:48,235 - VoiceAssistant - INFO - info:50 - Silence detected, processing...
2025-11-20 00:06:48,236 - VoiceAssistant - INFO - info:50 - Saved audio: files/Artur Recordings/20251120_000645_032.wav (2.7s, 239660 bytes)
2025-11-20 00:06:48,240 - VoiceAssistant - INFO - info:50 - Silence detected, stopping recording...
2025-11-20 00:06:48,241 - VoiceAssistant - INFO - info:50 - Saved audio: files/Artur Recordings/20251120_000645_018.wav (2.7s, 239660 bytes)
2025-11-20 00:06:48,352 - VoiceAssistant - INFO - info:50 - Transcribing audio...
2025-11-20 00:06:48,352 - VoiceAssistant - INFO - info:50 - Transcribing: files/Artur Recordings/20251120_000645_032.wav (2.7s)
2025-11-20 00:06:48,370 - VoiceAssistant - INFO - info:50 - Transcribing: files/Artur Recordings/20251120_000645_018.wav (2.7s)
2025-11-20 00:06:49,709 - VoiceAssistant - INFO - info:50 - No transcription found (empty audio)
2025-11-20 00:06:49,710 - VoiceAssistant - WARNING - warning:54 - Transcription failed
2025-11-20 00:06:49,710 - VoiceAssistant - INFO - info:50 - Listening for audio...
2025-11-20 00:06:49,800 - VoiceAssistant - INFO - info:50 - No transcription found (empty audio)
2025-11-20 00:06:49,884 - VoiceAssistant - INFO - info:50 - Starting audio recording (waiting for sound...)
2025-11-20 00:06:49,977 - VoiceAssistant - INFO - info:50 - Starting audio recording (waiting for sound...)
2025-11-20 00:06:50,549 - VoiceAssistant - INFO - info:50 - Sound detected! Recording...
2025-11-20 00:06:50,549 - VoiceAssistant - INFO - info:50 - Speech detected!
2025-11-20 00:06:50,557 - VoiceAssistant - INFO - info:50 - Sound detected! Recording...
2025-11-20 00:06:51,539 - VoiceAssistant - INFO - info:50 - Silence detected, stopping recording...
2025-11-20 00:06:51,540 - VoiceAssistant - INFO - info:50 - Saved audio: files/Artur Recordings/20251120_000649_800.wav (1.6s, 137260 bytes)
2025-11-20 00:06:51,549 - VoiceAssistant - INFO - info:50 - Silence detected, stopping recording...
2025-11-20 00:06:51,550 - VoiceAssistant - INFO - info:50 - Silence detected, processing...
2025-11-20 00:06:51,553 - VoiceAssistant - INFO - info:50 - Saved audio: files/Artur Recordings/20251120_000649_710.wav (1.6s, 145452 bytes)
2025-11-20 00:06:51,656 - VoiceAssistant - INFO - info:50 - Transcribing: files/Artur Recordings/20251120_000649_800.wav (1.6s)
2025-11-20 00:06:51,680 - VoiceAssistant - INFO - info:50 - Transcribing audio...
2025-11-20 00:06:51,681 - VoiceAssistant - INFO - info:50 - Transcribing: files/Artur Recordings/20251120_000649_710.wav (1.6s)
2025-11-20 00:06:54,621 - VoiceAssistant - INFO - info:50 - No transcription found (empty audio)
2025-11-20 00:06:54,661 - VoiceAssistant - INFO - info:50 - No transcription found (empty audio)
2025-11-20 00:06:54,661 - VoiceAssistant - WARNING - warning:54 - Transcription failed
2025-11-20 00:06:54,661 - VoiceAssistant - INFO - info:50 - Listening for audio...
2025-11-20 00:06:54,884 - VoiceAssistant - INFO - info:50 - Starting audio recording (waiting for sound...)
2025-11-20 00:06:54,995 - VoiceAssistant - INFO - info:50 - Starting audio recording (waiting for sound...)
2025-11-20 00:06:59,899 - VoiceAssistant - WARNING - warning:54 - Max silence timeout reached during wait phase
2025-11-20 00:07:00,013 - VoiceAssistant - WARNING - warning:54 - Max silence timeout reached during wait phase
2025-11-20 00:07:00,128 - VoiceAssistant - WARNING - warning:54 - Recording failed or was cancelled
2025-11-20 00:07:00,128 - VoiceAssistant - INFO - info:50 - Listening for audio...
2025-11-20 00:07:00,192 - VoiceAssistant - INFO - info:50 - Starting audio recording (waiting for sound...)
2025-11-20 00:07:00,415 - VoiceAssistant - INFO - info:50 - Starting audio recording (waiting for sound...)
2025-11-20 00:07:05,206 - VoiceAssistant - WARNING - warning:54 - Max silence timeout reached during wait phase
2025-11-20 00:07:05,428 - VoiceAssistant - WARNING - warning:54 - Max silence timeout reached during wait phase
2025-11-20 00:07:05,469 - VoiceAssistant - INFO - info:50 - Starting audio recording (waiting for sound...)
2025-11-20 00:07:05,542 - VoiceAssistant - WARNING - warning:54 - Recording failed or was cancelled
2025-11-20 00:07:05,543 - VoiceAssistant - INFO - info:50 - Listening for audio...
2025-11-20 00:07:05,789 - VoiceAssistant - INFO - info:50 - Starting audio recording (waiting for sound...)
2025-11-20 00:07:10,482 - VoiceAssistant - WARNING - warning:54 - Max silence timeout reached during wait phase
2025-11-20 00:07:10,692 - VoiceAssistant - INFO - info:50 - Starting audio recording (waiting for sound...)
2025-11-20 00:07:10,805 - VoiceAssistant - WARNING - warning:54 - Max silence timeout reached during wait phase
2025-11-20 00:07:10,921 - VoiceAssistant - WARNING - warning:54 - Recording failed or was cancelled
2025-11-20 00:07:10,922 - VoiceAssistant - INFO - info:50 - Listening for audio...
2025-11-20 00:07:11,066 - VoiceAssistant - INFO - info:50 - Starting audio recording (waiting for sound...)
2025-11-20 00:07:15,705 - VoiceAssistant - WARNING - warning:54 - Max silence timeout reached during wait phase
2025-11-20 00:07:15,924 - VoiceAssistant - INFO - info:50 - Starting audio recording (waiting for sound...)
2025-11-20 00:07:16,082 - VoiceAssistant - WARNING - warning:54 - Max silence timeout reached during wait phase
2025-11-20 00:07:16,196 - VoiceAssistant - WARNING - warning:54 - Recording failed or was cancelled
2025-11-20 00:07:16,196 - VoiceAssistant - INFO - info:50 - Listening for audio...
2025-11-20 00:07:16,359 - VoiceAssistant - INFO - info:50 - Starting audio recording (waiting for sound...)
2025-11-20 00:07:20,941 - VoiceAssistant - WARNING - warning:54 - Max silence timeout reached during wait phase
2025-11-20 00:07:21,325 - VoiceAssistant - INFO - info:50 - Starting audio recording (waiting for sound...)
2025-11-20 00:07:21,376 - VoiceAssistant - WARNING - warning:54 - Max silence timeout reached during wait phase
2025-11-20 00:07:21,491 - VoiceAssistant - WARNING - warning:54 - Recording failed or was cancelled
2025-11-20 00:07:21,492 - VoiceAssistant - INFO - info:50 - Listening for audio...
2025-11-20 00:07:21,965 - VoiceAssistant - INFO - info:50 - Starting audio recording (waiting for sound...)
2025-11-20 00:07:25,212 - VoiceAssistant - INFO - info:50 - Sound detected! Recording...
2025-11-20 00:07:25,212 - VoiceAssistant - INFO - info:50 - Sound detected! Recording...
2025-11-20 00:07:25,212 - VoiceAssistant - INFO - info:50 - Speech detected!
2025-11-20 00:07:26,233 - VoiceAssistant - INFO - info:50 - Silence detected, stopping recording...
2025-11-20 00:07:26,234 - VoiceAssistant - INFO - info:50 - Silence detected, processing...
2025-11-20 00:07:26,234 - VoiceAssistant - INFO - info:50 - Saved audio: files/Artur Recordings/20251120_000721_492.wav (2.0s, 178220 bytes)
2025-11-20 00:07:26,235 - VoiceAssistant - INFO - info:50 - Silence detected, stopping recording...
2025-11-20 00:07:26,236 - VoiceAssistant - INFO - info:50 - Saved audio: files/Artur Recordings/20251120_000721_057.wav (2.0s, 178220 bytes)
2025-11-20 00:07:26,351 - VoiceAssistant - INFO - info:50 - Transcribing audio...
2025-11-20 00:07:26,351 - VoiceAssistant - INFO - info:50 - Transcribing: files/Artur Recordings/20251120_000721_057.wav (2.0s)
2025-11-20 00:07:26,352 - VoiceAssistant - INFO - info:50 - Transcribing: files/Artur Recordings/20251120_000721_492.wav (2.0s)
2025-11-20 00:07:27,373 - VoiceAssistant - INFO - info:50 - No transcription found (empty audio)
2025-11-20 00:07:27,450 - VoiceAssistant - INFO - info:50 - No transcription found (empty audio)
2025-11-20 00:07:27,450 - VoiceAssistant - WARNING - warning:54 - Transcription failed
2025-11-20 00:07:27,450 - VoiceAssistant - INFO - info:50 - Listening for audio...
2025-11-20 00:07:27,595 - VoiceAssistant - INFO - info:50 - Starting audio recording (waiting for sound...)
2025-11-20 00:07:27,823 - VoiceAssistant - INFO - info:50 - Starting audio recording (waiting for sound...)
2025-11-20 00:07:32,608 - VoiceAssistant - WARNING - warning:54 - Max silence timeout reached during wait phase
2025-11-20 00:07:32,837 - VoiceAssistant - WARNING - warning:54 - Max silence timeout reached during wait phase
2025-11-20 00:07:32,840 - VoiceAssistant - INFO - info:50 - Starting audio recording (waiting for sound...)
2025-11-20 00:07:32,953 - VoiceAssistant - WARNING - warning:54 - Recording failed or was cancelled
2025-11-20 00:07:32,953 - VoiceAssistant - INFO - info:50 - Listening for audio...
2025-11-20 00:07:33,106 - VoiceAssistant - INFO - info:50 - Starting audio recording (waiting for sound...)
2025-11-20 00:07:33,311 - VoiceAssistant - INFO - info:50 - Sound detected! Recording...
2025-11-20 00:07:33,323 - VoiceAssistant - INFO - info:50 - Sound detected! Recording...
2025-11-20 00:07:33,323 - VoiceAssistant - INFO - info:50 - Speech detected!
2025-11-20 00:07:35,177 - VoiceAssistant - INFO - info:50 - Silence detected, stopping recording...
2025-11-20 00:07:35,178 - VoiceAssistant - INFO - info:50 - Silence detected, processing...
2025-11-20 00:07:35,179 - VoiceAssistant - INFO - info:50 - Saved audio: files/Artur Recordings/20251120_000732_953.wav (2.1s, 182316 bytes)
2025-11-20 00:07:35,188 - VoiceAssistant - INFO - info:50 - Silence detected, stopping recording...
2025-11-20 00:07:35,192 - VoiceAssistant - INFO - info:50 - Saved audio: files/Artur Recordings/20251120_000732_725.wav (2.3s, 206892 bytes)
2025-11-20 00:07:35,296 - VoiceAssistant - INFO - info:50 - Transcribing audio...
2025-11-20 00:07:35,296 - VoiceAssistant - INFO - info:50 - Transcribing: files/Artur Recordings/20251120_000732_953.wav (2.1s)
2025-11-20 00:07:35,307 - VoiceAssistant - INFO - info:50 - Transcribing: files/Artur Recordings/20251120_000732_725.wav (2.3s)
2025-11-20 00:07:36,355 - VoiceAssistant - INFO - info:50 - Transcription complete: '1 2 3 4' (1.06s)
2025-11-20 00:07:36,356 - VoiceAssistant - INFO - info:50 - Saved transcription: files/Artur Recordings/20251120_000732_953.json
2025-11-20 00:07:36,356 - VoiceAssistant - INFO - info:50 - Transcription: '1 2 3 4'
2025-11-20 00:07:36,357 - VoiceAssistant - INFO - info:50 - Preprocessing text...
2025-11-20 00:07:36,357 - VoiceAssistant - INFO - info:50 - Text preprocessed: '1 2 3 4.'
2025-11-20 00:07:36,357 - VoiceAssistant - INFO - info:50 - Processing as dictation: '1 2 3 4.'
2025-11-20 00:07:36,359 - VoiceAssistant - INFO - info:50 - Auto-pasting transcription...
2025-11-20 00:07:36,359 - VoiceAssistant - INFO - info:50 - Transcription complete: '1 2 3 4' (1.05s)
2025-11-20 00:07:36,360 - VoiceAssistant - INFO - info:50 - Saved transcription: files/Artur Recordings/20251120_000732_725.json
2025-11-20 00:07:36,360 - VoiceAssistant - INFO - info:50 - Text preprocessed: '1 2 3 4.'
2025-11-20 00:07:37,128 - VoiceAssistant - INFO - info:50 - Successfully pasted: '1 2 3 4.'
2025-11-20 00:07:37,129 - VoiceAssistant - INFO - info:50 - Listening for audio...
2025-11-20 00:07:37,134 - VoiceAssistant - INFO - info:50 - Successfully pasted: '1 2 3 4.'
2025-11-20 00:07:37,380 - VoiceAssistant - INFO - info:50 - Starting audio recording (waiting for sound...)
2025-11-20 00:07:37,404 - VoiceAssistant - INFO - info:50 - Starting audio recording (waiting for sound...)
2025-11-20 00:07:39,473 - VoiceAssistant - INFO - info:50 - Sound detected! Recording...
2025-11-20 00:07:39,494 - VoiceAssistant - INFO - info:50 - Sound detected! Recording...
2025-11-20 00:07:39,495 - VoiceAssistant - INFO - info:50 - Speech detected!
2025-11-20 00:07:41,436 - VoiceAssistant - INFO - info:50 - Silence detected, stopping recording...
2025-11-20 00:07:41,436 - VoiceAssistant - INFO - info:50 - Silence detected, stopping recording...
2025-11-20 00:07:41,436 - VoiceAssistant - INFO - info:50 - Silence detected, processing...
2025-11-20 00:07:41,437 - VoiceAssistant - INFO - info:50 - Saved audio: files/Artur Recordings/20251120_000737_129.wav (2.9s, 260140 bytes)
2025-11-20 00:07:41,438 - VoiceAssistant - INFO - info:50 - Saved audio: files/Artur Recordings/20251120_000737_135.wav (2.9s, 260140 bytes)
2025-11-20 00:07:41,553 - VoiceAssistant - INFO - info:50 - Transcribing audio...
2025-11-20 00:07:41,553 - VoiceAssistant - INFO - info:50 - Transcribing: files/Artur Recordings/20251120_000737_135.wav (2.9s)
2025-11-20 00:07:41,553 - VoiceAssistant - INFO - info:50 - Transcribing: files/Artur Recordings/20251120_000737_129.wav (2.9s)
2025-11-20 00:07:42,656 - VoiceAssistant - INFO - info:50 - Transcription complete: '1, 2, 3, 4.' (1.10s)
2025-11-20 00:07:42,657 - VoiceAssistant - INFO - info:50 - Saved transcription: files/Artur Recordings/20251120_000737_129.json
2025-11-20 00:07:42,658 - VoiceAssistant - INFO - info:50 - Transcription: '1, 2, 3, 4.'
2025-11-20 00:07:42,658 - VoiceAssistant - INFO - info:50 - Preprocessing text...
2025-11-20 00:07:42,658 - VoiceAssistant - INFO - info:50 - Text preprocessed: '1, 2, 3, 4.'
2025-11-20 00:07:42,658 - VoiceAssistant - INFO - info:50 - Processing as dictation: '1, 2, 3, 4.'
2025-11-20 00:07:42,661 - VoiceAssistant - INFO - info:50 - Auto-pasting transcription...
2025-11-20 00:07:42,669 - VoiceAssistant - INFO - info:50 - Transcription complete: '1, 2, 3, 4.' (1.12s)
2025-11-20 00:07:42,669 - VoiceAssistant - INFO - info:50 - Saved transcription: files/Artur Recordings/20251120_000737_135.json
2025-11-20 00:07:42,670 - VoiceAssistant - INFO - info:50 - Text preprocessed: '1, 2, 3, 4.'
2025-11-20 00:07:43,432 - VoiceAssistant - INFO - info:50 - Successfully pasted: '1, 2, 3, 4.'
2025-11-20 00:07:43,432 - VoiceAssistant - INFO - info:50 - Listening for audio...
2025-11-20 00:07:43,440 - VoiceAssistant - INFO - info:50 - Successfully pasted: '1, 2, 3, 4.'
2025-11-20 00:07:43,697 - VoiceAssistant - INFO - info:50 - Starting audio recording (waiting for sound...)
2025-11-20 00:07:43,742 - VoiceAssistant - INFO - info:50 - Starting audio recording (waiting for sound...)
2025-11-20 00:07:48,712 - VoiceAssistant - WARNING - warning:54 - Max silence timeout reached during wait phase
2025-11-20 00:07:48,757 - VoiceAssistant - WARNING - warning:54 - Max silence timeout reached during wait phase
2025-11-20 00:07:48,827 - VoiceAssistant - WARNING - warning:54 - Recording failed or was cancelled
2025-11-20 00:07:48,827 - VoiceAssistant - INFO - info:50 - Listening for audio...
2025-11-20 00:07:49,031 - VoiceAssistant - INFO - info:50 - Starting audio recording (waiting for sound...)
2025-11-20 00:07:49,163 - VoiceAssistant - INFO - info:50 - Starting audio recording (waiting for sound...)
2025-11-20 00:07:54,044 - VoiceAssistant - WARNING - warning:54 - Max silence timeout reached during wait phase
2025-11-20 00:07:54,159 - VoiceAssistant - WARNING - warning:54 - Recording failed or was cancelled
2025-11-20 00:07:54,159 - VoiceAssistant - INFO - info:50 - Listening for audio...
2025-11-20 00:07:54,180 - VoiceAssistant - WARNING - warning:54 - Max silence timeout reached during wait phase
2025-11-20 00:07:54,280 - VoiceAssistant - INFO - info:50 - Starting audio recording (waiting for sound...)
2025-11-20 00:07:54,514 - VoiceAssistant - INFO - info:50 - Starting audio recording (waiting for sound...)
2025-11-20 00:07:59,293 - VoiceAssistant - WARNING - warning:54 - Max silence timeout reached during wait phase
2025-11-20 00:07:59,409 - VoiceAssistant - WARNING - warning:54 - Recording failed or was cancelled
2025-11-20 00:07:59,409 - VoiceAssistant - INFO - info:50 - Listening for audio...
2025-11-20 00:07:59,499 - VoiceAssistant - INFO - info:50 - Starting audio recording (waiting for sound...)
2025-11-20 00:07:59,530 - VoiceAssistant - WARNING - warning:54 - Max silence timeout reached during wait phase
2025-11-20 00:07:59,842 - VoiceAssistant - INFO - info:50 - Starting audio recording (waiting for sound...)
2025-11-20 00:08:04,513 - VoiceAssistant - WARNING - warning:54 - Max silence timeout reached during wait phase
2025-11-20 00:08:04,629 - VoiceAssistant - WARNING - warning:54 - Recording failed or was cancelled
2025-11-20 00:08:04,629 - VoiceAssistant - INFO - info:50 - Listening for audio...
2025-11-20 00:08:04,727 - VoiceAssistant - INFO - info:50 - Starting audio recording (waiting for sound...)
2025-11-20 00:08:04,859 - VoiceAssistant - WARNING - warning:54 - Max silence timeout reached during wait phase
2025-11-20 00:08:05,129 - VoiceAssistant - INFO - info:50 - Starting audio recording (waiting for sound...)
2025-11-20 00:08:05,453 - VoiceAssistant - INFO - info:50 - Sound detected! Recording...
2025-11-20 00:08:05,453 - VoiceAssistant - INFO - info:50 - Speech detected!
2025-11-20 00:08:05,470 - VoiceAssistant - INFO - info:50 - Sound detected! Recording...
2025-11-20 00:08:08,502 - VoiceAssistant - INFO - info:50 - Silence detected, stopping recording...
2025-11-20 00:08:08,504 - VoiceAssistant - INFO - info:50 - Saved audio: files/Artur Recordings/20251120_000804_974.wav (3.4s, 297004 bytes)
2025-11-20 00:08:08,524 - VoiceAssistant - INFO - info:50 - Silence detected, stopping recording...
2025-11-20 00:08:08,524 - VoiceAssistant - INFO - info:50 - Silence detected, processing...
2025-11-20 00:08:08,525 - VoiceAssistant - INFO - info:50 - Saved audio: files/Artur Recordings/20251120_000804_629.wav (3.8s, 333868 bytes)
2025-11-20 00:08:08,622 - VoiceAssistant - INFO - info:50 - Transcribing: files/Artur Recordings/20251120_000804_974.wav (3.4s)
2025-11-20 00:08:08,650 - VoiceAssistant - INFO - info:50 - Transcribing audio...
2025-11-20 00:08:08,651 - VoiceAssistant - INFO - info:50 - Transcribing: files/Artur Recordings/20251120_000804_629.wav (3.8s)
2025-11-20 00:08:10,063 - VoiceAssistant - INFO - info:50 - Transcription complete: 'One, two, three points.' (1.44s)
2025-11-20 00:08:10,064 - VoiceAssistant - INFO - info:50 - Saved transcription: files/Artur Recordings/20251120_000804_974.json
2025-11-20 00:08:10,064 - VoiceAssistant - INFO - info:50 - Text preprocessed: 'One, two, three points.'
2025-11-20 00:08:10,155 - VoiceAssistant - INFO - info:50 - Transcription complete: 'One, two, three, four.' (1.50s)
2025-11-20 00:08:10,156 - VoiceAssistant - INFO - info:50 - Saved transcription: files/Artur Recordings/20251120_000804_629.json
2025-11-20 00:08:10,156 - VoiceAssistant - INFO - info:50 - Transcription: 'One, two, three, four.'
2025-11-20 00:08:10,156 - VoiceAssistant - INFO - info:50 - Preprocessing text...
2025-11-20 00:08:10,156 - VoiceAssistant - INFO - info:50 - Text preprocessed: 'One, two, three, four.'
2025-11-20 00:08:10,156 - VoiceAssistant - INFO - info:50 - Processing as dictation: 'One, two, three, four.'
2025-11-20 00:08:10,162 - VoiceAssistant - INFO - info:50 - Auto-pasting transcription...
2025-11-20 00:08:10,842 - VoiceAssistant - INFO - info:50 - Successfully pasted: 'One, two, three points.'
2025-11-20 00:08:10,931 - VoiceAssistant - INFO - info:50 - Successfully pasted: 'One, two, three, four.'
2025-11-20 00:08:10,931 - VoiceAssistant - INFO - info:50 - Listening for audio...
2025-11-20 00:08:11,116 - VoiceAssistant - INFO - info:50 - Starting audio recording (waiting for sound...)
2025-11-20 00:08:11,186 - VoiceAssistant - INFO - info:50 - Starting audio recording (waiting for sound...)
2025-11-20 00:08:16,134 - VoiceAssistant - WARNING - warning:54 - Max silence timeout reached during wait phase
2025-11-20 00:08:16,203 - VoiceAssistant - WARNING - warning:54 - Max silence timeout reached during wait phase
2025-11-20 00:08:16,318 - VoiceAssistant - WARNING - warning:54 - Recording failed or was cancelled
2025-11-20 00:08:16,319 - VoiceAssistant - INFO - info:50 - Listening for audio...
2025-11-20 00:08:16,469 - VoiceAssistant - INFO - info:50 - Starting audio recording (waiting for sound...)
2025-11-20 00:08:16,544 - VoiceAssistant - INFO - info:50 - Starting audio recording (waiting for sound...)
2025-11-20 00:08:20,822 - VoiceAssistant - INFO - info:50 - Sound detected! Recording...
2025-11-20 00:08:20,832 - VoiceAssistant - INFO - info:50 - Sound detected! Recording...
2025-11-20 00:08:20,833 - VoiceAssistant - INFO - info:50 - Speech detected!
2025-11-20 00:08:21,836 - VoiceAssistant - INFO - info:50 - Silence detected, stopping recording...
2025-11-20 00:08:21,836 - VoiceAssistant - INFO - info:50 - Silence detected, processing...
2025-11-20 00:08:21,837 - VoiceAssistant - INFO - info:50 - Saved audio: files/Artur Recordings/20251120_000816_318.wav (2.0s, 176172 bytes)
2025-11-20 00:08:21,846 - VoiceAssistant - INFO - info:50 - Silence detected, stopping recording...
2025-11-20 00:08:21,849 - VoiceAssistant - INFO - info:50 - Saved audio: files/Artur Recordings/20251120_000816_250.wav (2.0s, 178220 bytes)
2025-11-20 00:08:21,951 - VoiceAssistant - INFO - info:50 - Transcribing audio...
2025-11-20 00:08:21,952 - VoiceAssistant - INFO - info:50 - Transcribing: files/Artur Recordings/20251120_000816_318.wav (2.0s)
2025-11-20 00:08:21,964 - VoiceAssistant - INFO - info:50 - Transcribing: files/Artur Recordings/20251120_000816_250.wav (2.0s)
2025-11-20 00:08:23,087 - VoiceAssistant - INFO - info:50 - No transcription found (empty audio)
2025-11-20 00:08:23,087 - VoiceAssistant - WARNING - warning:54 - Transcription failed
2025-11-20 00:08:23,087 - VoiceAssistant - INFO - info:50 - Listening for audio...
2025-11-20 00:08:23,096 - VoiceAssistant - INFO - info:50 - No transcription found (empty audio)
2025-11-20 00:08:23,446 - VoiceAssistant - INFO - info:50 - Starting audio recording (waiting for sound...)
2025-11-20 00:08:23,468 - VoiceAssistant - INFO - info:50 - Starting audio recording (waiting for sound...)
2025-11-20 00:08:28,462 - VoiceAssistant - WARNING - warning:54 - Max silence timeout reached during wait phase
2025-11-20 00:08:28,484 - VoiceAssistant - WARNING - warning:54 - Max silence timeout reached during wait phase
2025-11-20 00:08:28,577 - VoiceAssistant - WARNING - warning:54 - Recording failed or was cancelled
2025-11-20 00:08:28,577 - VoiceAssistant - INFO - info:50 - Listening for audio...
2025-11-20 00:08:28,850 - VoiceAssistant - INFO - info:50 - Starting audio recording (waiting for sound...)
2025-11-20 00:08:28,873 - VoiceAssistant - INFO - info:50 - Starting audio recording (waiting for sound...)
2025-11-20 00:08:33,866 - VoiceAssistant - WARNING - warning:54 - Max silence timeout reached during wait phase
2025-11-20 00:08:33,888 - VoiceAssistant - WARNING - warning:54 - Max silence timeout reached during wait phase
2025-11-20 00:08:33,982 - VoiceAssistant - WARNING - warning:54 - Recording failed or was cancelled
2025-11-20 00:08:33,982 - VoiceAssistant - INFO - info:50 - Listening for audio...
2025-11-20 00:08:34,152 - VoiceAssistant - INFO - info:50 - Starting audio recording (waiting for sound...)
2025-11-20 00:08:34,185 - VoiceAssistant - INFO - info:50 - Starting audio recording (waiting for sound...)
2025-11-20 00:08:36,671 - VoiceAssistant - INFO - info:50 - Sound detected! Recording...
2025-11-20 00:08:36,671 - VoiceAssistant - INFO - info:50 - Speech detected!
2025-11-20 00:08:36,683 - VoiceAssistant - INFO - info:50 - Sound detected! Recording...
2025-11-20 00:08:37,676 - VoiceAssistant - INFO - info:50 - Silence detected, stopping recording...
2025-11-20 00:08:37,676 - VoiceAssistant - INFO - info:50 - Silence detected, processing...
2025-11-20 00:08:37,677 - VoiceAssistant - INFO - info:50 - Saved audio: files/Artur Recordings/20251120_000833_982.wav (2.0s, 176172 bytes)
2025-11-20 00:08:37,687 - VoiceAssistant - INFO - info:50 - Silence detected, stopping recording...
2025-11-20 00:08:37,689 - VoiceAssistant - INFO - info:50 - Saved audio: files/Artur Recordings/20251120_000834_003.wav (2.0s, 176172 bytes)
2025-11-20 00:08:37,793 - VoiceAssistant - INFO - info:50 - Transcribing audio...
2025-11-20 00:08:37,793 - VoiceAssistant - INFO - info:50 - Transcribing: files/Artur Recordings/20251120_000833_982.wav (2.0s)
2025-11-20 00:08:37,804 - VoiceAssistant - INFO - info:50 - Transcribing: files/Artur Recordings/20251120_000834_003.wav (2.0s)
2025-11-20 00:08:38,311 - VoiceAssistant - INFO - info:50 - No transcription found (empty audio)
2025-11-20 00:08:38,311 - VoiceAssistant - WARNING - warning:54 - Transcription failed
2025-11-20 00:08:38,311 - VoiceAssistant - INFO - info:50 - Listening for audio...
2025-11-20 00:08:38,317 - VoiceAssistant - INFO - info:50 - No transcription found (empty audio)
2025-11-20 00:08:38,493 - VoiceAssistant - INFO - info:50 - Starting audio recording (waiting for sound...)
2025-11-20 00:08:38,516 - VoiceAssistant - INFO - info:50 - Starting audio recording (waiting for sound...)
2025-11-20 00:08:43,506 - VoiceAssistant - WARNING - warning:54 - Max silence timeout reached during wait phase
2025-11-20 00:08:43,533 - VoiceAssistant - WARNING - warning:54 - Max silence timeout reached during wait phase
2025-11-20 00:08:43,622 - VoiceAssistant - WARNING - warning:54 - Recording failed or was cancelled
2025-11-20 00:08:43,622 - VoiceAssistant - INFO - info:50 - Listening for audio...
2025-11-20 00:08:43,755 - VoiceAssistant - INFO - info:50 - Starting audio recording (waiting for sound...)
2025-11-20 00:08:43,809 - VoiceAssistant - INFO - info:50 - Starting audio recording (waiting for sound...)
2025-11-20 00:08:48,771 - VoiceAssistant - WARNING - warning:54 - Max silence timeout reached during wait phase
2025-11-20 00:08:48,825 - VoiceAssistant - WARNING - warning:54 - Max silence timeout reached during wait phase
2025-11-20 00:08:48,887 - VoiceAssistant - WARNING - warning:54 - Recording failed or was cancelled
2025-11-20 00:08:48,887 - VoiceAssistant - INFO - info:50 - Listening for audio...
2025-11-20 00:08:48,999 - VoiceAssistant - INFO - info:50 - Starting audio recording (waiting for sound...)
2025-11-20 00:08:49,063 - VoiceAssistant - INFO - info:50 - Starting audio recording (waiting for sound...)
2025-11-20 00:08:54,013 - VoiceAssistant - WARNING - warning:54 - Max silence timeout reached during wait phase
2025-11-20 00:08:54,079 - VoiceAssistant - WARNING - warning:54 - Max silence timeout reached during wait phase
2025-11-20 00:08:54,130 - VoiceAssistant - WARNING - warning:54 - Recording failed or was cancelled
2025-11-20 00:08:54,130 - VoiceAssistant - INFO - info:50 - Listening for audio...
2025-11-20 00:08:54,246 - VoiceAssistant - INFO - info:50 - Starting audio recording (waiting for sound...)
2025-11-20 00:08:54,311 - VoiceAssistant - INFO - info:50 - Starting audio recording (waiting for sound...)
2025-11-20 00:08:56,018 - VoiceAssistant - INFO - info:50 - Sound detected! Recording...
2025-11-20 00:08:56,018 - VoiceAssistant - INFO - info:50 - Sound detected! Recording...
2025-11-20 00:08:56,018 - VoiceAssistant - INFO - info:50 - Speech detected!
2025-11-20 00:08:57,106 - VoiceAssistant - INFO - info:50 - Silence detected, stopping recording...
2025-11-20 00:08:57,106 - VoiceAssistant - INFO - info:50 - Silence detected, processing...
2025-11-20 00:08:57,107 - VoiceAssistant - INFO - info:50 - Saved audio: files/Artur Recordings/20251120_000854_130.wav (2.1s, 184364 bytes)
2025-11-20 00:08:57,149 - VoiceAssistant - INFO - info:50 - Silence detected, stopping recording...
2025-11-20 00:08:57,150 - VoiceAssistant - INFO - info:50 - Saved audio: files/Artur Recordings/20251120_000854_194.wav (2.1s, 188460 bytes)
2025-11-20 00:08:57,222 - VoiceAssistant - INFO - info:50 - Transcribing audio...
2025-11-20 00:08:57,223 - VoiceAssistant - INFO - info:50 - Transcribing: files/Artur Recordings/20251120_000854_130.wav (2.1s)
2025-11-20 00:08:57,265 - VoiceAssistant - INFO - info:50 - Transcribing: files/Artur Recordings/20251120_000854_194.wav (2.1s)
2025-11-20 00:08:58,224 - VoiceAssistant - INFO - info:50 - No transcription found (empty audio)
2025-11-20 00:08:58,224 - VoiceAssistant - WARNING - warning:54 - Transcription failed
2025-11-20 00:08:58,224 - VoiceAssistant - INFO - info:50 - Listening for audio...
2025-11-20 00:08:58,239 - VoiceAssistant - INFO - info:50 - No transcription found (empty audio)
2025-11-20 00:08:58,559 - VoiceAssistant - INFO - info:50 - Starting audio recording (waiting for sound...)
2025-11-20 00:08:58,580 - VoiceAssistant - INFO - info:50 - Starting audio recording (waiting for sound...)
2025-11-20 00:09:03,575 - VoiceAssistant - WARNING - warning:54 - Max silence timeout reached during wait phase
2025-11-20 00:09:03,598 - VoiceAssistant - WARNING - warning:54 - Max silence timeout reached during wait phase
2025-11-20 00:09:03,690 - VoiceAssistant - WARNING - warning:54 - Recording failed or was cancelled
2025-11-20 00:09:03,690 - VoiceAssistant - INFO - info:50 - Listening for audio...
2025-11-20 00:09:03,942 - VoiceAssistant - INFO - info:50 - Starting audio recording (waiting for sound...)
2025-11-20 00:09:03,982 - VoiceAssistant - INFO - info:50 - Starting audio recording (waiting for sound...)
2025-11-20 00:09:08,955 - VoiceAssistant - WARNING - warning:54 - Max silence timeout reached during wait phase
2025-11-20 00:09:08,999 - VoiceAssistant - WARNING - warning:54 - Max silence timeout reached during wait phase
2025-11-20 00:09:09,070 - VoiceAssistant - WARNING - warning:54 - Recording failed or was cancelled
2025-11-20 00:09:09,071 - VoiceAssistant - INFO - info:50 - Listening for audio...
2025-11-20 00:09:09,245 - VoiceAssistant - INFO - info:50 - Starting audio recording (waiting for sound...)
2025-11-20 00:09:09,329 - VoiceAssistant - INFO - info:50 - Starting audio recording (waiting for sound...)
2025-11-20 00:09:11,486 - VoiceAssistant - INFO - info:50 - Sound detected! Recording...
2025-11-20 00:09:11,486 - VoiceAssistant - INFO - info:50 - Speech detected!
2025-11-20 00:09:11,504 - VoiceAssistant - INFO - info:50 - Sound detected! Recording...
2025-11-20 00:09:13,344 - VoiceAssistant - INFO - info:50 - Silence detected, stopping recording...
2025-11-20 00:09:13,360 - VoiceAssistant - INFO - info:50 - Silence detected, stopping recording...
2025-11-20 00:09:13,361 - VoiceAssistant - INFO - info:50 - Silence detected, processing...
2025-11-20 00:09:13,362 - VoiceAssistant - INFO - info:50 - Saved audio: files/Artur Recordings/20251120_000909_114.wav (2.9s, 251948 bytes)
2025-11-20 00:09:13,362 - VoiceAssistant - INFO - info:50 - Saved audio: files/Artur Recordings/20251120_000909_071.wav (2.9s, 251948 bytes)
2025-11-20 00:09:13,478 - VoiceAssistant - INFO - info:50 - Transcribing audio...
2025-11-20 00:09:13,478 - VoiceAssistant - INFO - info:50 - Transcribing: files/Artur Recordings/20251120_000909_114.wav (2.9s)
2025-11-20 00:09:13,479 - VoiceAssistant - INFO - info:50 - Transcribing: files/Artur Recordings/20251120_000909_071.wav (2.9s)
2025-11-20 00:09:14,653 - VoiceAssistant - INFO - info:50 - Transcription complete: '1, 2, 3, 4.' (1.17s)
2025-11-20 00:09:14,654 - VoiceAssistant - INFO - info:50 - Saved transcription: files/Artur Recordings/20251120_000909_071.json
2025-11-20 00:09:14,654 - VoiceAssistant - INFO - info:50 - Transcription: '1, 2, 3, 4.'
2025-11-20 00:09:14,654 - VoiceAssistant - INFO - info:50 - Preprocessing text...
2025-11-20 00:09:14,654 - VoiceAssistant - INFO - info:50 - Text preprocessed: '1, 2, 3, 4.'
2025-11-20 00:09:14,655 - VoiceAssistant - INFO - info:50 - Processing as dictation: '1, 2, 3, 4.'
2025-11-20 00:09:14,657 - VoiceAssistant - INFO - info:50 - Auto-pasting transcription...
2025-11-20 00:09:14,661 - VoiceAssistant - INFO - info:50 - Transcription complete: '1, 2, 3, 4.' (1.18s)
2025-11-20 00:09:14,662 - VoiceAssistant - INFO - info:50 - Saved transcription: files/Artur Recordings/20251120_000909_114.json
2025-11-20 00:09:14,662 - VoiceAssistant - INFO - info:50 - Text preprocessed: '1, 2, 3, 4.'
2025-11-20 00:09:15,430 - VoiceAssistant - INFO - info:50 - Successfully pasted: '1, 2, 3, 4.'
2025-11-20 00:09:15,430 - VoiceAssistant - INFO - info:50 - Listening for audio...
2025-11-20 00:09:15,434 - VoiceAssistant - INFO - info:50 - Successfully pasted: '1, 2, 3, 4.'
2025-11-20 00:09:15,748 - VoiceAssistant - INFO - info:50 - Starting audio recording (waiting for sound...)
2025-11-20 00:09:15,768 - VoiceAssistant - INFO - info:50 - Starting audio recording (waiting for sound...)
2025-11-20 00:09:20,763 - VoiceAssistant - WARNING - warning:54 - Max silence timeout reached during wait phase
2025-11-20 00:09:20,785 - VoiceAssistant - WARNING - warning:54 - Max silence timeout reached during wait phase
2025-11-20 00:09:20,878 - VoiceAssistant - WARNING - warning:54 - Recording failed or was cancelled
2025-11-20 00:09:20,879 - VoiceAssistant - INFO - info:50 - Listening for audio...
2025-11-20 00:09:21,160 - VoiceAssistant - INFO - info:50 - Starting audio recording (waiting for sound...)
2025-11-20 00:09:21,183 - VoiceAssistant - INFO - info:50 - Starting audio recording (waiting for sound...)
2025-11-20 00:09:26,177 - VoiceAssistant - WARNING - warning:54 - Max silence timeout reached during wait phase
2025-11-20 00:09:26,199 - VoiceAssistant - WARNING - warning:54 - Max silence timeout reached during wait phase
2025-11-20 00:09:26,292 - VoiceAssistant - WARNING - warning:54 - Recording failed or was cancelled
2025-11-20 00:09:26,292 - VoiceAssistant - INFO - info:50 - Listening for audio...
2025-11-20 00:09:26,526 - VoiceAssistant - INFO - info:50 - Starting audio recording (waiting for sound...)
2025-11-20 00:09:26,551 - VoiceAssistant - INFO - info:50 - Starting audio recording (waiting for sound...)
2025-11-20 00:09:31,538 - VoiceAssistant - WARNING - warning:54 - Max silence timeout reached during wait phase
2025-11-20 00:09:31,566 - VoiceAssistant - WARNING - warning:54 - Max silence timeout reached during wait phase
2025-11-20 00:09:31,653 - VoiceAssistant - WARNING - warning:54 - Recording failed or was cancelled
2025-11-20 00:09:31,653 - VoiceAssistant - INFO - info:50 - Listening for audio...
2025-11-20 00:09:31,826 - VoiceAssistant - INFO - info:50 - Starting audio recording (waiting for sound...)
2025-11-20 00:09:31,847 - VoiceAssistant - INFO - info:50 - Starting audio recording (waiting for sound...)
2025-11-20 00:09:36,839 - VoiceAssistant - WARNING - warning:54 - Max silence timeout reached during wait phase
2025-11-20 00:09:36,859 - VoiceAssistant - WARNING - warning:54 - Max silence timeout reached during wait phase
2025-11-20 00:09:36,957 - VoiceAssistant - WARNING - warning:54 - Recording failed or was cancelled
2025-11-20 00:09:36,957 - VoiceAssistant - INFO - info:50 - Listening for audio...
2025-11-20 00:09:37,123 - VoiceAssistant - INFO - info:50 - Starting audio recording (waiting for sound...)
2025-11-20 00:09:37,145 - VoiceAssistant - INFO - info:50 - Starting audio recording (waiting for sound...)
2025-11-20 00:09:42,140 - VoiceAssistant - WARNING - warning:54 - Max silence timeout reached during wait phase
2025-11-20 00:09:42,158 - VoiceAssistant - WARNING - warning:54 - Max silence timeout reached during wait phase
2025-11-20 00:09:42,259 - VoiceAssistant - WARNING - warning:54 - Recording failed or was cancelled
2025-11-20 00:09:42,259 - VoiceAssistant - INFO - info:50 - Listening for audio...
2025-11-20 00:09:42,418 - VoiceAssistant - INFO - info:50 - Starting audio recording (waiting for sound...)
2025-11-20 00:09:42,438 - VoiceAssistant - INFO - info:50 - Starting audio recording (waiting for sound...)
2025-11-20 00:09:47,434 - VoiceAssistant - WARNING - warning:54 - Max silence timeout reached during wait phase
2025-11-20 00:09:47,451 - VoiceAssistant - WARNING - warning:54 - Max silence timeout reached during wait phase
2025-11-20 00:09:47,555 - VoiceAssistant - WARNING - warning:54 - Recording failed or was cancelled
2025-11-20 00:09:47,555 - VoiceAssistant - INFO - info:50 - Listening for audio...
2025-11-20 00:09:47,708 - VoiceAssistant - INFO - info:50 - Starting audio recording (waiting for sound...)
2025-11-20 00:09:47,730 - VoiceAssistant - INFO - info:50 - Starting audio recording (waiting for sound...)
2025-11-20 00:09:52,722 - VoiceAssistant - WARNING - warning:54 - Max silence timeout reached during wait phase
2025-11-20 00:09:52,744 - VoiceAssistant - WARNING - warning:54 - Max silence timeout reached during wait phase
2025-11-20 00:09:52,838 - VoiceAssistant - WARNING - warning:54 - Recording failed or was cancelled
2025-11-20 00:09:52,839 - VoiceAssistant - INFO - info:50 - Listening for audio...
2025-11-20 00:09:52,981 - VoiceAssistant - INFO - info:50 - Starting audio recording (waiting for sound...)
2025-11-20 00:09:53,001 - VoiceAssistant - INFO - info:50 - Starting audio recording (waiting for sound...)
2025-11-20 00:09:57,998 - VoiceAssistant - WARNING - warning:54 - Max silence timeout reached during wait phase
2025-11-20 00:09:58,014 - VoiceAssistant - WARNING - warning:54 - Max silence timeout reached during wait phase
2025-11-20 00:09:58,115 - VoiceAssistant - WARNING - warning:54 - Recording failed or was cancelled
2025-11-20 00:09:58,116 - VoiceAssistant - INFO - info:50 - Listening for audio...
2025-11-20 00:09:58,268 - VoiceAssistant - INFO - info:50 - Starting audio recording (waiting for sound...)
2025-11-20 00:09:58,289 - VoiceAssistant - INFO - info:50 - Starting audio recording (waiting for sound...)
2025-11-20 00:10:02,646 - VoiceAssistant - INFO - info:50 - Sound detected! Recording...
2025-11-20 00:10:02,646 - VoiceAssistant - INFO - info:50 - Speech detected!
2025-11-20 00:10:02,662 - VoiceAssistant - INFO - info:50 - Sound detected! Recording...
2025-11-20 00:10:03,728 - VoiceAssistant - INFO - info:50 - Silence detected, stopping recording...
2025-11-20 00:10:03,729 - VoiceAssistant - INFO - info:50 - Saved audio: files/Artur Recordings/20251120_000958_130.wav (2.1s, 182316 bytes)
2025-11-20 00:10:03,733 - VoiceAssistant - INFO - info:50 - Silence detected, stopping recording...
2025-11-20 00:10:03,734 - VoiceAssistant - INFO - info:50 - Silence detected, processing...
2025-11-20 00:10:03,734 - VoiceAssistant - INFO - info:50 - Saved audio: files/Artur Recordings/20251120_000958_116.wav (2.1s, 184364 bytes)
2025-11-20 00:10:03,844 - VoiceAssistant - INFO - info:50 - Transcribing: files/Artur Recordings/20251120_000958_130.wav (2.1s)
2025-11-20 00:10:03,849 - VoiceAssistant - INFO - info:50 - Transcribing audio...
2025-11-20 00:10:03,849 - VoiceAssistant - INFO - info:50 - Transcribing: files/Artur Recordings/20251120_000958_116.wav (2.1s)
2025-11-20 00:10:06,930 - VoiceAssistant - INFO - info:50 - No transcription found (empty audio)
2025-11-20 00:10:06,930 - VoiceAssistant - WARNING - warning:54 - Transcription failed
2025-11-20 00:10:06,930 - VoiceAssistant - INFO - info:50 - Listening for audio...
2025-11-20 00:10:06,964 - VoiceAssistant - INFO - info:50 - No transcription found (empty audio)
2025-11-20 00:10:07,448 - VoiceAssistant - INFO - info:50 - Starting audio recording (waiting for sound...)
2025-11-20 00:10:07,516 - VoiceAssistant - INFO - info:50 - Starting audio recording (waiting for sound...)
2025-11-20 00:10:08,580 - VoiceAssistant - INFO - info:50 - Sound detected! Recording...
2025-11-20 00:10:08,580 - VoiceAssistant - INFO - info:50 - Speech detected!
2025-11-20 00:10:08,585 - VoiceAssistant - INFO - info:50 - Sound detected! Recording...
2025-11-20 00:10:09,567 - VoiceAssistant - INFO - info:50 - Silence detected, stopping recording...
2025-11-20 00:10:09,568 - VoiceAssistant - INFO - info:50 - Saved audio: files/Artur Recordings/20251120_001006_964.wav (2.0s, 176172 bytes)
2025-11-20 00:10:09,583 - VoiceAssistant - INFO - info:50 - Silence detected, stopping recording...
2025-11-20 00:10:09,584 - VoiceAssistant - INFO - info:50 - Silence detected, processing...
2025-11-20 00:10:09,585 - VoiceAssistant - INFO - info:50 - Saved audio: files/Artur Recordings/20251120_001006_930.wav (2.0s, 176172 bytes)
2025-11-20 00:10:09,684 - VoiceAssistant - INFO - info:50 - Transcribing: files/Artur Recordings/20251120_001006_964.wav (2.0s)
2025-11-20 00:10:09,700 - VoiceAssistant - INFO - info:50 - Transcribing audio...
2025-11-20 00:10:09,712 - VoiceAssistant - INFO - info:50 - Transcribing: files/Artur Recordings/20251120_001006_930.wav (2.0s)
2025-11-20 00:10:11,464 - VoiceAssistant - INFO - info:50 - No transcription found (empty audio)
2025-11-20 00:10:11,472 - VoiceAssistant - INFO - info:50 - No transcription found (empty audio)
2025-11-20 00:10:11,472 - VoiceAssistant - WARNING - warning:54 - Transcription failed
2025-11-20 00:10:11,472 - VoiceAssistant - INFO - info:50 - Listening for audio...
2025-11-20 00:10:11,769 - VoiceAssistant - INFO - info:50 - Starting audio recording (waiting for sound...)
2025-11-20 00:10:11,797 - VoiceAssistant - INFO - info:50 - Starting audio recording (waiting for sound...)
2025-11-20 00:10:16,782 - VoiceAssistant - WARNING - warning:54 - Max silence timeout reached during wait phase
2025-11-20 00:10:16,814 - VoiceAssistant - WARNING - warning:54 - Max silence timeout reached during wait phase
2025-11-20 00:10:16,929 - VoiceAssistant - WARNING - warning:54 - Recording failed or was cancelled
2025-11-20 00:10:16,929 - VoiceAssistant - INFO - info:50 - Listening for audio...
2025-11-20 00:10:17,053 - VoiceAssistant - INFO - info:50 - Starting audio recording (waiting for sound...)
2025-11-20 00:10:17,121 - VoiceAssistant - INFO - info:50 - Starting audio recording (waiting for sound...)
2025-11-20 00:10:22,068 - VoiceAssistant - WARNING - warning:54 - Max silence timeout reached during wait phase
2025-11-20 00:10:22,134 - VoiceAssistant - WARNING - warning:54 - Max silence timeout reached during wait phase
2025-11-20 00:10:22,250 - VoiceAssistant - WARNING - warning:54 - Recording failed or was cancelled
2025-11-20 00:10:22,250 - VoiceAssistant - INFO - info:50 - Listening for audio...
2025-11-20 00:10:22,311 - VoiceAssistant - INFO - info:50 - Starting audio recording (waiting for sound...)
2025-11-20 00:10:22,414 - VoiceAssistant - INFO - info:50 - Starting audio recording (waiting for sound...)
2025-11-20 00:10:27,328 - VoiceAssistant - WARNING - warning:54 - Max silence timeout reached during wait phase
2025-11-20 00:10:27,430 - VoiceAssistant - WARNING - warning:54 - Max silence timeout reached during wait phase
2025-11-20 00:10:27,545 - VoiceAssistant - WARNING - warning:54 - Recording failed or was cancelled
2025-11-20 00:10:27,545 - VoiceAssistant - INFO - info:50 - Listening for audio...
2025-11-20 00:10:27,621 - VoiceAssistant - INFO - info:50 - Starting audio recording (waiting for sound...)
2025-11-20 00:10:27,787 - VoiceAssistant - INFO - info:50 - Starting audio recording (waiting for sound...)
2025-11-20 00:10:29,434 - VoiceAssistant - INFO - info:50 - Sound detected! Recording...
2025-11-20 00:10:29,450 - VoiceAssistant - INFO - info:50 - Sound detected! Recording...
2025-11-20 00:10:29,450 - VoiceAssistant - INFO - info:50 - Speech detected!
2025-11-20 00:10:30,440 - VoiceAssistant - INFO - info:50 - Silence detected, stopping recording...
2025-11-20 00:10:30,441 - VoiceAssistant - INFO - info:50 - Saved audio: files/Artur Recordings/20251120_001027_444.wav (2.0s, 176172 bytes)
2025-11-20 00:10:30,453 - VoiceAssistant - INFO - info:50 - Silence detected, stopping recording...
2025-11-20 00:10:30,453 - VoiceAssistant - INFO - info:50 - Silence detected, processing...
2025-11-20 00:10:30,454 - VoiceAssistant - INFO - info:50 - Saved audio: files/Artur Recordings/20251120_001027_545.wav (2.0s, 176172 bytes)
2025-11-20 00:10:30,556 - VoiceAssistant - INFO - info:50 - Transcribing: files/Artur Recordings/20251120_001027_444.wav (2.0s)
2025-11-20 00:10:30,584 - VoiceAssistant - INFO - info:50 - Transcribing audio...
2025-11-20 00:10:30,584 - VoiceAssistant - INFO - info:50 - Transcribing: files/Artur Recordings/20251120_001027_545.wav (2.0s)
2025-11-20 00:10:32,638 - VoiceAssistant - INFO - info:50 - No transcription found (empty audio)
2025-11-20 00:10:32,660 - VoiceAssistant - INFO - info:50 - No transcription found (empty audio)
2025-11-20 00:10:32,660 - VoiceAssistant - WARNING - warning:54 - Transcription failed
2025-11-20 00:10:32,661 - VoiceAssistant - INFO - info:50 - Listening for audio...
2025-11-20 00:10:32,993 - VoiceAssistant - INFO - info:50 - Starting audio recording (waiting for sound...)
2025-11-20 00:10:33,046 - VoiceAssistant - INFO - info:50 - Starting audio recording (waiting for sound...)
2025-11-20 00:10:38,006 - VoiceAssistant - WARNING - warning:54 - Max silence timeout reached during wait phase
2025-11-20 00:10:38,060 - VoiceAssistant - WARNING - warning:54 - Max silence timeout reached during wait phase
2025-11-20 00:10:38,175 - VoiceAssistant - WARNING - warning:54 - Recording failed or was cancelled
2025-11-20 00:10:38,175 - VoiceAssistant - INFO - info:50 - Listening for audio...
2025-11-20 00:10:38,346 - VoiceAssistant - INFO - info:50 - Starting audio recording (waiting for sound...)
2025-11-20 00:10:38,408 - VoiceAssistant - INFO - info:50 - Starting audio recording (waiting for sound...)
2025-11-20 00:10:43,360 - VoiceAssistant - WARNING - warning:54 - Max silence timeout reached during wait phase
2025-11-20 00:10:43,421 - VoiceAssistant - WARNING - warning:54 - Max silence timeout reached during wait phase
2025-11-20 00:10:43,536 - VoiceAssistant - WARNING - warning:54 - Recording failed or was cancelled
2025-11-20 00:10:43,537 - VoiceAssistant - INFO - info:50 - Listening for audio...
2025-11-20 00:10:43,646 - VoiceAssistant - INFO - info:50 - Starting audio recording (waiting for sound...)
2025-11-20 00:10:43,773 - VoiceAssistant - INFO - info:50 - Starting audio recording (waiting for sound...)
2025-11-20 00:10:48,663 - VoiceAssistant - WARNING - warning:54 - Max silence timeout reached during wait phase
2025-11-20 00:10:48,789 - VoiceAssistant - WARNING - warning:54 - Max silence timeout reached during wait phase
2025-11-20 00:10:48,905 - VoiceAssistant - WARNING - warning:54 - Recording failed or was cancelled
2025-11-20 00:10:48,905 - VoiceAssistant - INFO - info:50 - Listening for audio...
2025-11-20 00:10:48,997 - VoiceAssistant - INFO - info:50 - Starting audio recording (waiting for sound...)
2025-11-20 00:10:49,253 - VoiceAssistant - INFO - info:50 - Starting audio recording (waiting for sound...)
2025-11-20 00:10:54,010 - VoiceAssistant - WARNING - warning:54 - Max silence timeout reached during wait phase
2025-11-20 00:10:54,232 - VoiceAssistant - INFO - info:50 - Starting audio recording (waiting for sound...)
2025-11-20 00:10:54,264 - VoiceAssistant - WARNING - warning:54 - Max silence timeout reached during wait phase
2025-11-20 00:10:54,379 - VoiceAssistant - WARNING - warning:54 - Recording failed or was cancelled
2025-11-20 00:10:54,379 - VoiceAssistant - INFO - info:50 - Listening for audio...
2025-11-20 00:10:54,547 - VoiceAssistant - INFO - info:50 - Starting audio recording (waiting for sound...)
2025-11-20 00:10:54,701 - VoiceAssistant - INFO - info:50 - Sound detected! Recording...
2025-11-20 00:10:54,717 - VoiceAssistant - INFO - info:50 - Sound detected! Recording...
2025-11-20 00:10:54,718 - VoiceAssistant - INFO - info:50 - Speech detected!
2025-11-20 00:10:55,807 - VoiceAssistant - INFO - info:50 - Silence detected, stopping recording...
2025-11-20 00:10:55,807 - VoiceAssistant - INFO - info:50 - Silence detected, processing...
2025-11-20 00:10:55,808 - VoiceAssistant - INFO - info:50 - Saved audio: files/Artur Recordings/20251120_001054_379.wav (1.3s, 110636 bytes)
2025-11-20 00:10:55,832 - VoiceAssistant - INFO - info:50 - Silence detected, stopping recording...
2025-11-20 00:10:55,833 - VoiceAssistant - INFO - info:50 - Saved audio: files/Artur Recordings/20251120_001054_127.wav (1.6s, 139308 bytes)
2025-11-20 00:10:55,923 - VoiceAssistant - INFO - info:50 - Transcribing audio...
2025-11-20 00:10:55,923 - VoiceAssistant - INFO - info:50 - Transcribing: files/Artur Recordings/20251120_001054_379.wav (1.3s)
2025-11-20 00:10:55,947 - VoiceAssistant - INFO - info:50 - Transcribing: files/Artur Recordings/20251120_001054_127.wav (1.6s)
2025-11-20 00:10:57,056 - VoiceAssistant - INFO - info:50 - Transcription complete: 'Bye.' (1.13s)
2025-11-20 00:10:57,057 - VoiceAssistant - INFO - info:50 - Saved transcription: files/Artur Recordings/20251120_001054_379.json
2025-11-20 00:10:57,058 - VoiceAssistant - INFO - info:50 - Transcription: 'Bye.'
2025-11-20 00:10:57,058 - VoiceAssistant - INFO - info:50 - Preprocessing text...
2025-11-20 00:10:57,058 - VoiceAssistant - INFO - info:50 - Text preprocessed: 'Bye.'
2025-11-20 00:10:57,059 - VoiceAssistant - INFO - info:50 - Processing as dictation: 'Bye.'
2025-11-20 00:10:57,060 - VoiceAssistant - INFO - info:50 - Auto-pasting transcription...
2025-11-20 00:10:57,101 - VoiceAssistant - INFO - info:50 - No transcription found (empty audio)
2025-11-20 00:10:57,360 - VoiceAssistant - INFO - info:50 - Starting audio recording (waiting for sound...)
2025-11-20 00:10:57,835 - VoiceAssistant - INFO - info:50 - Successfully pasted: 'Bye.'
2025-11-20 00:10:57,835 - VoiceAssistant - INFO - info:50 - Listening for audio...
2025-11-20 00:10:57,914 - VoiceAssistant - INFO - info:50 - Sound detected! Recording...
2025-11-20 00:10:57,952 - VoiceAssistant - INFO - info:50 - Starting audio recording (waiting for sound...)
2025-11-20 00:10:59,026 - VoiceAssistant - INFO - info:50 - Silence detected, stopping recording...
2025-11-20 00:10:59,027 - VoiceAssistant - INFO - info:50 - Saved audio: files/Artur Recordings/20251120_001057_101.wav (1.6s, 145452 bytes)
2025-11-20 00:10:59,142 - VoiceAssistant - INFO - info:50 - Transcribing: files/Artur Recordings/20251120_001057_101.wav (1.6s)
2025-11-20 00:10:59,972 - VoiceAssistant - INFO - info:50 - No transcription found (empty audio)
2025-11-20 00:11:00,203 - VoiceAssistant - INFO - info:50 - Starting audio recording (waiting for sound...)
2025-11-20 00:11:01,580 - VoiceAssistant - INFO - info:50 - Sound detected! Recording...
2025-11-20 00:11:01,580 - VoiceAssistant - INFO - info:50 - Speech detected!
2025-11-20 00:11:01,590 - VoiceAssistant - INFO - info:50 - Sound detected! Recording...
2025-11-20 00:11:02,626 - VoiceAssistant - INFO - info:50 - Silence detected, stopping recording...
2025-11-20 00:11:02,626 - VoiceAssistant - INFO - info:50 - Silence detected, processing...
2025-11-20 00:11:02,627 - VoiceAssistant - INFO - info:50 - Saved audio: files/Artur Recordings/20251120_001057_835.wav (2.0s, 180268 bytes)
2025-11-20 00:11:02,635 - VoiceAssistant - INFO - info:50 - Silence detected, stopping recording...
2025-11-20 00:11:02,636 - VoiceAssistant - INFO - info:50 - Saved audio: files/Artur Recordings/20251120_001059_972.wav (2.0s, 180268 bytes)
2025-11-20 00:11:02,743 - VoiceAssistant - INFO - info:50 - Transcribing audio...
2025-11-20 00:11:02,744 - VoiceAssistant - INFO - info:50 - Transcribing: files/Artur Recordings/20251120_001057_835.wav (2.0s)
2025-11-20 00:11:02,762 - VoiceAssistant - INFO - info:50 - Transcribing: files/Artur Recordings/20251120_001059_972.wav (2.0s)
2025-11-20 00:11:03,900 - VoiceAssistant - INFO - info:50 - No transcription found (empty audio)
2025-11-20 00:11:03,900 - VoiceAssistant - WARNING - warning:54 - Transcription failed
2025-11-20 00:11:03,900 - VoiceAssistant - INFO - info:50 - Listening for audio...
2025-11-20 00:11:03,945 - VoiceAssistant - INFO - info:50 - No transcription found (empty audio)
2025-11-20 00:11:04,251 - VoiceAssistant - INFO - info:50 - Starting audio recording (waiting for sound...)
2025-11-20 00:11:04,300 - VoiceAssistant - INFO - info:50 - Starting audio recording (waiting for sound...)
2025-11-20 00:11:09,264 - VoiceAssistant - WARNING - warning:54 - Max silence timeout reached during wait phase
2025-11-20 00:11:09,314 - VoiceAssistant - WARNING - warning:54 - Max silence timeout reached during wait phase
2025-11-20 00:11:09,380 - VoiceAssistant - WARNING - warning:54 - Recording failed or was cancelled
2025-11-20 00:11:09,381 - VoiceAssistant - INFO - info:50 - Listening for audio...
2025-11-20 00:11:09,616 - VoiceAssistant - INFO - info:50 - Starting audio recording (waiting for sound...)
2025-11-20 00:11:09,688 - VoiceAssistant - INFO - info:50 - Starting audio recording (waiting for sound...)
2025-11-20 00:11:14,630 - VoiceAssistant - WARNING - warning:54 - Max silence timeout reached during wait phase
2025-11-20 00:11:14,702 - VoiceAssistant - WARNING - warning:54 - Max silence timeout reached during wait phase
2025-11-20 00:11:14,746 - VoiceAssistant - WARNING - warning:54 - Recording failed or was cancelled
2025-11-20 00:11:14,747 - VoiceAssistant - INFO - info:50 - Listening for audio...
2025-11-20 00:11:14,905 - VoiceAssistant - INFO - info:50 - Starting audio recording (waiting for sound...)
2025-11-20 00:11:15,016 - VoiceAssistant - INFO - info:50 - Starting audio recording (waiting for sound...)
2025-11-20 00:11:19,917 - VoiceAssistant - WARNING - warning:54 - Max silence timeout reached during wait phase
2025-11-20 00:11:20,031 - VoiceAssistant - WARNING - warning:54 - Max silence timeout reached during wait phase
2025-11-20 00:11:20,033 - VoiceAssistant - WARNING - warning:54 - Recording failed or was cancelled
2025-11-20 00:11:20,033 - VoiceAssistant - INFO - info:50 - Listening for audio...
2025-11-20 00:11:20,255 - VoiceAssistant - INFO - info:50 - Starting audio recording (waiting for sound...)
2025-11-20 00:11:20,377 - VoiceAssistant - INFO - info:50 - Starting audio recording (waiting for sound...)
2025-11-20 00:11:25,267 - VoiceAssistant - WARNING - warning:54 - Max silence timeout reached during wait phase
2025-11-20 00:11:25,383 - VoiceAssistant - WARNING - warning:54 - Recording failed or was cancelled
2025-11-20 00:11:25,383 - VoiceAssistant - INFO - info:50 - Listening for audio...
2025-11-20 00:11:25,392 - VoiceAssistant - WARNING - warning:54 - Max silence timeout reached during wait phase
2025-11-20 00:11:25,521 - VoiceAssistant - INFO - info:50 - Starting audio recording (waiting for sound...)
2025-11-20 00:11:25,736 - VoiceAssistant - INFO - info:50 - Starting audio recording (waiting for sound...)
2025-11-20 00:11:30,533 - VoiceAssistant - WARNING - warning:54 - Max silence timeout reached during wait phase
2025-11-20 00:11:30,649 - VoiceAssistant - WARNING - warning:54 - Recording failed or was cancelled
2025-11-20 00:11:30,649 - VoiceAssistant - INFO - info:50 - Listening for audio...
2025-11-20 00:11:30,749 - VoiceAssistant - INFO - info:50 - Starting audio recording (waiting for sound...)
2025-11-20 00:11:30,752 - VoiceAssistant - WARNING - warning:54 - Max silence timeout reached during wait phase
2025-11-20 00:11:31,011 - VoiceAssistant - INFO - info:50 - Starting audio recording (waiting for sound...)
2025-11-20 00:11:31,836 - VoiceAssistant - INFO - info:50 - Sound detected! Recording...
2025-11-20 00:11:31,836 - VoiceAssistant - INFO - info:50 - Speech detected!
2025-11-20 00:11:31,847 - VoiceAssistant - INFO - info:50 - Sound detected! Recording...
2025-11-20 00:11:32,892 - VoiceAssistant - INFO - info:50 - Silence detected, stopping recording...
2025-11-20 00:11:32,893 - VoiceAssistant - INFO - info:50 - Saved audio: files/Artur Recordings/20251120_001130_867.wav (1.9s, 163884 bytes)
2025-11-20 00:11:32,928 - VoiceAssistant - INFO - info:50 - Silence detected, stopping recording...
2025-11-20 00:11:32,928 - VoiceAssistant - INFO - info:50 - Silence detected, processing...
2025-11-20 00:11:32,929 - VoiceAssistant - INFO - info:50 - Saved audio: files/Artur Recordings/20251120_001130_649.wav (2.1s, 184364 bytes)
2025-11-20 00:11:33,008 - VoiceAssistant - INFO - info:50 - Transcribing: files/Artur Recordings/20251120_001130_867.wav (1.9s)
2025-11-20 00:11:33,055 - VoiceAssistant - INFO - info:50 - Transcribing audio...
2025-11-20 00:11:33,055 - VoiceAssistant - INFO - info:50 - Transcribing: files/Artur Recordings/20251120_001130_649.wav (2.1s)
2025-11-20 00:11:34,059 - VoiceAssistant - INFO - info:50 - No transcription found (empty audio)
2025-11-20 00:11:34,097 - VoiceAssistant - INFO - info:50 - No transcription found (empty audio)
2025-11-20 00:11:34,097 - VoiceAssistant - WARNING - warning:54 - Transcription failed
2025-11-20 00:11:34,097 - VoiceAssistant - INFO - info:50 - Listening for audio...
2025-11-20 00:11:34,375 - VoiceAssistant - INFO - info:50 - Starting audio recording (waiting for sound...)
2025-11-20 00:11:34,448 - VoiceAssistant - INFO - info:50 - Starting audio recording (waiting for sound...)
2025-11-20 00:11:39,392 - VoiceAssistant - WARNING - warning:54 - Max silence timeout reached during wait phase
2025-11-20 00:11:39,462 - VoiceAssistant - WARNING - warning:54 - Max silence timeout reached during wait phase
2025-11-20 00:11:39,578 - VoiceAssistant - WARNING - warning:54 - Recording failed or was cancelled
2025-11-20 00:11:39,578 - VoiceAssistant - INFO - info:50 - Listening for audio...
2025-11-20 00:11:39,710 - VoiceAssistant - INFO - info:50 - Starting audio recording (waiting for sound...)
2025-11-20 00:11:39,820 - VoiceAssistant - INFO - info:50 - Starting audio recording (waiting for sound...)
2025-11-20 00:11:44,727 - VoiceAssistant - WARNING - warning:54 - Max silence timeout reached during wait phase
2025-11-20 00:11:44,834 - VoiceAssistant - WARNING - warning:54 - Max silence timeout reached during wait phase
2025-11-20 00:11:44,948 - VoiceAssistant - WARNING - warning:54 - Recording failed or was cancelled
2025-11-20 00:11:44,948 - VoiceAssistant - INFO - info:50 - Starting audio recording (waiting for sound...)
2025-11-20 00:11:44,948 - VoiceAssistant - INFO - info:50 - Listening for audio...
2025-11-20 00:11:45,139 - VoiceAssistant - INFO - info:50 - Starting audio recording (waiting for sound...)
2025-11-20 00:11:49,964 - VoiceAssistant - WARNING - warning:54 - Max silence timeout reached during wait phase
2025-11-20 00:11:50,153 - VoiceAssistant - WARNING - warning:54 - Max silence timeout reached during wait phase
2025-11-20 00:11:50,180 - VoiceAssistant - INFO - info:50 - Starting audio recording (waiting for sound...)
2025-11-20 00:11:50,268 - VoiceAssistant - WARNING - warning:54 - Recording failed or was cancelled
2025-11-20 00:11:50,268 - VoiceAssistant - INFO - info:50 - Listening for audio...
2025-11-20 00:11:50,440 - VoiceAssistant - INFO - info:50 - Starting audio recording (waiting for sound...)
2025-11-20 00:11:54,830 - VoiceAssistant - INFO - info:50 - Sound detected! Recording...
2025-11-20 00:11:54,836 - VoiceAssistant - INFO - info:50 - Sound detected! Recording...
2025-11-20 00:11:54,836 - VoiceAssistant - INFO - info:50 - Speech detected!
2025-11-20 00:11:55,896 - VoiceAssistant - INFO - info:50 - Silence detected, stopping recording...
2025-11-20 00:11:55,897 - VoiceAssistant - INFO - info:50 - Saved audio: files/Artur Recordings/20251120_001150_079.wav (2.1s, 182316 bytes)
2025-11-20 00:11:55,901 - VoiceAssistant - INFO - info:50 - Silence detected, stopping recording...
2025-11-20 00:11:55,901 - VoiceAssistant - INFO - info:50 - Silence detected, processing...
2025-11-20 00:11:55,902 - VoiceAssistant - INFO - info:50 - Saved audio: files/Artur Recordings/20251120_001150_268.wav (2.1s, 182316 bytes)
2025-11-20 00:11:56,011 - VoiceAssistant - INFO - info:50 - Transcribing: files/Artur Recordings/20251120_001150_079.wav (2.1s)
2025-11-20 00:11:56,016 - VoiceAssistant - INFO - info:50 - Transcribing audio...
2025-11-20 00:11:56,017 - VoiceAssistant - INFO - info:50 - Transcribing: files/Artur Recordings/20251120_001150_268.wav (2.1s)
2025-11-20 00:11:57,477 - VoiceAssistant - INFO - info:50 - No transcription found (empty audio)
2025-11-20 00:11:57,548 - VoiceAssistant - INFO - info:50 - No transcription found (empty audio)
2025-11-20 00:11:57,548 - VoiceAssistant - WARNING - warning:54 - Transcription failed
2025-11-20 00:11:57,549 - VoiceAssistant - INFO - info:50 - Listening for audio...
2025-11-20 00:11:57,959 - VoiceAssistant - INFO - info:50 - Starting audio recording (waiting for sound...)
2025-11-20 00:11:58,015 - VoiceAssistant - INFO - info:50 - Starting audio recording (waiting for sound...)
2025-11-20 00:12:02,972 - VoiceAssistant - WARNING - warning:54 - Max silence timeout reached during wait phase
2025-11-20 00:12:03,031 - VoiceAssistant - WARNING - warning:54 - Max silence timeout reached during wait phase
2025-11-20 00:12:03,146 - VoiceAssistant - WARNING - warning:54 - Recording failed or was cancelled
2025-11-20 00:12:03,147 - VoiceAssistant - INFO - info:50 - Listening for audio...
2025-11-20 00:12:03,245 - VoiceAssistant - INFO - info:50 - Starting audio recording (waiting for sound...)
2025-11-20 00:12:03,376 - VoiceAssistant - INFO - info:50 - Starting audio recording (waiting for sound...)
2025-11-20 00:12:08,258 - VoiceAssistant - WARNING - warning:54 - Max silence timeout reached during wait phase
2025-11-20 00:12:08,389 - VoiceAssistant - WARNING - warning:54 - Max silence timeout reached during wait phase
2025-11-20 00:12:08,473 - VoiceAssistant - INFO - info:50 - Starting audio recording (waiting for sound...)
2025-11-20 00:12:08,503 - VoiceAssistant - WARNING - warning:54 - Recording failed or was cancelled
2025-11-20 00:12:08,503 - VoiceAssistant - INFO - info:50 - Listening for audio...
2025-11-20 00:12:08,664 - VoiceAssistant - INFO - info:50 - Starting audio recording (waiting for sound...)
2025-11-20 00:12:13,490 - VoiceAssistant - WARNING - warning:54 - Max silence timeout reached during wait phase
2025-11-20 00:12:13,679 - VoiceAssistant - WARNING - warning:54 - Max silence timeout reached during wait phase
2025-11-20 00:12:13,711 - VoiceAssistant - INFO - info:50 - Starting audio recording (waiting for sound...)
2025-11-20 00:12:13,793 - VoiceAssistant - WARNING - warning:54 - Recording failed or was cancelled
2025-11-20 00:12:13,794 - VoiceAssistant - INFO - info:50 - Listening for audio...
2025-11-20 00:12:13,930 - VoiceAssistant - INFO - info:50 - Starting audio recording (waiting for sound...)
2025-11-20 00:12:18,726 - VoiceAssistant - WARNING - warning:54 - Max silence timeout reached during wait phase
2025-11-20 00:12:18,935 - VoiceAssistant - INFO - info:50 - Starting audio recording (waiting for sound...)
2025-11-20 00:12:18,948 - VoiceAssistant - WARNING - warning:54 - Max silence timeout reached during wait phase
2025-11-20 00:12:19,062 - VoiceAssistant - WARNING - warning:54 - Recording failed or was cancelled
2025-11-20 00:12:19,063 - VoiceAssistant - INFO - info:50 - Listening for audio...
2025-11-20 00:12:19,198 - VoiceAssistant - INFO - info:50 - Starting audio recording (waiting for sound...)
2025-11-20 00:12:23,949 - VoiceAssistant - WARNING - warning:54 - Max silence timeout reached during wait phase
2025-11-20 00:12:24,164 - VoiceAssistant - INFO - info:50 - Starting audio recording (waiting for sound...)
2025-11-20 00:12:24,214 - VoiceAssistant - WARNING - warning:54 - Max silence timeout reached during wait phase
2025-11-20 00:12:24,329 - VoiceAssistant - WARNING - warning:54 - Recording failed or was cancelled
2025-11-20 00:12:24,330 - VoiceAssistant - INFO - info:50 - Listening for audio...
2025-11-20 00:12:24,445 - VoiceAssistant - INFO - info:50 - Starting audio recording (waiting for sound...)
2025-11-20 00:12:29,180 - VoiceAssistant - WARNING - warning:54 - Max silence timeout reached during wait phase
2025-11-20 00:12:29,396 - VoiceAssistant - INFO - info:50 - Starting audio recording (waiting for sound...)
2025-11-20 00:12:29,461 - VoiceAssistant - WARNING - warning:54 - Max silence timeout reached during wait phase
2025-11-20 00:12:29,576 - VoiceAssistant - WARNING - warning:54 - Recording failed or was cancelled
2025-11-20 00:12:29,577 - VoiceAssistant - INFO - info:50 - Listening for audio...
2025-11-20 00:12:29,689 - VoiceAssistant - INFO - info:50 - Starting audio recording (waiting for sound...)
2025-11-20 00:12:34,408 - VoiceAssistant - WARNING - warning:54 - Max silence timeout reached during wait phase
2025-11-20 00:12:34,624 - VoiceAssistant - INFO - info:50 - Starting audio recording (waiting for sound...)
2025-11-20 00:12:34,701 - VoiceAssistant - WARNING - warning:54 - Max silence timeout reached during wait phase
2025-11-20 00:12:34,816 - VoiceAssistant - WARNING - warning:54 - Recording failed or was cancelled
2025-11-20 00:12:34,817 - VoiceAssistant - INFO - info:50 - Listening for audio...
2025-11-20 00:12:34,926 - VoiceAssistant - INFO - info:50 - Starting audio recording (waiting for sound...)
2025-11-20 00:12:39,639 - VoiceAssistant - WARNING - warning:54 - Max silence timeout reached during wait phase
2025-11-20 00:12:39,858 - VoiceAssistant - INFO - info:50 - Starting audio recording (waiting for sound...)
2025-11-20 00:12:39,941 - VoiceAssistant - WARNING - warning:54 - Max silence timeout reached during wait phase
2025-11-20 00:12:40,056 - VoiceAssistant - WARNING - warning:54 - Recording failed or was cancelled
2025-11-20 00:12:40,056 - VoiceAssistant - INFO - info:50 - Listening for audio...
2025-11-20 00:12:40,153 - VoiceAssistant - INFO - info:50 - Starting audio recording (waiting for sound...)
2025-11-20 00:12:44,874 - VoiceAssistant - WARNING - warning:54 - Max silence timeout reached during wait phase
2025-11-20 00:12:45,119 - VoiceAssistant - INFO - info:50 - Starting audio recording (waiting for sound...)
2025-11-20 00:12:45,169 - VoiceAssistant - WARNING - warning:54 - Max silence timeout reached during wait phase
2025-11-20 00:12:45,285 - VoiceAssistant - WARNING - warning:54 - Recording failed or was cancelled
2025-11-20 00:12:45,286 - VoiceAssistant - INFO - info:50 - Listening for audio...
2025-11-20 00:12:45,440 - VoiceAssistant - INFO - info:50 - Starting audio recording (waiting for sound...)
2025-11-20 00:12:50,132 - VoiceAssistant - WARNING - warning:54 - Max silence timeout reached during wait phase
2025-11-20 00:12:50,363 - VoiceAssistant - INFO - info:50 - Starting audio recording (waiting for sound...)
2025-11-20 00:12:50,456 - VoiceAssistant - WARNING - warning:54 - Max silence timeout reached during wait phase
2025-11-20 00:12:50,571 - VoiceAssistant - WARNING - warning:54 - Recording failed or was cancelled
2025-11-20 00:12:50,571 - VoiceAssistant - INFO - info:50 - Listening for audio...
2025-11-20 00:12:50,696 - VoiceAssistant - INFO - info:50 - Starting audio recording (waiting for sound...)
2025-11-20 00:12:55,377 - VoiceAssistant - WARNING - warning:54 - Max silence timeout reached during wait phase
2025-11-20 00:12:55,613 - VoiceAssistant - INFO - info:50 - Starting audio recording (waiting for sound...)
2025-11-20 00:12:55,708 - VoiceAssistant - WARNING - warning:54 - Max silence timeout reached during wait phase
2025-11-20 00:12:55,823 - VoiceAssistant - WARNING - warning:54 - Recording failed or was cancelled
2025-11-20 00:12:55,824 - VoiceAssistant - INFO - info:50 - Listening for audio...
2025-11-20 00:12:55,974 - VoiceAssistant - INFO - info:50 - Starting audio recording (waiting for sound...)
2025-11-20 00:13:00,627 - VoiceAssistant - WARNING - warning:54 - Max silence timeout reached during wait phase
2025-11-20 00:13:00,835 - VoiceAssistant - INFO - info:50 - Starting audio recording (waiting for sound...)
2025-11-20 00:13:00,989 - VoiceAssistant - WARNING - warning:54 - Max silence timeout reached during wait phase
2025-11-20 00:13:01,104 - VoiceAssistant - WARNING - warning:54 - Recording failed or was cancelled
2025-11-20 00:13:01,104 - VoiceAssistant - INFO - info:50 - Listening for audio...
2025-11-20 00:13:01,203 - VoiceAssistant - INFO - info:50 - Starting audio recording (waiting for sound...)
2025-11-20 00:13:05,852 - VoiceAssistant - WARNING - warning:54 - Max silence timeout reached during wait phase
2025-11-20 00:13:06,068 - VoiceAssistant - INFO - info:50 - Starting audio recording (waiting for sound...)
2025-11-20 00:13:06,217 - VoiceAssistant - WARNING - warning:54 - Max silence timeout reached during wait phase
2025-11-20 00:13:06,332 - VoiceAssistant - WARNING - warning:54 - Recording failed or was cancelled
2025-11-20 00:13:06,333 - VoiceAssistant - INFO - info:50 - Listening for audio...
2025-11-20 00:13:06,425 - VoiceAssistant - INFO - info:50 - Starting audio recording (waiting for sound...)
2025-11-20 00:13:11,084 - VoiceAssistant - WARNING - warning:54 - Max silence timeout reached during wait phase
2025-11-20 00:13:11,298 - VoiceAssistant - INFO - info:50 - Starting audio recording (waiting for sound...)
2025-11-20 00:13:11,439 - VoiceAssistant - WARNING - warning:54 - Max silence timeout reached during wait phase
2025-11-20 00:13:11,555 - VoiceAssistant - WARNING - warning:54 - Recording failed or was cancelled
2025-11-20 00:13:11,555 - VoiceAssistant - INFO - info:50 - Listening for audio...
2025-11-20 00:13:11,662 - VoiceAssistant - INFO - info:50 - Starting audio recording (waiting for sound...)
2025-11-20 00:13:16,313 - VoiceAssistant - WARNING - warning:54 - Max silence timeout reached during wait phase
2025-11-20 00:13:16,520 - VoiceAssistant - INFO - info:50 - Starting audio recording (waiting for sound...)
2025-11-20 00:13:16,678 - VoiceAssistant - WARNING - warning:54 - Max silence timeout reached during wait phase
2025-11-20 00:13:16,793 - VoiceAssistant - WARNING - warning:54 - Recording failed or was cancelled
2025-11-20 00:13:16,793 - VoiceAssistant - INFO - info:50 - Listening for audio...
2025-11-20 00:13:16,880 - VoiceAssistant - INFO - info:50 - Starting audio recording (waiting for sound...)
2025-11-20 00:13:21,537 - VoiceAssistant - WARNING - warning:54 - Max silence timeout reached during wait phase
2025-11-20 00:13:21,744 - VoiceAssistant - INFO - info:50 - Starting audio recording (waiting for sound...)
2025-11-20 00:13:21,896 - VoiceAssistant - WARNING - warning:54 - Max silence timeout reached during wait phase
2025-11-20 00:13:22,011 - VoiceAssistant - WARNING - warning:54 - Recording failed or was cancelled
2025-11-20 00:13:22,011 - VoiceAssistant - INFO - info:50 - Listening for audio...
2025-11-20 00:13:22,106 - VoiceAssistant - INFO - info:50 - Starting audio recording (waiting for sound...)
2025-11-20 00:13:26,756 - VoiceAssistant - WARNING - warning:54 - Max silence timeout reached during wait phase
2025-11-20 00:13:26,966 - VoiceAssistant - INFO - info:50 - Starting audio recording (waiting for sound...)
2025-11-20 00:13:27,121 - VoiceAssistant - WARNING - warning:54 - Max silence timeout reached during wait phase
2025-11-20 00:13:27,237 - VoiceAssistant - WARNING - warning:54 - Recording failed or was cancelled
2025-11-20 00:13:27,237 - VoiceAssistant - INFO - info:50 - Listening for audio...
2025-11-20 00:13:27,328 - VoiceAssistant - INFO - info:50 - Starting audio recording (waiting for sound...)
2025-11-20 00:13:31,982 - VoiceAssistant - WARNING - warning:54 - Max silence timeout reached during wait phase
2025-11-20 00:13:32,195 - VoiceAssistant - INFO - info:50 - Starting audio recording (waiting for sound...)
2025-11-20 00:13:32,342 - VoiceAssistant - WARNING - warning:54 - Max silence timeout reached during wait phase
2025-11-20 00:13:32,458 - VoiceAssistant - WARNING - warning:54 - Recording failed or was cancelled
2025-11-20 00:13:32,458 - VoiceAssistant - INFO - info:50 - Listening for audio...
2025-11-20 00:13:32,581 - VoiceAssistant - INFO - info:50 - Starting audio recording (waiting for sound...)
2025-11-20 00:13:37,210 - VoiceAssistant - WARNING - warning:54 - Max silence timeout reached during wait phase
2025-11-20 00:13:37,479 - VoiceAssistant - INFO - info:50 - Starting audio recording (waiting for sound...)
2025-11-20 00:13:37,597 - VoiceAssistant - WARNING - warning:54 - Max silence timeout reached during wait phase
2025-11-20 00:13:37,714 - VoiceAssistant - WARNING - warning:54 - Recording failed or was cancelled
2025-11-20 00:13:37,714 - VoiceAssistant - INFO - info:50 - Listening for audio...
2025-11-20 00:13:37,962 - VoiceAssistant - INFO - info:50 - Starting audio recording (waiting for sound...)
2025-11-20 00:13:42,495 - VoiceAssistant - WARNING - warning:54 - Max silence timeout reached during wait phase
2025-11-20 00:13:42,703 - VoiceAssistant - INFO - info:50 - Starting audio recording (waiting for sound...)
2025-11-20 00:13:42,974 - VoiceAssistant - WARNING - warning:54 - Max silence timeout reached during wait phase
2025-11-20 00:13:43,091 - VoiceAssistant - WARNING - warning:54 - Recording failed or was cancelled
2025-11-20 00:13:43,091 - VoiceAssistant - INFO - info:50 - Listening for audio...
2025-11-20 00:13:43,185 - VoiceAssistant - INFO - info:50 - Starting audio recording (waiting for sound...)
2025-11-20 00:13:47,717 - VoiceAssistant - WARNING - warning:54 - Max silence timeout reached during wait phase
2025-11-20 00:13:47,928 - VoiceAssistant - INFO - info:50 - Starting audio recording (waiting for sound...)
2025-11-20 00:13:48,199 - VoiceAssistant - WARNING - warning:54 - Max silence timeout reached during wait phase
2025-11-20 00:13:48,315 - VoiceAssistant - WARNING - warning:54 - Recording failed or was cancelled
2025-11-20 00:13:48,315 - VoiceAssistant - INFO - info:50 - Listening for audio...
2025-11-20 00:13:48,408 - VoiceAssistant - INFO - info:50 - Starting audio recording (waiting for sound...)
2025-11-20 00:13:52,943 - VoiceAssistant - WARNING - warning:54 - Max silence timeout reached during wait phase
2025-11-20 00:13:53,152 - VoiceAssistant - INFO - info:50 - Starting audio recording (waiting for sound...)
2025-11-20 00:13:53,424 - VoiceAssistant - WARNING - warning:54 - Max silence timeout reached during wait phase
2025-11-20 00:13:53,539 - VoiceAssistant - WARNING - warning:54 - Recording failed or was cancelled
2025-11-20 00:13:53,540 - VoiceAssistant - INFO - info:50 - Listening for audio...
2025-11-20 00:13:53,629 - VoiceAssistant - INFO - info:50 - Starting audio recording (waiting for sound...)
2025-11-20 00:13:58,168 - VoiceAssistant - WARNING - warning:54 - Max silence timeout reached during wait phase
2025-11-20 00:13:58,430 - VoiceAssistant - INFO - info:50 - Starting audio recording (waiting for sound...)
2025-11-20 00:13:58,643 - VoiceAssistant - WARNING - warning:54 - Max silence timeout reached during wait phase
2025-11-20 00:13:58,758 - VoiceAssistant - WARNING - warning:54 - Recording failed or was cancelled
2025-11-20 00:13:58,758 - VoiceAssistant - INFO - info:50 - Listening for audio...
2025-11-20 00:13:58,851 - VoiceAssistant - INFO - info:50 - Starting audio recording (waiting for sound...)
2025-11-20 00:14:03,445 - VoiceAssistant - WARNING - warning:54 - Max silence timeout reached during wait phase
2025-11-20 00:14:03,672 - VoiceAssistant - INFO - info:50 - Starting audio recording (waiting for sound...)
2025-11-20 00:14:03,865 - VoiceAssistant - WARNING - warning:54 - Max silence timeout reached during wait phase
2025-11-20 00:14:03,980 - VoiceAssistant - WARNING - warning:54 - Recording failed or was cancelled
2025-11-20 00:14:03,980 - VoiceAssistant - INFO - info:50 - Listening for audio...
2025-11-20 00:14:04,127 - VoiceAssistant - INFO - info:50 - Starting audio recording (waiting for sound...)
2025-11-20 00:14:08,687 - VoiceAssistant - WARNING - warning:54 - Max silence timeout reached during wait phase
2025-11-20 00:14:08,892 - VoiceAssistant - INFO - info:50 - Starting audio recording (waiting for sound...)
2025-11-20 00:14:09,140 - VoiceAssistant - WARNING - warning:54 - Max silence timeout reached during wait phase
2025-11-20 00:14:09,255 - VoiceAssistant - WARNING - warning:54 - Recording failed or was cancelled
2025-11-20 00:14:09,255 - VoiceAssistant - INFO - info:50 - Listening for audio...
2025-11-20 00:14:09,357 - VoiceAssistant - INFO - info:50 - Starting audio recording (waiting for sound...)
2025-11-20 00:14:13,905 - VoiceAssistant - WARNING - warning:54 - Max silence timeout reached during wait phase
2025-11-20 00:14:14,118 - VoiceAssistant - INFO - info:50 - Starting audio recording (waiting for sound...)
2025-11-20 00:14:14,374 - VoiceAssistant - WARNING - warning:54 - Max silence timeout reached during wait phase
2025-11-20 00:14:14,489 - VoiceAssistant - WARNING - warning:54 - Recording failed or was cancelled
2025-11-20 00:14:14,489 - VoiceAssistant - INFO - info:50 - Listening for audio...
2025-11-20 00:14:14,589 - VoiceAssistant - INFO - info:50 - Starting audio recording (waiting for sound...)
2025-11-20 00:14:18,388 - VoiceAssistant - INFO - info:50 - Sound detected! Recording...
2025-11-20 00:14:18,389 - VoiceAssistant - INFO - info:50 - Speech detected!
2025-11-20 00:14:18,407 - VoiceAssistant - INFO - info:50 - Sound detected! Recording...
2025-11-20 00:14:19,391 - VoiceAssistant - INFO - info:50 - Silence detected, stopping recording...
2025-11-20 00:14:19,392 - VoiceAssistant - INFO - info:50 - Silence detected, processing...
2025-11-20 00:14:19,392 - VoiceAssistant - INFO - info:50 - Saved audio: files/Artur Recordings/20251120_001414_489.wav (2.0s, 176172 bytes)
2025-11-20 00:14:19,408 - VoiceAssistant - INFO - info:50 - Silence detected, stopping recording...
2025-11-20 00:14:19,409 - VoiceAssistant - INFO - info:50 - Saved audio: files/Artur Recordings/20251120_001414_020.wav (2.0s, 176172 bytes)
2025-11-20 00:14:19,508 - VoiceAssistant - INFO - info:50 - Transcribing audio...
2025-11-20 00:14:19,508 - VoiceAssistant - INFO - info:50 - Transcribing: files/Artur Recordings/20251120_001414_489.wav (2.0s)
2025-11-20 00:14:19,524 - VoiceAssistant - INFO - info:50 - Transcribing: files/Artur Recordings/20251120_001414_020.wav (2.0s)
2025-11-20 00:14:21,192 - VoiceAssistant - INFO - info:50 - No transcription found (empty audio)
2025-11-20 00:14:21,192 - VoiceAssistant - WARNING - warning:54 - Transcription failed
2025-11-20 00:14:21,193 - VoiceAssistant - INFO - info:50 - Listening for audio...
2025-11-20 00:14:21,197 - VoiceAssistant - INFO - info:50 - No transcription found (empty audio)
2025-11-20 00:14:21,571 - VoiceAssistant - INFO - info:50 - Starting audio recording (waiting for sound...)
2025-11-20 00:14:21,616 - VoiceAssistant - INFO - info:50 - Starting audio recording (waiting for sound...)
2025-11-20 00:14:25,861 - VoiceAssistant - INFO - info:50 - Sound detected! Recording...
2025-11-20 00:14:26,141 - VoiceAssistant - INFO - info:50 - Sound detected! Recording...
2025-11-20 00:14:26,141 - VoiceAssistant - INFO - info:50 - Speech detected!
2025-11-20 00:14:27,139 - VoiceAssistant - INFO - info:50 - Silence detected, stopping recording...
2025-11-20 00:14:27,139 - VoiceAssistant - INFO - info:50 - Silence detected, processing...
2025-11-20 00:14:27,140 - VoiceAssistant - INFO - info:50 - Saved audio: files/Artur Recordings/20251120_001421_193.wav (2.0s, 176172 bytes)
2025-11-20 00:14:27,141 - VoiceAssistant - INFO - info:50 - Silence detected, stopping recording...
2025-11-20 00:14:27,142 - VoiceAssistant - INFO - info:50 - Saved audio: files/Artur Recordings/20251120_001421_198.wav (2.3s, 200748 bytes)
2025-11-20 00:14:27,255 - VoiceAssistant - INFO - info:50 - Transcribing audio...
2025-11-20 00:14:27,255 - VoiceAssistant - INFO - info:50 - Transcribing: files/Artur Recordings/20251120_001421_193.wav (2.0s)
2025-11-20 00:14:27,268 - VoiceAssistant - INFO - info:50 - Transcribing: files/Artur Recordings/20251120_001421_198.wav (2.3s)
2025-11-20 00:14:28,509 - VoiceAssistant - INFO - info:50 - No transcription found (empty audio)
2025-11-20 00:14:28,509 - VoiceAssistant - WARNING - warning:54 - Transcription failed
2025-11-20 00:14:28,509 - VoiceAssistant - INFO - info:50 - Listening for audio...
2025-11-20 00:14:28,629 - VoiceAssistant - INFO - info:50 - No transcription found (empty audio)
2025-11-20 00:14:28,947 - VoiceAssistant - INFO - info:50 - Starting audio recording (waiting for sound...)
2025-11-20 00:14:29,047 - VoiceAssistant - INFO - info:50 - Starting audio recording (waiting for sound...)
2025-11-20 00:14:33,964 - VoiceAssistant - WARNING - warning:54 - Max silence timeout reached during wait phase
2025-11-20 00:14:34,062 - VoiceAssistant - WARNING - warning:54 - Max silence timeout reached during wait phase
2025-11-20 00:14:34,080 - VoiceAssistant - WARNING - warning:54 - Recording failed or was cancelled
2025-11-20 00:14:34,080 - VoiceAssistant - INFO - info:50 - Listening for audio...
2025-11-20 00:14:34,395 - VoiceAssistant - INFO - info:50 - Starting audio recording (waiting for sound...)
2025-11-20 00:14:34,459 - VoiceAssistant - INFO - info:50 - Starting audio recording (waiting for sound...)
2025-11-20 00:14:39,408 - VoiceAssistant - WARNING - warning:54 - Max silence timeout reached during wait phase
2025-11-20 00:14:39,471 - VoiceAssistant - WARNING - warning:54 - Max silence timeout reached during wait phase
2025-11-20 00:14:39,523 - VoiceAssistant - WARNING - warning:54 - Recording failed or was cancelled
2025-11-20 00:14:39,523 - VoiceAssistant - INFO - info:50 - Listening for audio...
2025-11-20 00:14:39,730 - VoiceAssistant - INFO - info:50 - Starting audio recording (waiting for sound...)
2025-11-20 00:14:39,814 - VoiceAssistant - INFO - info:50 - Starting audio recording (waiting for sound...)
2025-11-20 00:14:44,747 - VoiceAssistant - WARNING - warning:54 - Max silence timeout reached during wait phase
2025-11-20 00:14:44,829 - VoiceAssistant - WARNING - warning:54 - Max silence timeout reached during wait phase
2025-11-20 00:14:44,863 - VoiceAssistant - WARNING - warning:54 - Recording failed or was cancelled
2025-11-20 00:14:44,863 - VoiceAssistant - INFO - info:50 - Listening for audio...
2025-11-20 00:14:44,957 - VoiceAssistant - INFO - info:50 - Starting audio recording (waiting for sound...)
2025-11-20 00:14:45,138 - VoiceAssistant - INFO - info:50 - Starting audio recording (waiting for sound...)
2025-11-20 00:14:49,973 - VoiceAssistant - WARNING - warning:54 - Max silence timeout reached during wait phase
2025-11-20 00:14:50,088 - VoiceAssistant - WARNING - warning:54 - Recording failed or was cancelled
2025-11-20 00:14:50,088 - VoiceAssistant - INFO - info:50 - Listening for audio...
2025-11-20 00:14:50,150 - VoiceAssistant - WARNING - warning:54 - Max silence timeout reached during wait phase
2025-11-20 00:14:50,185 - VoiceAssistant - INFO - info:50 - Starting audio recording (waiting for sound...)
2025-11-20 00:14:50,430 - VoiceAssistant - INFO - info:50 - Starting audio recording (waiting for sound...)
2025-11-20 00:14:55,201 - VoiceAssistant - WARNING - warning:54 - Max silence timeout reached during wait phase
2025-11-20 00:14:55,317 - VoiceAssistant - WARNING - warning:54 - Recording failed or was cancelled
2025-11-20 00:14:55,317 - VoiceAssistant - INFO - info:50 - Listening for audio...
2025-11-20 00:14:55,412 - VoiceAssistant - INFO - info:50 - Starting audio recording (waiting for sound...)
2025-11-20 00:14:55,446 - VoiceAssistant - WARNING - warning:54 - Max silence timeout reached during wait phase
2025-11-20 00:14:55,711 - VoiceAssistant - INFO - info:50 - Starting audio recording (waiting for sound...)
2025-11-20 00:14:58,295 - VoiceAssistant - INFO - info:50 - Sound detected! Recording...
2025-11-20 00:14:58,317 - VoiceAssistant - INFO - info:50 - Sound detected! Recording...
2025-11-20 00:14:58,317 - VoiceAssistant - INFO - info:50 - Speech detected!
2025-11-20 00:14:59,810 - VoiceAssistant - INFO - info:50 - Silence detected, stopping recording...
2025-11-20 00:14:59,810 - VoiceAssistant - INFO - info:50 - Silence detected, stopping recording...
2025-11-20 00:14:59,811 - VoiceAssistant - INFO - info:50 - Silence detected, processing...
2025-11-20 00:14:59,811 - VoiceAssistant - INFO - info:50 - Saved audio: files/Artur Recordings/20251120_001455_561.wav (2.5s, 221228 bytes)
2025-11-20 00:14:59,812 - VoiceAssistant - INFO - info:50 - Saved audio: files/Artur Recordings/20251120_001455_317.wav (2.5s, 221228 bytes)
2025-11-20 00:14:59,928 - VoiceAssistant - INFO - info:50 - Transcribing audio...
2025-11-20 00:14:59,929 - VoiceAssistant - INFO - info:50 - Transcribing: files/Artur Recordings/20251120_001455_561.wav (2.5s)
2025-11-20 00:14:59,929 - VoiceAssistant - INFO - info:50 - Transcribing: files/Artur Recordings/20251120_001455_317.wav (2.5s)
2025-11-20 00:15:01,228 - VoiceAssistant - INFO - info:50 - No transcription found (empty audio)
2025-11-20 00:15:01,228 - VoiceAssistant - WARNING - warning:54 - Transcription failed
2025-11-20 00:15:01,228 - VoiceAssistant - INFO - info:50 - Listening for audio...
2025-11-20 00:15:01,250 - VoiceAssistant - INFO - info:50 - No transcription found (empty audio)
2025-11-20 00:15:01,579 - VoiceAssistant - INFO - info:50 - Starting audio recording (waiting for sound...)
2025-11-20 00:15:01,670 - VoiceAssistant - INFO - info:50 - Starting audio recording (waiting for sound...)
2025-11-20 00:15:06,596 - VoiceAssistant - WARNING - warning:54 - Max silence timeout reached during wait phase
2025-11-20 00:15:06,685 - VoiceAssistant - WARNING - warning:54 - Max silence timeout reached during wait phase
2025-11-20 00:15:06,711 - VoiceAssistant - WARNING - warning:54 - Recording failed or was cancelled
2025-11-20 00:15:06,711 - VoiceAssistant - INFO - info:50 - Listening for audio...
2025-11-20 00:15:06,891 - VoiceAssistant - INFO - info:50 - Starting audio recording (waiting for sound...)
2025-11-20 00:15:07,149 - VoiceAssistant - INFO - info:50 - Starting audio recording (waiting for sound...)
2025-11-20 00:15:11,905 - VoiceAssistant - WARNING - warning:54 - Max silence timeout reached during wait phase
2025-11-20 00:15:12,020 - VoiceAssistant - WARNING - warning:54 - Recording failed or was cancelled
2025-11-20 00:15:12,020 - VoiceAssistant - INFO - info:50 - Listening for audio...
2025-11-20 00:15:12,122 - VoiceAssistant - INFO - info:50 - Starting audio recording (waiting for sound...)
2025-11-20 00:15:12,164 - VoiceAssistant - WARNING - warning:54 - Max silence timeout reached during wait phase
2025-11-20 00:15:12,435 - VoiceAssistant - INFO - info:50 - Starting audio recording (waiting for sound...)
2025-11-20 00:15:17,134 - VoiceAssistant - WARNING - warning:54 - Max silence timeout reached during wait phase
2025-11-20 00:15:17,251 - VoiceAssistant - WARNING - warning:54 - Recording failed or was cancelled
2025-11-20 00:15:17,251 - VoiceAssistant - INFO - info:50 - Listening for audio...
2025-11-20 00:15:17,356 - VoiceAssistant - INFO - info:50 - Starting audio recording (waiting for sound...)
2025-11-20 00:15:17,448 - VoiceAssistant - WARNING - warning:54 - Max silence timeout reached during wait phase
2025-11-20 00:15:17,656 - VoiceAssistant - INFO - info:50 - Starting audio recording (waiting for sound...)
2025-11-20 00:15:22,369 - VoiceAssistant - WARNING - warning:54 - Max silence timeout reached during wait phase
2025-11-20 00:15:22,491 - VoiceAssistant - WARNING - warning:54 - Recording failed or was cancelled
2025-11-20 00:15:22,491 - VoiceAssistant - INFO - info:50 - Listening for audio...
2025-11-20 00:15:22,601 - VoiceAssistant - INFO - info:50 - Starting audio recording (waiting for sound...)
2025-11-20 00:15:22,671 - VoiceAssistant - WARNING - warning:54 - Max silence timeout reached during wait phase
2025-11-20 00:15:22,888 - VoiceAssistant - INFO - info:50 - Starting audio recording (waiting for sound...)
2025-11-20 00:15:27,616 - VoiceAssistant - WARNING - warning:54 - Max silence timeout reached during wait phase
2025-11-20 00:15:27,734 - VoiceAssistant - WARNING - warning:54 - Recording failed or was cancelled
2025-11-20 00:15:27,735 - VoiceAssistant - INFO - info:50 - Listening for audio...
2025-11-20 00:15:27,836 - VoiceAssistant - INFO - info:50 - Starting audio recording (waiting for sound...)
2025-11-20 00:15:27,903 - VoiceAssistant - WARNING - warning:54 - Max silence timeout reached during wait phase
2025-11-20 00:15:28,128 - VoiceAssistant - INFO - info:50 - Starting audio recording (waiting for sound...)
2025-11-20 00:15:32,849 - VoiceAssistant - WARNING - warning:54 - Max silence timeout reached during wait phase
2025-11-20 00:15:32,963 - VoiceAssistant - WARNING - warning:54 - Recording failed or was cancelled
2025-11-20 00:15:32,963 - VoiceAssistant - INFO - info:50 - Listening for audio...
2025-11-20 00:15:33,057 - VoiceAssistant - INFO - info:50 - Starting audio recording (waiting for sound...)
2025-11-20 00:15:33,140 - VoiceAssistant - WARNING - warning:54 - Max silence timeout reached during wait phase
2025-11-20 00:15:33,354 - VoiceAssistant - INFO - info:50 - Starting audio recording (waiting for sound...)
2025-11-20 00:15:38,072 - VoiceAssistant - WARNING - warning:54 - Max silence timeout reached during wait phase
2025-11-20 00:15:38,191 - VoiceAssistant - WARNING - warning:54 - Recording failed or was cancelled
2025-11-20 00:15:38,191 - VoiceAssistant - INFO - info:50 - Listening for audio...
2025-11-20 00:15:38,286 - VoiceAssistant - INFO - info:50 - Starting audio recording (waiting for sound...)
2025-11-20 00:15:38,369 - VoiceAssistant - WARNING - warning:54 - Max silence timeout reached during wait phase
2025-11-20 00:15:38,585 - VoiceAssistant - INFO - info:50 - Starting audio recording (waiting for sound...)
2025-11-20 00:15:43,298 - VoiceAssistant - WARNING - warning:54 - Max silence timeout reached during wait phase
2025-11-20 00:15:43,419 - VoiceAssistant - WARNING - warning:54 - Recording failed or was cancelled
2025-11-20 00:15:43,419 - VoiceAssistant - INFO - info:50 - Listening for audio...
2025-11-20 00:15:43,510 - VoiceAssistant - INFO - info:50 - Starting audio recording (waiting for sound...)
2025-11-20 00:15:43,601 - VoiceAssistant - WARNING - warning:54 - Max silence timeout reached during wait phase
2025-11-20 00:15:43,827 - VoiceAssistant - INFO - info:50 - Starting audio recording (waiting for sound...)
2025-11-20 00:15:48,525 - VoiceAssistant - WARNING - warning:54 - Max silence timeout reached during wait phase
2025-11-20 00:15:48,642 - VoiceAssistant - WARNING - warning:54 - Recording failed or was cancelled
2025-11-20 00:15:48,642 - VoiceAssistant - INFO - info:50 - Listening for audio...
2025-11-20 00:15:48,744 - VoiceAssistant - INFO - info:50 - Starting audio recording (waiting for sound...)
2025-11-20 00:15:48,839 - VoiceAssistant - WARNING - warning:54 - Max silence timeout reached during wait phase
2025-11-20 00:15:49,060 - VoiceAssistant - INFO - info:50 - Starting audio recording (waiting for sound...)
2025-11-20 00:15:53,762 - VoiceAssistant - WARNING - warning:54 - Max silence timeout reached during wait phase
2025-11-20 00:15:53,882 - VoiceAssistant - WARNING - warning:54 - Recording failed or was cancelled
2025-11-20 00:15:53,882 - VoiceAssistant - INFO - info:50 - Listening for audio...
2025-11-20 00:15:53,976 - VoiceAssistant - INFO - info:50 - Starting audio recording (waiting for sound...)
2025-11-20 00:15:54,075 - VoiceAssistant - WARNING - warning:54 - Max silence timeout reached during wait phase
2025-11-20 00:15:54,298 - VoiceAssistant - INFO - info:50 - Starting audio recording (waiting for sound...)
2025-11-20 00:15:58,989 - VoiceAssistant - WARNING - warning:54 - Max silence timeout reached during wait phase
2025-11-20 00:15:59,109 - VoiceAssistant - WARNING - warning:54 - Recording failed or was cancelled
2025-11-20 00:15:59,110 - VoiceAssistant - INFO - info:50 - Listening for audio...
2025-11-20 00:15:59,215 - VoiceAssistant - INFO - info:50 - Starting audio recording (waiting for sound...)
2025-11-20 00:15:59,311 - VoiceAssistant - WARNING - warning:54 - Max silence timeout reached during wait phase
2025-11-20 00:15:59,520 - VoiceAssistant - INFO - info:50 - Starting audio recording (waiting for sound...)
2025-11-20 00:16:01,672 - VoiceAssistant - INFO - info:50 - Sound detected! Recording...
2025-11-20 00:16:01,673 - VoiceAssistant - INFO - info:50 - Speech detected!
2025-11-20 00:16:01,676 - VoiceAssistant - INFO - info:50 - Sound detected! Recording...
2025-11-20 00:16:10,756 - VoiceAssistant - INFO - info:50 - Silence detected, stopping recording...
2025-11-20 00:16:10,757 - VoiceAssistant - INFO - info:50 - Silence detected, processing...
2025-11-20 00:16:10,759 - VoiceAssistant - INFO - info:50 - Saved audio: files/Artur Recordings/20251120_001559_110.wav (10.1s, 890924 bytes)
2025-11-20 00:16:10,765 - VoiceAssistant - INFO - info:50 - Silence detected, stopping recording...
2025-11-20 00:16:10,768 - VoiceAssistant - INFO - info:50 - Saved audio: files/Artur Recordings/20251120_001559_429.wav (10.1s, 890924 bytes)
2025-11-20 00:16:10,874 - VoiceAssistant - INFO - info:50 - Transcribing audio...
2025-11-20 00:16:10,874 - VoiceAssistant - INFO - info:50 - Transcribing: files/Artur Recordings/20251120_001559_110.wav (10.1s)
2025-11-20 00:16:10,883 - VoiceAssistant - INFO - info:50 - Transcribing: files/Artur Recordings/20251120_001559_429.wav (10.1s)
2025-11-20 00:16:14,338 - VoiceAssistant - INFO - info:50 - Transcription complete: 'Once again I told you it should be time since last command so it's just yeah timing  of the last command.' (3.45s)
2025-11-20 00:16:14,339 - VoiceAssistant - INFO - info:50 - Saved transcription: files/Artur Recordings/20251120_001559_429.json
2025-11-20 00:16:14,339 - VoiceAssistant - INFO - info:50 - Text preprocessed: 'Once again I told you it should be time since last command so it's just yeah timing  of the last command.'
2025-11-20 00:16:14,374 - VoiceAssistant - INFO - info:50 - Transcription complete: 'Once again I told you it should be time since last command so it's just yeah timing  of the last command.' (3.50s)
2025-11-20 00:16:14,374 - VoiceAssistant - INFO - info:50 - Saved transcription: files/Artur Recordings/20251120_001559_110.json
2025-11-20 00:16:14,375 - VoiceAssistant - INFO - info:50 - Transcription: 'Once again I told you it should be time since last command so it's just yeah timing  of the last command.'
2025-11-20 00:16:14,375 - VoiceAssistant - INFO - info:50 - Preprocessing text...
2025-11-20 00:16:14,375 - VoiceAssistant - INFO - info:50 - Text preprocessed: 'Once again I told you it should be time since last command so it's just yeah timing  of the last command.'
2025-11-20 00:16:14,376 - VoiceAssistant - INFO - info:50 - Processing as dictation: 'Once again I told you it should be time since last command so it's just yeah timing  of the last command.'
2025-11-20 00:16:14,403 - VoiceAssistant - INFO - info:50 - Auto-pasting transcription...
2025-11-20 00:16:15,136 - VoiceAssistant - INFO - info:50 - Successfully pasted: 'Once again I told you it should be time since last command so it's just yeah timing  of the last command.'
2025-11-20 00:16:15,173 - VoiceAssistant - INFO - info:50 - Successfully pasted: 'Once again I told you it should be time since last command so it's just yeah timing  of the last command.'
2025-11-20 00:16:15,173 - VoiceAssistant - INFO - info:50 - Listening for audio...
2025-11-20 00:16:15,538 - VoiceAssistant - INFO - info:50 - Starting audio recording (waiting for sound...)
2025-11-20 00:16:15,596 - VoiceAssistant - INFO - info:50 - Starting audio recording (waiting for sound...)
2025-11-20 00:16:20,551 - VoiceAssistant - WARNING - warning:54 - Max silence timeout reached during wait phase
2025-11-20 00:16:20,611 - VoiceAssistant - WARNING - warning:54 - Max silence timeout reached during wait phase
2025-11-20 00:16:20,726 - VoiceAssistant - WARNING - warning:54 - Recording failed or was cancelled
2025-11-20 00:16:20,726 - VoiceAssistant - INFO - info:50 - Listening for audio...
2025-11-20 00:16:20,824 - VoiceAssistant - INFO - info:50 - Starting audio recording (waiting for sound...)
2025-11-20 00:16:20,991 - VoiceAssistant - INFO - info:50 - Starting audio recording (waiting for sound...)
2025-11-20 00:16:25,837 - VoiceAssistant - WARNING - warning:54 - Max silence timeout reached during wait phase
2025-11-20 00:16:26,006 - VoiceAssistant - WARNING - warning:54 - Max silence timeout reached during wait phase
2025-11-20 00:16:26,113 - VoiceAssistant - INFO - info:50 - Starting audio recording (waiting for sound...)
2025-11-20 00:16:26,120 - VoiceAssistant - WARNING - warning:54 - Recording failed or was cancelled
2025-11-20 00:16:26,121 - VoiceAssistant - INFO - info:50 - Listening for audio...
2025-11-20 00:16:26,516 - VoiceAssistant - INFO - info:50 - Starting audio recording (waiting for sound...)
2025-11-20 00:16:31,130 - VoiceAssistant - WARNING - warning:54 - Max silence timeout reached during wait phase
2025-11-20 00:16:31,383 - VoiceAssistant - INFO - info:50 - Starting audio recording (waiting for sound...)
2025-11-20 00:16:31,532 - VoiceAssistant - WARNING - warning:54 - Max silence timeout reached during wait phase
2025-11-20 00:16:31,648 - VoiceAssistant - WARNING - warning:54 - Recording failed or was cancelled
2025-11-20 00:16:31,648 - VoiceAssistant - INFO - info:50 - Listening for audio...
2025-11-20 00:16:31,890 - VoiceAssistant - INFO - info:50 - Starting audio recording (waiting for sound...)
2025-11-20 00:16:36,397 - VoiceAssistant - WARNING - warning:54 - Max silence timeout reached during wait phase
2025-11-20 00:16:36,617 - VoiceAssistant - INFO - info:50 - Starting audio recording (waiting for sound...)
2025-11-20 00:16:36,904 - VoiceAssistant - WARNING - warning:54 - Max silence timeout reached during wait phase
2025-11-20 00:16:37,019 - VoiceAssistant - WARNING - warning:54 - Recording failed or was cancelled
2025-11-20 00:16:37,019 - VoiceAssistant - INFO - info:50 - Listening for audio...
2025-11-20 00:16:37,211 - VoiceAssistant - INFO - info:50 - Starting audio recording (waiting for sound...)
2025-11-20 00:16:41,630 - VoiceAssistant - WARNING - warning:54 - Max silence timeout reached during wait phase
2025-11-20 00:16:41,843 - VoiceAssistant - INFO - info:50 - Starting audio recording (waiting for sound...)
2025-11-20 00:16:42,223 - VoiceAssistant - WARNING - warning:54 - Max silence timeout reached during wait phase
2025-11-20 00:16:42,339 - VoiceAssistant - WARNING - warning:54 - Recording failed or was cancelled
2025-11-20 00:16:42,339 - VoiceAssistant - INFO - info:50 - Listening for audio...
2025-11-20 00:16:42,479 - VoiceAssistant - INFO - info:50 - Starting audio recording (waiting for sound...)
2025-11-20 00:16:46,857 - VoiceAssistant - WARNING - warning:54 - Max silence timeout reached during wait phase
2025-11-20 00:16:47,087 - VoiceAssistant - INFO - info:50 - Starting audio recording (waiting for sound...)
2025-11-20 00:16:47,494 - VoiceAssistant - WARNING - warning:54 - Max silence timeout reached during wait phase
2025-11-20 00:16:47,609 - VoiceAssistant - WARNING - warning:54 - Recording failed or was cancelled
2025-11-20 00:16:47,609 - VoiceAssistant - INFO - info:50 - Listening for audio...
2025-11-20 00:16:47,755 - VoiceAssistant - INFO - info:50 - Starting audio recording (waiting for sound...)
2025-11-20 00:16:52,099 - VoiceAssistant - WARNING - warning:54 - Max silence timeout reached during wait phase
2025-11-20 00:16:52,317 - VoiceAssistant - INFO - info:50 - Starting audio recording (waiting for sound...)
2025-11-20 00:16:52,771 - VoiceAssistant - WARNING - warning:54 - Max silence timeout reached during wait phase
2025-11-20 00:16:52,886 - VoiceAssistant - WARNING - warning:54 - Recording failed or was cancelled
2025-11-20 00:16:52,886 - VoiceAssistant - INFO - info:50 - Listening for audio...
2025-11-20 00:16:53,013 - VoiceAssistant - INFO - info:50 - Starting audio recording (waiting for sound...)
2025-11-20 00:16:57,333 - VoiceAssistant - WARNING - warning:54 - Max silence timeout reached during wait phase
2025-11-20 00:16:57,560 - VoiceAssistant - INFO - info:50 - Starting audio recording (waiting for sound...)
2025-11-20 00:16:58,027 - VoiceAssistant - WARNING - warning:54 - Max silence timeout reached during wait phase
2025-11-20 00:16:58,143 - VoiceAssistant - WARNING - warning:54 - Recording failed or was cancelled
2025-11-20 00:16:58,144 - VoiceAssistant - INFO - info:50 - Listening for audio...
2025-11-20 00:16:58,285 - VoiceAssistant - INFO - info:50 - Starting audio recording (waiting for sound...)
2025-11-20 00:17:02,574 - VoiceAssistant - WARNING - warning:54 - Max silence timeout reached during wait phase
2025-11-20 00:17:02,785 - VoiceAssistant - INFO - info:50 - Starting audio recording (waiting for sound...)
2025-11-20 00:17:03,299 - VoiceAssistant - WARNING - warning:54 - Max silence timeout reached during wait phase
2025-11-20 00:17:03,415 - VoiceAssistant - WARNING - warning:54 - Recording failed or was cancelled
2025-11-20 00:17:03,415 - VoiceAssistant - INFO - info:50 - Listening for audio...
2025-11-20 00:17:03,519 - VoiceAssistant - INFO - info:50 - Starting audio recording (waiting for sound...)
2025-11-20 00:17:07,799 - VoiceAssistant - WARNING - warning:54 - Max silence timeout reached during wait phase
2025-11-20 00:17:08,025 - VoiceAssistant - INFO - info:50 - Starting audio recording (waiting for sound...)
2025-11-20 00:17:08,533 - VoiceAssistant - WARNING - warning:54 - Max silence timeout reached during wait phase
2025-11-20 00:17:08,648 - VoiceAssistant - WARNING - warning:54 - Recording failed or was cancelled
2025-11-20 00:17:08,648 - VoiceAssistant - INFO - info:50 - Listening for audio...
2025-11-20 00:17:08,739 - VoiceAssistant - INFO - info:50 - Starting audio recording (waiting for sound...)
2025-11-20 00:17:13,037 - VoiceAssistant - WARNING - warning:54 - Max silence timeout reached during wait phase
2025-11-20 00:17:13,277 - VoiceAssistant - INFO - info:50 - Starting audio recording (waiting for sound...)
2025-11-20 00:17:13,756 - VoiceAssistant - WARNING - warning:54 - Max silence timeout reached during wait phase
2025-11-20 00:17:13,871 - VoiceAssistant - WARNING - warning:54 - Recording failed or was cancelled
2025-11-20 00:17:13,871 - VoiceAssistant - INFO - info:50 - Listening for audio...
2025-11-20 00:17:14,079 - VoiceAssistant - INFO - info:50 - Starting audio recording (waiting for sound...)
2025-11-20 00:17:18,294 - VoiceAssistant - WARNING - warning:54 - Max silence timeout reached during wait phase
2025-11-20 00:17:18,523 - VoiceAssistant - INFO - info:50 - Starting audio recording (waiting for sound...)
2025-11-20 00:17:19,095 - VoiceAssistant - WARNING - warning:54 - Max silence timeout reached during wait phase
2025-11-20 00:17:19,209 - VoiceAssistant - WARNING - warning:54 - Recording failed or was cancelled
2025-11-20 00:17:19,210 - VoiceAssistant - INFO - info:50 - Listening for audio...
2025-11-20 00:17:19,320 - VoiceAssistant - INFO - info:50 - Starting audio recording (waiting for sound...)
2025-11-20 00:17:23,537 - VoiceAssistant - WARNING - warning:54 - Max silence timeout reached during wait phase
2025-11-20 00:17:23,752 - VoiceAssistant - INFO - info:50 - Starting audio recording (waiting for sound...)
2025-11-20 00:17:24,334 - VoiceAssistant - WARNING - warning:54 - Max silence timeout reached during wait phase
2025-11-20 00:17:24,449 - VoiceAssistant - WARNING - warning:54 - Recording failed or was cancelled
2025-11-20 00:17:24,449 - VoiceAssistant - INFO - info:50 - Listening for audio...
2025-11-20 00:17:24,569 - VoiceAssistant - INFO - info:50 - Starting audio recording (waiting for sound...)
2025-11-20 00:17:28,766 - VoiceAssistant - WARNING - warning:54 - Max silence timeout reached during wait phase
2025-11-20 00:17:28,975 - VoiceAssistant - INFO - info:50 - Starting audio recording (waiting for sound...)
2025-11-20 00:17:29,585 - VoiceAssistant - WARNING - warning:54 - Max silence timeout reached during wait phase
2025-11-20 00:17:29,700 - VoiceAssistant - WARNING - warning:54 - Recording failed or was cancelled
2025-11-20 00:17:29,701 - VoiceAssistant - INFO - info:50 - Listening for audio...
2025-11-20 00:17:29,837 - VoiceAssistant - INFO - info:50 - Starting audio recording (waiting for sound...)
2025-11-20 00:17:33,990 - VoiceAssistant - WARNING - warning:54 - Max silence timeout reached during wait phase
2025-11-20 00:17:34,219 - VoiceAssistant - INFO - info:50 - Starting audio recording (waiting for sound...)
2025-11-20 00:17:34,854 - VoiceAssistant - WARNING - warning:54 - Max silence timeout reached during wait phase
2025-11-20 00:17:34,969 - VoiceAssistant - WARNING - warning:54 - Recording failed or was cancelled
2025-11-20 00:17:34,969 - VoiceAssistant - INFO - info:50 - Listening for audio...
2025-11-20 00:17:35,077 - VoiceAssistant - INFO - info:50 - Starting audio recording (waiting for sound...)
2025-11-20 00:17:39,234 - VoiceAssistant - WARNING - warning:54 - Max silence timeout reached during wait phase
2025-11-20 00:17:39,449 - VoiceAssistant - INFO - info:50 - Starting audio recording (waiting for sound...)
2025-11-20 00:17:40,090 - VoiceAssistant - WARNING - warning:54 - Max silence timeout reached during wait phase
2025-11-20 00:17:40,206 - VoiceAssistant - WARNING - warning:54 - Recording failed or was cancelled
2025-11-20 00:17:40,206 - VoiceAssistant - INFO - info:50 - Listening for audio...
2025-11-20 00:17:40,304 - VoiceAssistant - INFO - info:50 - Starting audio recording (waiting for sound...)
2025-11-20 00:17:44,463 - VoiceAssistant - WARNING - warning:54 - Max silence timeout reached during wait phase
2025-11-20 00:17:44,671 - VoiceAssistant - INFO - info:50 - Starting audio recording (waiting for sound...)
2025-11-20 00:17:45,317 - VoiceAssistant - WARNING - warning:54 - Max silence timeout reached during wait phase
2025-11-20 00:17:45,433 - VoiceAssistant - WARNING - warning:54 - Recording failed or was cancelled
2025-11-20 00:17:45,434 - VoiceAssistant - INFO - info:50 - Listening for audio...
2025-11-20 00:17:45,537 - VoiceAssistant - INFO - info:50 - Starting audio recording (waiting for sound...)
2025-11-20 00:17:49,687 - VoiceAssistant - WARNING - warning:54 - Max silence timeout reached during wait phase
2025-11-20 00:17:49,900 - VoiceAssistant - INFO - info:50 - Starting audio recording (waiting for sound...)
2025-11-20 00:17:50,551 - VoiceAssistant - WARNING - warning:54 - Max silence timeout reached during wait phase
2025-11-20 00:17:50,667 - VoiceAssistant - WARNING - warning:54 - Recording failed or was cancelled
2025-11-20 00:17:50,668 - VoiceAssistant - INFO - info:50 - Listening for audio...
2025-11-20 00:17:50,764 - VoiceAssistant - INFO - info:50 - Starting audio recording (waiting for sound...)
2025-11-20 00:17:54,914 - VoiceAssistant - WARNING - warning:54 - Max silence timeout reached during wait phase
2025-11-20 00:17:55,130 - VoiceAssistant - INFO - info:50 - Starting audio recording (waiting for sound...)
2025-11-20 00:17:55,781 - VoiceAssistant - WARNING - warning:54 - Max silence timeout reached during wait phase
2025-11-20 00:17:55,896 - VoiceAssistant - WARNING - warning:54 - Recording failed or was cancelled
2025-11-20 00:17:55,896 - VoiceAssistant - INFO - info:50 - Listening for audio...
2025-11-20 00:17:55,994 - VoiceAssistant - INFO - info:50 - Starting audio recording (waiting for sound...)
2025-11-20 00:18:00,141 - VoiceAssistant - WARNING - warning:54 - Max silence timeout reached during wait phase
2025-11-20 00:18:00,352 - VoiceAssistant - INFO - info:50 - Starting audio recording (waiting for sound...)
2025-11-20 00:18:01,011 - VoiceAssistant - WARNING - warning:54 - Max silence timeout reached during wait phase
2025-11-20 00:18:01,127 - VoiceAssistant - WARNING - warning:54 - Recording failed or was cancelled
2025-11-20 00:18:01,127 - VoiceAssistant - INFO - info:50 - Listening for audio...
2025-11-20 00:18:01,227 - VoiceAssistant - INFO - info:50 - Starting audio recording (waiting for sound...)
2025-11-20 00:18:05,326 - VoiceAssistant - INFO - info:50 - Sound detected! Recording...
2025-11-20 00:18:05,327 - VoiceAssistant - INFO - info:50 - Sound detected! Recording...
2025-11-20 00:18:05,327 - VoiceAssistant - INFO - info:50 - Speech detected!
2025-11-20 00:18:06,347 - VoiceAssistant - INFO - info:50 - Silence detected, stopping recording...
2025-11-20 00:18:06,347 - VoiceAssistant - INFO - info:50 - Silence detected, processing...
2025-11-20 00:18:06,348 - VoiceAssistant - INFO - info:50 - Saved audio: files/Artur Recordings/20251120_001801_127.wav (2.0s, 178220 bytes)
2025-11-20 00:18:06,348 - VoiceAssistant - INFO - info:50 - Silence detected, stopping recording...
2025-11-20 00:18:06,348 - VoiceAssistant - INFO - info:50 - Saved audio: files/Artur Recordings/20251120_001800_256.wav (2.0s, 178220 bytes)
2025-11-20 00:18:06,463 - VoiceAssistant - INFO - info:50 - Transcribing audio...
2025-11-20 00:18:06,464 - VoiceAssistant - INFO - info:50 - Transcribing: files/Artur Recordings/20251120_001800_256.wav (2.0s)
2025-11-20 00:18:06,464 - VoiceAssistant - INFO - info:50 - Transcribing: files/Artur Recordings/20251120_001801_127.wav (2.0s)
2025-11-20 00:18:07,692 - VoiceAssistant - INFO - info:50 - No transcription found (empty audio)
2025-11-20 00:18:07,729 - VoiceAssistant - INFO - info:50 - No transcription found (empty audio)
2025-11-20 00:18:07,730 - VoiceAssistant - WARNING - warning:54 - Transcription failed
2025-11-20 00:18:07,730 - VoiceAssistant - INFO - info:50 - Listening for audio...
2025-11-20 00:18:08,047 - VoiceAssistant - INFO - info:50 - Starting audio recording (waiting for sound...)
2025-11-20 00:18:08,184 - VoiceAssistant - INFO - info:50 - Starting audio recording (waiting for sound...)
2025-11-20 00:18:13,059 - VoiceAssistant - WARNING - warning:54 - Max silence timeout reached during wait phase
2025-11-20 00:18:13,197 - VoiceAssistant - WARNING - warning:54 - Max silence timeout reached during wait phase
2025-11-20 00:18:13,276 - VoiceAssistant - INFO - info:50 - Starting audio recording (waiting for sound...)
2025-11-20 00:18:13,312 - VoiceAssistant - WARNING - warning:54 - Recording failed or was cancelled
2025-11-20 00:18:13,312 - VoiceAssistant - INFO - info:50 - Listening for audio...
2025-11-20 00:18:13,622 - VoiceAssistant - INFO - info:50 - Starting audio recording (waiting for sound...)
2025-11-20 00:18:18,292 - VoiceAssistant - WARNING - warning:54 - Max silence timeout reached during wait phase
2025-11-20 00:18:18,500 - VoiceAssistant - INFO - info:50 - Starting audio recording (waiting for sound...)
2025-11-20 00:18:18,638 - VoiceAssistant - WARNING - warning:54 - Max silence timeout reached during wait phase
2025-11-20 00:18:18,753 - VoiceAssistant - WARNING - warning:54 - Recording failed or was cancelled
2025-11-20 00:18:18,754 - VoiceAssistant - INFO - info:50 - Listening for audio...
2025-11-20 00:18:18,996 - VoiceAssistant - INFO - info:50 - Starting audio recording (waiting for sound...)
2025-11-20 00:18:23,516 - VoiceAssistant - WARNING - warning:54 - Max silence timeout reached during wait phase
2025-11-20 00:18:23,724 - VoiceAssistant - INFO - info:50 - Starting audio recording (waiting for sound...)
2025-11-20 00:18:24,013 - VoiceAssistant - WARNING - warning:54 - Max silence timeout reached during wait phase
2025-11-20 00:18:24,128 - VoiceAssistant - WARNING - warning:54 - Recording failed or was cancelled
2025-11-20 00:18:24,128 - VoiceAssistant - INFO - info:50 - Listening for audio...
2025-11-20 00:18:24,283 - VoiceAssistant - INFO - info:50 - Starting audio recording (waiting for sound...)
2025-11-20 00:18:28,738 - VoiceAssistant - WARNING - warning:54 - Max silence timeout reached during wait phase
2025-11-20 00:18:28,953 - VoiceAssistant - INFO - info:50 - Starting audio recording (waiting for sound...)
2025-11-20 00:18:29,297 - VoiceAssistant - WARNING - warning:54 - Max silence timeout reached during wait phase
2025-11-20 00:18:29,412 - VoiceAssistant - WARNING - warning:54 - Recording failed or was cancelled
2025-11-20 00:18:29,412 - VoiceAssistant - INFO - info:50 - Listening for audio...
2025-11-20 00:18:29,551 - VoiceAssistant - INFO - info:50 - Starting audio recording (waiting for sound...)
2025-11-20 00:18:33,967 - VoiceAssistant - WARNING - warning:54 - Max silence timeout reached during wait phase
2025-11-20 00:18:34,185 - VoiceAssistant - INFO - info:50 - Starting audio recording (waiting for sound...)
2025-11-20 00:18:34,567 - VoiceAssistant - WARNING - warning:54 - Max silence timeout reached during wait phase
2025-11-20 00:18:34,683 - VoiceAssistant - WARNING - warning:54 - Recording failed or was cancelled
2025-11-20 00:18:34,683 - VoiceAssistant - INFO - info:50 - Listening for audio...
2025-11-20 00:18:34,802 - VoiceAssistant - INFO - info:50 - Starting audio recording (waiting for sound...)
2025-11-20 00:18:39,199 - VoiceAssistant - WARNING - warning:54 - Max silence timeout reached during wait phase
2025-11-20 00:18:39,410 - VoiceAssistant - INFO - info:50 - Starting audio recording (waiting for sound...)
2025-11-20 00:18:39,816 - VoiceAssistant - WARNING - warning:54 - Max silence timeout reached during wait phase
2025-11-20 00:18:39,932 - VoiceAssistant - WARNING - warning:54 - Recording failed or was cancelled
2025-11-20 00:18:39,933 - VoiceAssistant - INFO - info:50 - Listening for audio...
2025-11-20 00:18:40,027 - VoiceAssistant - INFO - info:50 - Starting audio recording (waiting for sound...)
2025-11-20 00:18:44,428 - VoiceAssistant - WARNING - warning:54 - Max silence timeout reached during wait phase
2025-11-20 00:18:44,638 - VoiceAssistant - INFO - info:50 - Starting audio recording (waiting for sound...)
2025-11-20 00:18:45,044 - VoiceAssistant - WARNING - warning:54 - Max silence timeout reached during wait phase
2025-11-20 00:18:45,160 - VoiceAssistant - WARNING - warning:54 - Recording failed or was cancelled
2025-11-20 00:18:45,160 - VoiceAssistant - INFO - info:50 - Listening for audio...
2025-11-20 00:18:45,263 - VoiceAssistant - INFO - info:50 - Starting audio recording (waiting for sound...)
2025-11-20 00:18:49,652 - VoiceAssistant - WARNING - warning:54 - Max silence timeout reached during wait phase
2025-11-20 00:18:49,878 - VoiceAssistant - INFO - info:50 - Starting audio recording (waiting for sound...)
2025-11-20 00:18:50,279 - VoiceAssistant - WARNING - warning:54 - Max silence timeout reached during wait phase
2025-11-20 00:18:50,395 - VoiceAssistant - WARNING - warning:54 - Recording failed or was cancelled
2025-11-20 00:18:50,396 - VoiceAssistant - INFO - info:50 - Listening for audio...
2025-11-20 00:18:50,498 - VoiceAssistant - INFO - info:50 - Starting audio recording (waiting for sound...)
2025-11-20 00:18:54,893 - VoiceAssistant - WARNING - warning:54 - Max silence timeout reached during wait phase
2025-11-20 00:18:55,108 - VoiceAssistant - INFO - info:50 - Starting audio recording (waiting for sound...)
2025-11-20 00:18:55,515 - VoiceAssistant - WARNING - warning:54 - Max silence timeout reached during wait phase
2025-11-20 00:18:55,630 - VoiceAssistant - WARNING - warning:54 - Recording failed or was cancelled
2025-11-20 00:18:55,631 - VoiceAssistant - INFO - info:50 - Listening for audio...
2025-11-20 00:18:55,729 - VoiceAssistant - INFO - info:50 - Starting audio recording (waiting for sound...)
2025-11-20 00:19:00,120 - VoiceAssistant - WARNING - warning:54 - Max silence timeout reached during wait phase
2025-11-20 00:19:00,330 - VoiceAssistant - INFO - info:50 - Starting audio recording (waiting for sound...)
2025-11-20 00:19:00,745 - VoiceAssistant - WARNING - warning:54 - Max silence timeout reached during wait phase
2025-11-20 00:19:00,859 - VoiceAssistant - WARNING - warning:54 - Recording failed or was cancelled
2025-11-20 00:19:00,860 - VoiceAssistant - INFO - info:50 - Listening for audio...
2025-11-20 00:19:00,953 - VoiceAssistant - INFO - info:50 - Starting audio recording (waiting for sound...)
2025-11-20 00:19:05,347 - VoiceAssistant - WARNING - warning:54 - Max silence timeout reached during wait phase
2025-11-20 00:19:05,559 - VoiceAssistant - INFO - info:50 - Starting audio recording (waiting for sound...)
2025-11-20 00:19:05,969 - VoiceAssistant - WARNING - warning:54 - Max silence timeout reached during wait phase
2025-11-20 00:19:06,085 - VoiceAssistant - WARNING - warning:54 - Recording failed or was cancelled
2025-11-20 00:19:06,085 - VoiceAssistant - INFO - info:50 - Listening for audio...
2025-11-20 00:19:06,188 - VoiceAssistant - INFO - info:50 - Starting audio recording (waiting for sound...)
2025-11-20 00:19:10,572 - VoiceAssistant - WARNING - warning:54 - Max silence timeout reached during wait phase
2025-11-20 00:19:10,784 - VoiceAssistant - INFO - info:50 - Starting audio recording (waiting for sound...)
2025-11-20 00:19:11,203 - VoiceAssistant - WARNING - warning:54 - Max silence timeout reached during wait phase
2025-11-20 00:19:11,320 - VoiceAssistant - WARNING - warning:54 - Recording failed or was cancelled
2025-11-20 00:19:11,321 - VoiceAssistant - INFO - info:50 - Listening for audio...
2025-11-20 00:19:11,419 - VoiceAssistant - INFO - info:50 - Starting audio recording (waiting for sound...)
2025-11-20 00:19:15,800 - VoiceAssistant - WARNING - warning:54 - Max silence timeout reached during wait phase
2025-11-20 00:19:16,026 - VoiceAssistant - INFO - info:50 - Starting audio recording (waiting for sound...)
2025-11-20 00:19:16,437 - VoiceAssistant - WARNING - warning:54 - Max silence timeout reached during wait phase
2025-11-20 00:19:16,554 - VoiceAssistant - WARNING - warning:54 - Recording failed or was cancelled
2025-11-20 00:19:16,554 - VoiceAssistant - INFO - info:50 - Listening for audio...
2025-11-20 00:19:16,649 - VoiceAssistant - INFO - info:50 - Starting audio recording (waiting for sound...)
2025-11-20 00:19:21,043 - VoiceAssistant - WARNING - warning:54 - Max silence timeout reached during wait phase
2025-11-20 00:19:21,260 - VoiceAssistant - INFO - info:50 - Starting audio recording (waiting for sound...)
2025-11-20 00:19:21,663 - VoiceAssistant - WARNING - warning:54 - Max silence timeout reached during wait phase
2025-11-20 00:19:21,777 - VoiceAssistant - WARNING - warning:54 - Recording failed or was cancelled
2025-11-20 00:19:21,778 - VoiceAssistant - INFO - info:50 - Listening for audio...
2025-11-20 00:19:21,869 - VoiceAssistant - INFO - info:50 - Starting audio recording (waiting for sound...)
2025-11-20 00:19:26,273 - VoiceAssistant - WARNING - warning:54 - Max silence timeout reached during wait phase
2025-11-20 00:19:26,479 - VoiceAssistant - INFO - info:50 - Starting audio recording (waiting for sound...)
2025-11-20 00:19:26,887 - VoiceAssistant - WARNING - warning:54 - Max silence timeout reached during wait phase
2025-11-20 00:19:27,002 - VoiceAssistant - WARNING - warning:54 - Recording failed or was cancelled
2025-11-20 00:19:27,002 - VoiceAssistant - INFO - info:50 - Listening for audio...
2025-11-20 00:19:27,098 - VoiceAssistant - INFO - info:50 - Starting audio recording (waiting for sound...)
2025-11-20 00:19:31,492 - VoiceAssistant - WARNING - warning:54 - Max silence timeout reached during wait phase
2025-11-20 00:19:31,709 - VoiceAssistant - INFO - info:50 - Starting audio recording (waiting for sound...)
2025-11-20 00:19:32,114 - VoiceAssistant - WARNING - warning:54 - Max silence timeout reached during wait phase
2025-11-20 00:19:32,230 - VoiceAssistant - WARNING - warning:54 - Recording failed or was cancelled
2025-11-20 00:19:32,230 - VoiceAssistant - INFO - info:50 - Listening for audio...
2025-11-20 00:19:32,322 - VoiceAssistant - INFO - info:50 - Starting audio recording (waiting for sound...)
2025-11-20 00:19:36,726 - VoiceAssistant - WARNING - warning:54 - Max silence timeout reached during wait phase
2025-11-20 00:19:36,971 - VoiceAssistant - INFO - info:50 - Starting audio recording (waiting for sound...)
2025-11-20 00:19:37,335 - VoiceAssistant - WARNING - warning:54 - Max silence timeout reached during wait phase
2025-11-20 00:19:37,451 - VoiceAssistant - WARNING - warning:54 - Recording failed or was cancelled
2025-11-20 00:19:37,451 - VoiceAssistant - INFO - info:50 - Listening for audio...
2025-11-20 00:19:37,554 - VoiceAssistant - INFO - info:50 - Starting audio recording (waiting for sound...)
2025-11-20 00:19:41,984 - VoiceAssistant - WARNING - warning:54 - Max silence timeout reached during wait phase
2025-11-20 00:19:42,212 - VoiceAssistant - INFO - info:50 - Starting audio recording (waiting for sound...)
2025-11-20 00:19:42,567 - VoiceAssistant - WARNING - warning:54 - Max silence timeout reached during wait phase
2025-11-20 00:19:42,684 - VoiceAssistant - WARNING - warning:54 - Recording failed or was cancelled
2025-11-20 00:19:42,684 - VoiceAssistant - INFO - info:50 - Listening for audio...
2025-11-20 00:19:42,795 - VoiceAssistant - INFO - info:50 - Starting audio recording (waiting for sound...)
2025-11-20 00:19:47,226 - VoiceAssistant - WARNING - warning:54 - Max silence timeout reached during wait phase
2025-11-20 00:19:47,442 - VoiceAssistant - INFO - info:50 - Starting audio recording (waiting for sound...)
2025-11-20 00:19:47,808 - VoiceAssistant - WARNING - warning:54 - Max silence timeout reached during wait phase
2025-11-20 00:19:47,926 - VoiceAssistant - WARNING - warning:54 - Recording failed or was cancelled
2025-11-20 00:19:47,927 - VoiceAssistant - INFO - info:50 - Listening for audio...
2025-11-20 00:19:48,031 - VoiceAssistant - INFO - info:50 - Starting audio recording (waiting for sound...)
2025-11-20 00:19:52,457 - VoiceAssistant - WARNING - warning:54 - Max silence timeout reached during wait phase
2025-11-20 00:19:52,682 - VoiceAssistant - INFO - info:50 - Starting audio recording (waiting for sound...)
2025-11-20 00:19:53,044 - VoiceAssistant - WARNING - warning:54 - Max silence timeout reached during wait phase
2025-11-20 00:19:53,161 - VoiceAssistant - WARNING - warning:54 - Recording failed or was cancelled
2025-11-20 00:19:53,162 - VoiceAssistant - INFO - info:50 - Listening for audio...
2025-11-20 00:19:53,267 - VoiceAssistant - INFO - info:50 - Starting audio recording (waiting for sound...)
2025-11-20 00:19:57,695 - VoiceAssistant - WARNING - warning:54 - Max silence timeout reached during wait phase
2025-11-20 00:19:57,925 - VoiceAssistant - INFO - info:50 - Starting audio recording (waiting for sound...)
2025-11-20 00:19:58,281 - VoiceAssistant - WARNING - warning:54 - Max silence timeout reached during wait phase
2025-11-20 00:19:58,399 - VoiceAssistant - WARNING - warning:54 - Recording failed or was cancelled
2025-11-20 00:19:58,400 - VoiceAssistant - INFO - info:50 - Listening for audio...
2025-11-20 00:19:58,496 - VoiceAssistant - INFO - info:50 - Starting audio recording (waiting for sound...)
2025-11-20 00:20:02,941 - VoiceAssistant - WARNING - warning:54 - Max silence timeout reached during wait phase
2025-11-20 00:20:03,167 - VoiceAssistant - INFO - info:50 - Starting audio recording (waiting for sound...)
2025-11-20 00:20:03,514 - VoiceAssistant - WARNING - warning:54 - Max silence timeout reached during wait phase
2025-11-20 00:20:03,629 - VoiceAssistant - WARNING - warning:54 - Recording failed or was cancelled
2025-11-20 00:20:03,630 - VoiceAssistant - INFO - info:50 - Listening for audio...
2025-11-20 00:20:03,739 - VoiceAssistant - INFO - info:50 - Starting audio recording (waiting for sound...)
2025-11-20 00:20:08,181 - VoiceAssistant - WARNING - warning:54 - Max silence timeout reached during wait phase
2025-11-20 00:20:08,408 - VoiceAssistant - INFO - info:50 - Starting audio recording (waiting for sound...)
2025-11-20 00:20:08,753 - VoiceAssistant - WARNING - warning:54 - Max silence timeout reached during wait phase
2025-11-20 00:20:08,872 - VoiceAssistant - WARNING - warning:54 - Recording failed or was cancelled
2025-11-20 00:20:08,873 - VoiceAssistant - INFO - info:50 - Listening for audio...
2025-11-20 00:20:08,969 - VoiceAssistant - INFO - info:50 - Starting audio recording (waiting for sound...)
2025-11-20 00:20:11,783 - VoiceAssistant - INFO - info:50 - Sound detected! Recording...
2025-11-20 00:20:12,745 - VoiceAssistant - INFO - info:50 - Sound detected! Recording...
2025-11-20 00:20:12,745 - VoiceAssistant - INFO - info:50 - Speech detected!
2025-11-20 00:20:13,849 - VoiceAssistant - INFO - info:50 - Silence detected, stopping recording...
2025-11-20 00:20:13,852 - VoiceAssistant - INFO - info:50 - Saved audio: files/Artur Recordings/20251120_002008_300.wav (3.1s, 270380 bytes)
2025-11-20 00:20:13,875 - VoiceAssistant - INFO - info:50 - Silence detected, stopping recording...
2025-11-20 00:20:13,875 - VoiceAssistant - INFO - info:50 - Silence detected, processing...
2025-11-20 00:20:13,876 - VoiceAssistant - INFO - info:50 - Saved audio: files/Artur Recordings/20251120_002008_873.wav (2.1s, 188460 bytes)
2025-11-20 00:20:13,967 - VoiceAssistant - INFO - info:50 - Transcribing: files/Artur Recordings/20251120_002008_300.wav (3.1s)
2025-11-20 00:20:13,991 - VoiceAssistant - INFO - info:50 - Transcribing audio...
2025-11-20 00:20:13,992 - VoiceAssistant - INFO - info:50 - Transcribing: files/Artur Recordings/20251120_002008_873.wav (2.1s)
2025-11-20 00:20:15,751 - VoiceAssistant - INFO - info:50 - No transcription found (empty audio)
2025-11-20 00:20:15,752 - VoiceAssistant - WARNING - warning:54 - Transcription failed
2025-11-20 00:20:15,752 - VoiceAssistant - INFO - info:50 - Listening for audio...
2025-11-20 00:20:15,886 - VoiceAssistant - INFO - info:50 - Starting audio recording (waiting for sound...)
2025-11-20 00:20:16,069 - VoiceAssistant - INFO - info:50 - No transcription found (empty audio)
2025-11-20 00:20:16,500 - VoiceAssistant - INFO - info:50 - Starting audio recording (waiting for sound...)
2025-11-20 00:20:20,901 - VoiceAssistant - WARNING - warning:54 - Max silence timeout reached during wait phase
2025-11-20 00:20:21,015 - VoiceAssistant - WARNING - warning:54 - Recording failed or was cancelled
2025-11-20 00:20:21,016 - VoiceAssistant - INFO - info:50 - Listening for audio...
2025-11-20 00:20:21,127 - VoiceAssistant - INFO - info:50 - Starting audio recording (waiting for sound...)
2025-11-20 00:20:21,516 - VoiceAssistant - WARNING - warning:54 - Max silence timeout reached during wait phase
2025-11-20 00:20:21,950 - VoiceAssistant - INFO - info:50 - Starting audio recording (waiting for sound...)
2025-11-20 00:20:26,144 - VoiceAssistant - WARNING - warning:54 - Max silence timeout reached during wait phase
2025-11-20 00:20:26,260 - VoiceAssistant - WARNING - warning:54 - Recording failed or was cancelled
2025-11-20 00:20:26,260 - VoiceAssistant - INFO - info:50 - Listening for audio...
2025-11-20 00:20:26,353 - VoiceAssistant - INFO - info:50 - Starting audio recording (waiting for sound...)
2025-11-20 00:20:26,966 - VoiceAssistant - WARNING - warning:54 - Max silence timeout reached during wait phase
2025-11-20 00:20:27,311 - VoiceAssistant - INFO - info:50 - Starting audio recording (waiting for sound...)
2025-11-20 00:20:31,368 - VoiceAssistant - WARNING - warning:54 - Max silence timeout reached during wait phase
2025-11-20 00:20:31,483 - VoiceAssistant - WARNING - warning:54 - Recording failed or was cancelled
2025-11-20 00:20:31,484 - VoiceAssistant - INFO - info:50 - Listening for audio...
2025-11-20 00:20:31,578 - VoiceAssistant - INFO - info:50 - Starting audio recording (waiting for sound...)
2025-11-20 00:20:32,325 - VoiceAssistant - WARNING - warning:54 - Max silence timeout reached during wait phase
2025-11-20 00:20:32,603 - VoiceAssistant - INFO - info:50 - Starting audio recording (waiting for sound...)
2025-11-20 00:20:36,594 - VoiceAssistant - WARNING - warning:54 - Max silence timeout reached during wait phase
2025-11-20 00:20:36,710 - VoiceAssistant - WARNING - warning:54 - Recording failed or was cancelled
2025-11-20 00:20:36,710 - VoiceAssistant - INFO - info:50 - Listening for audio...
2025-11-20 00:20:36,804 - VoiceAssistant - INFO - info:50 - Starting audio recording (waiting for sound...)
2025-11-20 00:20:37,624 - VoiceAssistant - WARNING - warning:54 - Max silence timeout reached during wait phase
2025-11-20 00:20:37,894 - VoiceAssistant - INFO - info:50 - Starting audio recording (waiting for sound...)
2025-11-20 00:20:41,820 - VoiceAssistant - WARNING - warning:54 - Max silence timeout reached during wait phase
2025-11-20 00:20:41,935 - VoiceAssistant - WARNING - warning:54 - Recording failed or was cancelled
2025-11-20 00:20:41,936 - VoiceAssistant - INFO - info:50 - Listening for audio...
2025-11-20 00:20:42,031 - VoiceAssistant - INFO - info:50 - Starting audio recording (waiting for sound...)
2025-11-20 00:20:42,912 - VoiceAssistant - WARNING - warning:54 - Max silence timeout reached during wait phase
2025-11-20 00:20:43,017 - VoiceAssistant - INFO - info:50 - Sound detected! Recording...
2025-11-20 00:20:43,017 - VoiceAssistant - INFO - info:50 - Speech detected!
2025-11-20 00:20:43,196 - VoiceAssistant - INFO - info:50 - Starting audio recording (waiting for sound...)
2025-11-20 00:20:44,165 - VoiceAssistant - INFO - info:50 - Silence detected, stopping recording...
2025-11-20 00:20:44,165 - VoiceAssistant - INFO - info:50 - Silence detected, processing...
2025-11-20 00:20:44,166 - VoiceAssistant - INFO - info:50 - Saved audio: files/Artur Recordings/20251120_002041_935.wav (2.1s, 186412 bytes)
2025-11-20 00:20:44,281 - VoiceAssistant - INFO - info:50 - Transcribing audio...
2025-11-20 00:20:44,282 - VoiceAssistant - INFO - info:50 - Transcribing: files/Artur Recordings/20251120_002041_935.wav (2.1s)
2025-11-20 00:20:45,192 - VoiceAssistant - INFO - info:50 - No transcription found (empty audio)
2025-11-20 00:20:45,192 - VoiceAssistant - WARNING - warning:54 - Transcription failed
2025-11-20 00:20:45,192 - VoiceAssistant - INFO - info:50 - Listening for audio...
2025-11-20 00:20:45,310 - VoiceAssistant - INFO - info:50 - Starting audio recording (waiting for sound...)
2025-11-20 00:20:48,210 - VoiceAssistant - WARNING - warning:54 - Max silence timeout reached during wait phase
2025-11-20 00:20:48,479 - VoiceAssistant - INFO - info:50 - Starting audio recording (waiting for sound...)
2025-11-20 00:20:50,329 - VoiceAssistant - WARNING - warning:54 - Max silence timeout reached during wait phase
2025-11-20 00:20:50,444 - VoiceAssistant - WARNING - warning:54 - Recording failed or was cancelled
2025-11-20 00:20:50,444 - VoiceAssistant - INFO - info:50 - Listening for audio...
2025-11-20 00:20:50,564 - VoiceAssistant - INFO - info:50 - Starting audio recording (waiting for sound...)
2025-11-20 00:20:53,492 - VoiceAssistant - WARNING - warning:54 - Max silence timeout reached during wait phase
2025-11-20 00:20:53,764 - VoiceAssistant - INFO - info:50 - Starting audio recording (waiting for sound...)
2025-11-20 00:20:55,581 - VoiceAssistant - WARNING - warning:54 - Max silence timeout reached during wait phase
2025-11-20 00:20:55,698 - VoiceAssistant - WARNING - warning:54 - Recording failed or was cancelled
2025-11-20 00:20:55,698 - VoiceAssistant - INFO - info:50 - Listening for audio...
2025-11-20 00:20:55,792 - VoiceAssistant - INFO - info:50 - Starting audio recording (waiting for sound...)
2025-11-20 00:20:58,781 - VoiceAssistant - WARNING - warning:54 - Max silence timeout reached during wait phase
2025-11-20 00:20:59,062 - VoiceAssistant - INFO - info:50 - Starting audio recording (waiting for sound...)
2025-11-20 00:21:00,805 - VoiceAssistant - WARNING - warning:54 - Max silence timeout reached during wait phase
2025-11-20 00:21:00,920 - VoiceAssistant - WARNING - warning:54 - Recording failed or was cancelled
2025-11-20 00:21:00,921 - VoiceAssistant - INFO - info:50 - Listening for audio...
2025-11-20 00:21:01,016 - VoiceAssistant - INFO - info:50 - Starting audio recording (waiting for sound...)
2025-11-20 00:21:04,075 - VoiceAssistant - WARNING - warning:54 - Max silence timeout reached during wait phase
2025-11-20 00:21:04,381 - VoiceAssistant - INFO - info:50 - Starting audio recording (waiting for sound...)
2025-11-20 00:21:06,030 - VoiceAssistant - WARNING - warning:54 - Max silence timeout reached during wait phase
2025-11-20 00:21:06,147 - VoiceAssistant - WARNING - warning:54 - Recording failed or was cancelled
2025-11-20 00:21:06,147 - VoiceAssistant - INFO - info:50 - Listening for audio...
2025-11-20 00:21:06,257 - VoiceAssistant - INFO - info:50 - Starting audio recording (waiting for sound...)
2025-11-20 00:21:09,398 - VoiceAssistant - WARNING - warning:54 - Max silence timeout reached during wait phase
2025-11-20 00:21:09,685 - VoiceAssistant - INFO - info:50 - Starting audio recording (waiting for sound...)
2025-11-20 00:21:11,276 - VoiceAssistant - WARNING - warning:54 - Max silence timeout reached during wait phase
2025-11-20 00:21:11,398 - VoiceAssistant - WARNING - warning:54 - Recording failed or was cancelled
2025-11-20 00:21:11,398 - VoiceAssistant - INFO - info:50 - Listening for audio...
2025-11-20 00:21:11,502 - VoiceAssistant - INFO - info:50 - Starting audio recording (waiting for sound...)
2025-11-20 00:21:14,698 - VoiceAssistant - WARNING - warning:54 - Max silence timeout reached during wait phase
2025-11-20 00:21:14,983 - VoiceAssistant - INFO - info:50 - Starting audio recording (waiting for sound...)
2025-11-20 00:21:16,517 - VoiceAssistant - WARNING - warning:54 - Max silence timeout reached during wait phase
2025-11-20 00:21:16,635 - VoiceAssistant - WARNING - warning:54 - Recording failed or was cancelled
2025-11-20 00:21:16,636 - VoiceAssistant - INFO - info:50 - Listening for audio...
2025-11-20 00:21:16,737 - VoiceAssistant - INFO - info:50 - Starting audio recording (waiting for sound...)
2025-11-20 00:21:20,000 - VoiceAssistant - WARNING - warning:54 - Max silence timeout reached during wait phase
2025-11-20 00:21:20,284 - VoiceAssistant - INFO - info:50 - Starting audio recording (waiting for sound...)
2025-11-20 00:21:21,753 - VoiceAssistant - WARNING - warning:54 - Max silence timeout reached during wait phase
2025-11-20 00:21:21,875 - VoiceAssistant - WARNING - warning:54 - Recording failed or was cancelled
2025-11-20 00:21:21,875 - VoiceAssistant - INFO - info:50 - Listening for audio...
2025-11-20 00:21:21,976 - VoiceAssistant - INFO - info:50 - Starting audio recording (waiting for sound...)
2025-11-20 00:21:25,298 - VoiceAssistant - WARNING - warning:54 - Max silence timeout reached during wait phase
2025-11-20 00:21:25,585 - VoiceAssistant - INFO - info:50 - Starting audio recording (waiting for sound...)
2025-11-20 00:21:26,994 - VoiceAssistant - WARNING - warning:54 - Max silence timeout reached during wait phase
2025-11-20 00:21:27,113 - VoiceAssistant - WARNING - warning:54 - Recording failed or was cancelled
2025-11-20 00:21:27,113 - VoiceAssistant - INFO - info:50 - Listening for audio...
2025-11-20 00:21:27,218 - VoiceAssistant - INFO - info:50 - Starting audio recording (waiting for sound...)
2025-11-20 00:21:29,981 - VoiceAssistant - INFO - info:50 - Sound detected! Recording...
2025-11-20 00:21:29,991 - VoiceAssistant - INFO - info:50 - Sound detected! Recording...
2025-11-20 00:21:29,992 - VoiceAssistant - INFO - info:50 - Speech detected!
2025-11-20 00:21:31,147 - VoiceAssistant - INFO - info:50 - Silence detected, stopping recording...
2025-11-20 00:21:31,148 - VoiceAssistant - INFO - info:50 - Silence detected, processing...
2025-11-20 00:21:31,151 - VoiceAssistant - INFO - info:50 - Saved audio: files/Artur Recordings/20251120_002127_113.wav (2.2s, 190508 bytes)
2025-11-20 00:21:31,154 - VoiceAssistant - INFO - info:50 - Silence detected, stopping recording...
2025-11-20 00:21:31,155 - VoiceAssistant - INFO - info:50 - Saved audio: files/Artur Recordings/20251120_002125_414.wav (2.2s, 190508 bytes)
2025-11-20 00:21:31,268 - VoiceAssistant - INFO - info:50 - Transcribing audio...
2025-11-20 00:21:31,268 - VoiceAssistant - INFO - info:50 - Transcribing: files/Artur Recordings/20251120_002127_113.wav (2.2s)
2025-11-20 00:21:31,274 - VoiceAssistant - INFO - info:50 - Transcribing: files/Artur Recordings/20251120_002125_414.wav (2.2s)
2025-11-20 00:21:32,780 - VoiceAssistant - INFO - info:50 - No transcription found (empty audio)
2025-11-20 00:21:32,781 - VoiceAssistant - WARNING - warning:54 - Transcription failed
2025-11-20 00:21:32,781 - VoiceAssistant - INFO - info:50 - Listening for audio...
2025-11-20 00:21:32,798 - VoiceAssistant - INFO - info:50 - No transcription found (empty audio)
2025-11-20 00:21:33,249 - VoiceAssistant - INFO - info:50 - Starting audio recording (waiting for sound...)
2025-11-20 00:21:33,318 - VoiceAssistant - INFO - info:50 - Starting audio recording (waiting for sound...)
2025-11-20 00:21:38,263 - VoiceAssistant - WARNING - warning:54 - Max silence timeout reached during wait phase
2025-11-20 00:21:38,333 - VoiceAssistant - WARNING - warning:54 - Max silence timeout reached during wait phase
2025-11-20 00:21:38,378 - VoiceAssistant - WARNING - warning:54 - Recording failed or was cancelled
2025-11-20 00:21:38,378 - VoiceAssistant - INFO - info:50 - Listening for audio...
2025-11-20 00:21:38,721 - VoiceAssistant - INFO - info:50 - Starting audio recording (waiting for sound...)
2025-11-20 00:21:38,805 - VoiceAssistant - INFO - info:50 - Starting audio recording (waiting for sound...)
2025-11-20 00:21:43,733 - VoiceAssistant - WARNING - warning:54 - Max silence timeout reached during wait phase
2025-11-20 00:21:43,821 - VoiceAssistant - WARNING - warning:54 - Max silence timeout reached during wait phase
2025-11-20 00:21:43,848 - VoiceAssistant - WARNING - warning:54 - Recording failed or was cancelled
2025-11-20 00:21:43,848 - VoiceAssistant - INFO - info:50 - Listening for audio...
2025-11-20 00:21:44,057 - VoiceAssistant - INFO - info:50 - Starting audio recording (waiting for sound...)
2025-11-20 00:21:44,201 - VoiceAssistant - INFO - info:50 - Starting audio recording (waiting for sound...)
2025-11-20 00:21:49,070 - VoiceAssistant - WARNING - warning:54 - Max silence timeout reached during wait phase
2025-11-20 00:21:49,186 - VoiceAssistant - WARNING - warning:54 - Recording failed or was cancelled
2025-11-20 00:21:49,186 - VoiceAssistant - INFO - info:50 - Listening for audio...
2025-11-20 00:21:49,214 - VoiceAssistant - WARNING - warning:54 - Max silence timeout reached during wait phase
2025-11-20 00:21:49,284 - VoiceAssistant - INFO - info:50 - Starting audio recording (waiting for sound...)
2025-11-20 00:21:49,522 - VoiceAssistant - INFO - info:50 - Starting audio recording (waiting for sound...)
2025-11-20 00:21:51,101 - VoiceAssistant - INFO - info:50 - Sound detected! Recording...
2025-11-20 00:21:51,102 - VoiceAssistant - INFO - info:50 - Speech detected!
2025-11-20 00:21:51,122 - VoiceAssistant - INFO - info:50 - Sound detected! Recording...
2025-11-20 00:21:52,104 - VoiceAssistant - INFO - info:50 - Silence detected, stopping recording...
2025-11-20 00:21:52,105 - VoiceAssistant - INFO - info:50 - Saved audio: files/Artur Recordings/20251120_002149_329.wav (2.0s, 176172 bytes)
2025-11-20 00:21:52,125 - VoiceAssistant - INFO - info:50 - Silence detected, stopping recording...
2025-11-20 00:21:52,125 - VoiceAssistant - INFO - info:50 - Silence detected, processing...
2025-11-20 00:21:52,126 - VoiceAssistant - INFO - info:50 - Saved audio: files/Artur Recordings/20251120_002149_186.wav (2.0s, 178220 bytes)
2025-11-20 00:21:52,221 - VoiceAssistant - INFO - info:50 - Transcribing: files/Artur Recordings/20251120_002149_329.wav (2.0s)
2025-11-20 00:21:52,242 - VoiceAssistant - INFO - info:50 - Transcribing audio...
2025-11-20 00:21:52,242 - VoiceAssistant - INFO - info:50 - Transcribing: files/Artur Recordings/20251120_002149_186.wav (2.0s)
2025-11-20 00:21:53,618 - VoiceAssistant - INFO - info:50 - No transcription found (empty audio)
2025-11-20 00:21:53,619 - VoiceAssistant - WARNING - warning:54 - Transcription failed
2025-11-20 00:21:53,619 - VoiceAssistant - INFO - info:50 - Listening for audio...
2025-11-20 00:21:53,622 - VoiceAssistant - INFO - info:50 - No transcription found (empty audio)
2025-11-20 00:21:54,053 - VoiceAssistant - INFO - info:50 - Starting audio recording (waiting for sound...)
2025-11-20 00:21:54,097 - VoiceAssistant - INFO - info:50 - Starting audio recording (waiting for sound...)
2025-11-20 00:21:59,069 - VoiceAssistant - WARNING - warning:54 - Max silence timeout reached during wait phase
2025-11-20 00:21:59,112 - VoiceAssistant - WARNING - warning:54 - Max silence timeout reached during wait phase
2025-11-20 00:21:59,184 - VoiceAssistant - WARNING - warning:54 - Recording failed or was cancelled
2025-11-20 00:21:59,184 - VoiceAssistant - INFO - info:50 - Listening for audio...
2025-11-20 00:21:59,471 - VoiceAssistant - INFO - info:50 - Starting audio recording (waiting for sound...)
2025-11-20 00:21:59,614 - VoiceAssistant - INFO - info:50 - Starting audio recording (waiting for sound...)
2025-11-20 00:22:04,488 - VoiceAssistant - WARNING - warning:54 - Max silence timeout reached during wait phase
2025-11-20 00:22:04,603 - VoiceAssistant - WARNING - warning:54 - Recording failed or was cancelled
2025-11-20 00:22:04,604 - VoiceAssistant - INFO - info:50 - Listening for audio...
2025-11-20 00:22:04,631 - VoiceAssistant - WARNING - warning:54 - Max silence timeout reached during wait phase
2025-11-20 00:22:04,706 - VoiceAssistant - INFO - info:50 - Starting audio recording (waiting for sound...)
2025-11-20 00:22:04,969 - VoiceAssistant - INFO - info:50 - Starting audio recording (waiting for sound...)
2025-11-20 00:22:09,722 - VoiceAssistant - WARNING - warning:54 - Max silence timeout reached during wait phase
2025-11-20 00:22:09,838 - VoiceAssistant - WARNING - warning:54 - Recording failed or was cancelled
2025-11-20 00:22:09,838 - VoiceAssistant - INFO - info:50 - Listening for audio...
2025-11-20 00:22:09,935 - VoiceAssistant - INFO - info:50 - Starting audio recording (waiting for sound...)
2025-11-20 00:22:09,985 - VoiceAssistant - WARNING - warning:54 - Max silence timeout reached during wait phase
2025-11-20 00:22:10,203 - VoiceAssistant - INFO - info:50 - Starting audio recording (waiting for sound...)
2025-11-20 00:22:14,950 - VoiceAssistant - WARNING - warning:54 - Max silence timeout reached during wait phase
2025-11-20 00:22:15,070 - VoiceAssistant - WARNING - warning:54 - Recording failed or was cancelled
2025-11-20 00:22:15,071 - VoiceAssistant - INFO - info:50 - Listening for audio...
2025-11-20 00:22:15,177 - VoiceAssistant - INFO - info:50 - Starting audio recording (waiting for sound...)
2025-11-20 00:22:15,217 - VoiceAssistant - WARNING - warning:54 - Max silence timeout reached during wait phase
2025-11-20 00:22:15,435 - VoiceAssistant - INFO - info:50 - Starting audio recording (waiting for sound...)
2025-11-20 00:22:20,061 - VoiceAssistant - INFO - info:50 - Sound detected! Recording...
2025-11-20 00:22:20,062 - VoiceAssistant - INFO - info:50 - Speech detected!
2025-11-20 00:22:20,065 - VoiceAssistant - INFO - info:50 - Sound detected! Recording...
2025-11-20 00:22:22,280 - VoiceAssistant - INFO - info:50 - Silence detected, stopping recording...
2025-11-20 00:22:22,280 - VoiceAssistant - INFO - info:50 - Silence detected, processing...
2025-11-20 00:22:22,281 - VoiceAssistant - INFO - info:50 - Saved audio: files/Artur Recordings/20251120_002215_071.wav (3.2s, 282668 bytes)
2025-11-20 00:22:22,283 - VoiceAssistant - INFO - info:50 - Silence detected, stopping recording...
2025-11-20 00:22:22,284 - VoiceAssistant - INFO - info:50 - Saved audio: files/Artur Recordings/20251120_002215_333.wav (3.2s, 282668 bytes)
2025-11-20 00:22:22,397 - VoiceAssistant - INFO - info:50 - Transcribing audio...
2025-11-20 00:22:22,398 - VoiceAssistant - INFO - info:50 - Transcribing: files/Artur Recordings/20251120_002215_071.wav (3.2s)
2025-11-20 00:22:22,402 - VoiceAssistant - INFO - info:50 - Transcribing: files/Artur Recordings/20251120_002215_333.wav (3.2s)
2025-11-20 00:22:24,317 - VoiceAssistant - INFO - info:50 - No transcription found (empty audio)
2025-11-20 00:22:24,317 - VoiceAssistant - WARNING - warning:54 - Transcription failed
2025-11-20 00:22:24,317 - VoiceAssistant - INFO - info:50 - Listening for audio...
2025-11-20 00:22:24,350 - VoiceAssistant - INFO - info:50 - No transcription found (empty audio)
2025-11-20 00:22:24,750 - VoiceAssistant - INFO - info:50 - Starting audio recording (waiting for sound...)
2025-11-20 00:22:24,848 - VoiceAssistant - INFO - info:50 - Starting audio recording (waiting for sound...)
2025-11-20 00:22:29,764 - VoiceAssistant - WARNING - warning:54 - Max silence timeout reached during wait phase
2025-11-20 00:22:29,865 - VoiceAssistant - WARNING - warning:54 - Max silence timeout reached during wait phase
2025-11-20 00:22:29,879 - VoiceAssistant - WARNING - warning:54 - Recording failed or was cancelled
2025-11-20 00:22:29,879 - VoiceAssistant - INFO - info:50 - Listening for audio...
2025-11-20 00:22:30,157 - VoiceAssistant - INFO - info:50 - Starting audio recording (waiting for sound...)
2025-11-20 00:22:30,283 - VoiceAssistant - INFO - info:50 - Starting audio recording (waiting for sound...)
2025-11-20 00:22:35,169 - VoiceAssistant - WARNING - warning:54 - Max silence timeout reached during wait phase
2025-11-20 00:22:35,285 - VoiceAssistant - WARNING - warning:54 - Recording failed or was cancelled
2025-11-20 00:22:35,285 - VoiceAssistant - INFO - info:50 - Listening for audio...
2025-11-20 00:22:35,298 - VoiceAssistant - WARNING - warning:54 - Max silence timeout reached during wait phase
2025-11-20 00:22:35,429 - VoiceAssistant - INFO - info:50 - Starting audio recording (waiting for sound...)
2025-11-20 00:22:35,652 - VoiceAssistant - INFO - info:50 - Starting audio recording (waiting for sound...)
2025-11-20 00:22:40,446 - VoiceAssistant - WARNING - warning:54 - Max silence timeout reached during wait phase
2025-11-20 00:22:40,563 - VoiceAssistant - WARNING - warning:54 - Recording failed or was cancelled
2025-11-20 00:22:40,563 - VoiceAssistant - INFO - info:50 - Listening for audio...
2025-11-20 00:22:40,667 - VoiceAssistant - WARNING - warning:54 - Max silence timeout reached during wait phase
2025-11-20 00:22:40,681 - VoiceAssistant - INFO - info:50 - Starting audio recording (waiting for sound...)
2025-11-20 00:22:40,933 - VoiceAssistant - INFO - info:50 - Starting audio recording (waiting for sound...)
2025-11-20 00:22:45,698 - VoiceAssistant - WARNING - warning:54 - Max silence timeout reached during wait phase
2025-11-20 00:22:45,813 - VoiceAssistant - WARNING - warning:54 - Recording failed or was cancelled
2025-11-20 00:22:45,813 - VoiceAssistant - INFO - info:50 - Listening for audio...
2025-11-20 00:22:45,931 - VoiceAssistant - INFO - info:50 - Starting audio recording (waiting for sound...)
2025-11-20 00:22:45,946 - VoiceAssistant - WARNING - warning:54 - Max silence timeout reached during wait phase
2025-11-20 00:22:46,185 - VoiceAssistant - INFO - info:50 - Starting audio recording (waiting for sound...)
2025-11-20 00:22:50,944 - VoiceAssistant - WARNING - warning:54 - Max silence timeout reached during wait phase
2025-11-20 00:22:51,061 - VoiceAssistant - WARNING - warning:54 - Recording failed or was cancelled
2025-11-20 00:22:51,061 - VoiceAssistant - INFO - info:50 - Listening for audio...
2025-11-20 00:22:51,155 - VoiceAssistant - INFO - info:50 - Starting audio recording (waiting for sound...)
2025-11-20 00:22:51,203 - VoiceAssistant - WARNING - warning:54 - Max silence timeout reached during wait phase
2025-11-20 00:22:51,416 - VoiceAssistant - INFO - info:50 - Starting audio recording (waiting for sound...)
2025-11-20 00:22:56,169 - VoiceAssistant - WARNING - warning:54 - Max silence timeout reached during wait phase
2025-11-20 00:22:56,283 - VoiceAssistant - WARNING - warning:54 - Recording failed or was cancelled
2025-11-20 00:22:56,289 - VoiceAssistant - INFO - info:50 - Listening for audio...
2025-11-20 00:22:56,381 - VoiceAssistant - INFO - info:50 - Starting audio recording (waiting for sound...)
2025-11-20 00:22:56,429 - VoiceAssistant - WARNING - warning:54 - Max silence timeout reached during wait phase
2025-11-20 00:22:56,641 - VoiceAssistant - INFO - info:50 - Starting audio recording (waiting for sound...)
2025-11-20 00:23:01,397 - VoiceAssistant - WARNING - warning:54 - Max silence timeout reached during wait phase
2025-11-20 00:23:01,512 - VoiceAssistant - WARNING - warning:54 - Recording failed or was cancelled
2025-11-20 00:23:01,512 - VoiceAssistant - INFO - info:50 - Listening for audio...
2025-11-20 00:23:01,604 - VoiceAssistant - INFO - info:50 - Starting audio recording (waiting for sound...)
2025-11-20 00:23:01,654 - VoiceAssistant - WARNING - warning:54 - Max silence timeout reached during wait phase
2025-11-20 00:23:01,864 - VoiceAssistant - INFO - info:50 - Starting audio recording (waiting for sound...)
2025-11-20 00:23:06,618 - VoiceAssistant - WARNING - warning:54 - Max silence timeout reached during wait phase
2025-11-20 00:23:06,733 - VoiceAssistant - WARNING - warning:54 - Recording failed or was cancelled
2025-11-20 00:23:06,733 - VoiceAssistant - INFO - info:50 - Listening for audio...
2025-11-20 00:23:06,849 - VoiceAssistant - INFO - info:50 - Starting audio recording (waiting for sound...)
2025-11-20 00:23:06,877 - VoiceAssistant - WARNING - warning:54 - Max silence timeout reached during wait phase
2025-11-20 00:23:07,102 - VoiceAssistant - INFO - info:50 - Starting audio recording (waiting for sound...)
2025-11-20 00:23:11,864 - VoiceAssistant - WARNING - warning:54 - Max silence timeout reached during wait phase
2025-11-20 00:23:11,980 - VoiceAssistant - WARNING - warning:54 - Recording failed or was cancelled
2025-11-20 00:23:11,980 - VoiceAssistant - INFO - info:50 - Listening for audio...
2025-11-20 00:23:12,080 - VoiceAssistant - INFO - info:50 - Starting audio recording (waiting for sound...)
2025-11-20 00:23:12,115 - VoiceAssistant - WARNING - warning:54 - Max silence timeout reached during wait phase
2025-11-20 00:23:12,327 - VoiceAssistant - INFO - info:50 - Starting audio recording (waiting for sound...)
2025-11-20 00:23:17,098 - VoiceAssistant - WARNING - warning:54 - Max silence timeout reached during wait phase
2025-11-20 00:23:17,211 - VoiceAssistant - INFO - info:50 - Sound detected! Recording...
2025-11-20 00:23:17,214 - VoiceAssistant - WARNING - warning:54 - Recording failed or was cancelled
2025-11-20 00:23:17,214 - VoiceAssistant - INFO - info:50 - Listening for audio...
2025-11-20 00:23:17,318 - VoiceAssistant - INFO - info:50 - Starting audio recording (waiting for sound...)
2025-11-20 00:23:17,812 - VoiceAssistant - INFO - info:50 - Sound detected! Recording...
2025-11-20 00:23:17,812 - VoiceAssistant - INFO - info:50 - Speech detected!
2025-11-20 00:23:19,259 - VoiceAssistant - INFO - info:50 - Silence detected, stopping recording...
2025-11-20 00:23:19,259 - VoiceAssistant - INFO - info:50 - Silence detected, stopping recording...
2025-11-20 00:23:19,259 - VoiceAssistant - INFO - info:50 - Silence detected, processing...
2025-11-20 00:23:19,260 - VoiceAssistant - INFO - info:50 - Saved audio: files/Artur Recordings/20251120_002312_230.wav (3.0s, 268332 bytes)
2025-11-20 00:23:19,261 - VoiceAssistant - INFO - info:50 - Saved audio: files/Artur Recordings/20251120_002317_214.wav (1.9s, 170028 bytes)
2025-11-20 00:23:19,376 - VoiceAssistant - INFO - info:50 - Transcribing audio...
2025-11-20 00:23:19,376 - VoiceAssistant - INFO - info:50 - Transcribing: files/Artur Recordings/20251120_002312_230.wav (3.0s)
2025-11-20 00:23:19,376 - VoiceAssistant - INFO - info:50 - Transcribing: files/Artur Recordings/20251120_002317_214.wav (1.9s)
2025-11-20 00:23:22,296 - VoiceAssistant - INFO - info:50 - No transcription found (empty audio)
2025-11-20 00:23:22,432 - VoiceAssistant - INFO - info:50 - Starting audio recording (waiting for sound...)
2025-11-20 00:23:27,199 - VoiceAssistant - INFO - info:50 - No transcription found (empty audio)
2025-11-20 00:23:27,199 - VoiceAssistant - WARNING - warning:54 - Transcription failed
2025-11-20 00:23:27,200 - VoiceAssistant - INFO - info:50 - Listening for audio...
2025-11-20 00:23:27,447 - VoiceAssistant - WARNING - warning:54 - Max silence timeout reached during wait phase
2025-11-20 00:23:27,585 - VoiceAssistant - INFO - info:50 - Starting audio recording (waiting for sound...)
2025-11-20 00:23:27,702 - VoiceAssistant - INFO - info:50 - Starting audio recording (waiting for sound...)
2025-11-20 00:23:32,598 - VoiceAssistant - WARNING - warning:54 - Max silence timeout reached during wait phase
2025-11-20 00:23:32,714 - VoiceAssistant - WARNING - warning:54 - Recording failed or was cancelled
2025-11-20 00:23:32,714 - VoiceAssistant - INFO - info:50 - Listening for audio...
2025-11-20 00:23:32,717 - VoiceAssistant - WARNING - warning:54 - Max silence timeout reached during wait phase
2025-11-20 00:23:33,019 - VoiceAssistant - INFO - info:50 - Starting audio recording (waiting for sound...)
2025-11-20 00:23:33,089 - VoiceAssistant - INFO - info:50 - Starting audio recording (waiting for sound...)
2025-11-20 00:23:38,035 - VoiceAssistant - WARNING - warning:54 - Max silence timeout reached during wait phase
2025-11-20 00:23:38,103 - VoiceAssistant - WARNING - warning:54 - Max silence timeout reached during wait phase
2025-11-20 00:23:38,150 - VoiceAssistant - WARNING - warning:54 - Recording failed or was cancelled
2025-11-20 00:23:38,150 - VoiceAssistant - INFO - info:50 - Listening for audio...
2025-11-20 00:23:38,370 - VoiceAssistant - INFO - info:50 - Starting audio recording (waiting for sound...)
2025-11-20 00:23:38,439 - VoiceAssistant - INFO - info:50 - Starting audio recording (waiting for sound...)
2025-11-20 00:23:43,386 - VoiceAssistant - WARNING - warning:54 - Max silence timeout reached during wait phase
2025-11-20 00:23:43,456 - VoiceAssistant - WARNING - warning:54 - Max silence timeout reached during wait phase
2025-11-20 00:23:43,502 - VoiceAssistant - WARNING - warning:54 - Recording failed or was cancelled
2025-11-20 00:23:43,502 - VoiceAssistant - INFO - info:50 - Listening for audio...
2025-11-20 00:23:43,650 - VoiceAssistant - INFO - info:50 - Starting audio recording (waiting for sound...)
2025-11-20 00:23:43,758 - VoiceAssistant - INFO - info:50 - Starting audio recording (waiting for sound...)
2025-11-20 00:23:48,666 - VoiceAssistant - WARNING - warning:54 - Max silence timeout reached during wait phase
2025-11-20 00:23:48,770 - VoiceAssistant - WARNING - warning:54 - Max silence timeout reached during wait phase
2025-11-20 00:23:48,782 - VoiceAssistant - WARNING - warning:54 - Recording failed or was cancelled
2025-11-20 00:23:48,783 - VoiceAssistant - INFO - info:50 - Listening for audio...
2025-11-20 00:23:48,894 - VoiceAssistant - INFO - info:50 - Starting audio recording (waiting for sound...)
2025-11-20 00:23:49,033 - VoiceAssistant - INFO - info:50 - Starting audio recording (waiting for sound...)
2025-11-20 00:23:53,907 - VoiceAssistant - WARNING - warning:54 - Max silence timeout reached during wait phase
2025-11-20 00:23:54,024 - VoiceAssistant - WARNING - warning:54 - Recording failed or was cancelled
2025-11-20 00:23:54,024 - VoiceAssistant - INFO - info:50 - Listening for audio...
2025-11-20 00:23:54,050 - VoiceAssistant - WARNING - warning:54 - Max silence timeout reached during wait phase
2025-11-20 00:23:54,129 - VoiceAssistant - INFO - info:50 - Starting audio recording (waiting for sound...)
2025-11-20 00:23:54,299 - VoiceAssistant - INFO - info:50 - Starting audio recording (waiting for sound...)
2025-11-20 00:23:59,142 - VoiceAssistant - WARNING - warning:54 - Max silence timeout reached during wait phase
2025-11-20 00:23:59,259 - VoiceAssistant - WARNING - warning:54 - Recording failed or was cancelled
2025-11-20 00:23:59,259 - VoiceAssistant - INFO - info:50 - Listening for audio...
2025-11-20 00:23:59,315 - VoiceAssistant - WARNING - warning:54 - Max silence timeout reached during wait phase
2025-11-20 00:23:59,361 - VoiceAssistant - INFO - info:50 - Starting audio recording (waiting for sound...)
2025-11-20 00:23:59,563 - VoiceAssistant - INFO - info:50 - Starting audio recording (waiting for sound...)
2025-11-20 00:24:04,375 - VoiceAssistant - WARNING - warning:54 - Max silence timeout reached during wait phase
2025-11-20 00:24:04,489 - VoiceAssistant - WARNING - warning:54 - Recording failed or was cancelled
2025-11-20 00:24:04,489 - VoiceAssistant - INFO - info:50 - Listening for audio...
2025-11-20 00:24:04,577 - VoiceAssistant - WARNING - warning:54 - Max silence timeout reached during wait phase
2025-11-20 00:24:04,586 - VoiceAssistant - INFO - info:50 - Starting audio recording (waiting for sound...)
2025-11-20 00:24:04,803 - VoiceAssistant - INFO - info:50 - Starting audio recording (waiting for sound...)
2025-11-20 00:24:09,601 - VoiceAssistant - WARNING - warning:54 - Max silence timeout reached during wait phase
2025-11-20 00:24:09,717 - VoiceAssistant - WARNING - warning:54 - Recording failed or was cancelled
2025-11-20 00:24:09,717 - VoiceAssistant - INFO - info:50 - Listening for audio...
2025-11-20 00:24:09,820 - VoiceAssistant - WARNING - warning:54 - Max silence timeout reached during wait phase
2025-11-20 00:24:09,821 - VoiceAssistant - INFO - info:50 - Starting audio recording (waiting for sound...)
2025-11-20 00:24:10,059 - VoiceAssistant - INFO - info:50 - Starting audio recording (waiting for sound...)
2025-11-20 00:24:14,838 - VoiceAssistant - WARNING - warning:54 - Max silence timeout reached during wait phase
2025-11-20 00:24:14,954 - VoiceAssistant - WARNING - warning:54 - Recording failed or was cancelled
2025-11-20 00:24:14,954 - VoiceAssistant - INFO - info:50 - Listening for audio...
2025-11-20 00:24:15,051 - VoiceAssistant - INFO - info:50 - Starting audio recording (waiting for sound...)
2025-11-20 00:24:15,072 - VoiceAssistant - WARNING - warning:54 - Max silence timeout reached during wait phase
2025-11-20 00:24:15,283 - VoiceAssistant - INFO - info:50 - Starting audio recording (waiting for sound...)
2025-11-20 00:24:20,067 - VoiceAssistant - WARNING - warning:54 - Max silence timeout reached during wait phase
2025-11-20 00:24:20,188 - VoiceAssistant - WARNING - warning:54 - Recording failed or was cancelled
2025-11-20 00:24:20,188 - VoiceAssistant - INFO - info:50 - Listening for audio...
2025-11-20 00:24:20,291 - VoiceAssistant - INFO - info:50 - Starting audio recording (waiting for sound...)
2025-11-20 00:24:20,297 - VoiceAssistant - WARNING - warning:54 - Max silence timeout reached during wait phase
2025-11-20 00:24:20,517 - VoiceAssistant - INFO - info:50 - Starting audio recording (waiting for sound...)
2025-11-20 00:24:25,304 - VoiceAssistant - WARNING - warning:54 - Max silence timeout reached during wait phase
2025-11-20 00:24:25,420 - VoiceAssistant - WARNING - warning:54 - Recording failed or was cancelled
2025-11-20 00:24:25,420 - VoiceAssistant - INFO - info:50 - Listening for audio...
2025-11-20 00:24:25,532 - VoiceAssistant - WARNING - warning:54 - Max silence timeout reached during wait phase
2025-11-20 00:24:25,750 - VoiceAssistant - INFO - info:50 - Starting audio recording (waiting for sound...)
2025-11-20 00:24:25,917 - VoiceAssistant - INFO - info:50 - Starting audio recording (waiting for sound...)
2025-11-20 00:24:30,767 - VoiceAssistant - WARNING - warning:54 - Max silence timeout reached during wait phase
2025-11-20 00:24:30,882 - VoiceAssistant - WARNING - warning:54 - Recording failed or was cancelled
2025-11-20 00:24:30,883 - VoiceAssistant - INFO - info:50 - Listening for audio...
2025-11-20 00:24:30,928 - VoiceAssistant - WARNING - warning:54 - Max silence timeout reached during wait phase
2025-11-20 00:24:31,057 - VoiceAssistant - INFO - info:50 - Starting audio recording (waiting for sound...)
2025-11-20 00:24:31,396 - VoiceAssistant - INFO - info:50 - Starting audio recording (waiting for sound...)
2025-11-20 00:24:36,071 - VoiceAssistant - WARNING - warning:54 - Max silence timeout reached during wait phase
2025-11-20 00:24:36,189 - VoiceAssistant - WARNING - warning:54 - Recording failed or was cancelled
2025-11-20 00:24:36,190 - VoiceAssistant - INFO - info:50 - Listening for audio...
2025-11-20 00:24:36,352 - VoiceAssistant - INFO - info:50 - Starting audio recording (waiting for sound...)
2025-11-20 00:24:36,411 - VoiceAssistant - WARNING - warning:54 - Max silence timeout reached during wait phase
2025-11-20 00:24:36,676 - VoiceAssistant - INFO - info:50 - Starting audio recording (waiting for sound...)
2025-11-20 00:24:41,365 - VoiceAssistant - WARNING - warning:54 - Max silence timeout reached during wait phase
2025-11-20 00:24:41,483 - VoiceAssistant - WARNING - warning:54 - Recording failed or was cancelled
2025-11-20 00:24:41,483 - VoiceAssistant - INFO - info:50 - Listening for audio...
2025-11-20 00:24:41,591 - VoiceAssistant - INFO - info:50 - Starting audio recording (waiting for sound...)
2025-11-20 00:24:41,689 - VoiceAssistant - WARNING - warning:54 - Max silence timeout reached during wait phase
2025-11-20 00:24:41,903 - VoiceAssistant - INFO - info:50 - Starting audio recording (waiting for sound...)
2025-11-20 00:24:46,605 - VoiceAssistant - WARNING - warning:54 - Max silence timeout reached during wait phase
2025-11-20 00:24:46,726 - VoiceAssistant - WARNING - warning:54 - Recording failed or was cancelled
2025-11-20 00:24:46,726 - VoiceAssistant - INFO - info:50 - Listening for audio...
2025-11-20 00:24:46,836 - VoiceAssistant - INFO - info:50 - Starting audio recording (waiting for sound...)
2025-11-20 00:24:46,917 - VoiceAssistant - WARNING - warning:54 - Max silence timeout reached during wait phase
2025-11-20 00:24:47,126 - VoiceAssistant - INFO - info:50 - Starting audio recording (waiting for sound...)
2025-11-20 00:24:51,852 - VoiceAssistant - WARNING - warning:54 - Max silence timeout reached during wait phase
2025-11-20 00:24:51,973 - VoiceAssistant - WARNING - warning:54 - Recording failed or was cancelled
2025-11-20 00:24:51,974 - VoiceAssistant - INFO - info:50 - Listening for audio...
2025-11-20 00:24:52,083 - VoiceAssistant - INFO - info:50 - Starting audio recording (waiting for sound...)
2025-11-20 00:24:52,138 - VoiceAssistant - WARNING - warning:54 - Max silence timeout reached during wait phase
2025-11-20 00:24:52,343 - VoiceAssistant - INFO - info:50 - Starting audio recording (waiting for sound...)
2025-11-20 00:24:57,096 - VoiceAssistant - WARNING - warning:54 - Max silence timeout reached during wait phase
2025-11-20 00:24:57,218 - VoiceAssistant - WARNING - warning:54 - Recording failed or was cancelled
2025-11-20 00:24:57,218 - VoiceAssistant - INFO - info:50 - Listening for audio...
2025-11-20 00:24:57,331 - VoiceAssistant - INFO - info:50 - Starting audio recording (waiting for sound...)
2025-11-20 00:24:57,357 - VoiceAssistant - WARNING - warning:54 - Max silence timeout reached during wait phase
2025-11-20 00:24:57,562 - VoiceAssistant - INFO - info:50 - Starting audio recording (waiting for sound...)
2025-11-20 00:24:57,910 - VoiceAssistant - INFO - info:50 - Sound detected! Recording...
2025-11-20 00:24:57,910 - VoiceAssistant - INFO - info:50 - Speech detected!
2025-11-20 00:24:57,924 - VoiceAssistant - INFO - info:50 - Sound detected! Recording...
2025-11-20 00:25:00,124 - VoiceAssistant - INFO - info:50 - Silence detected, stopping recording...
2025-11-20 00:25:00,127 - VoiceAssistant - INFO - info:50 - Saved audio: files/Artur Recordings/20251120_002457_472.wav (2.6s, 225324 bytes)
2025-11-20 00:25:00,129 - VoiceAssistant - INFO - info:50 - Silence detected, stopping recording...
2025-11-20 00:25:00,129 - VoiceAssistant - INFO - info:50 - Silence detected, processing...
2025-11-20 00:25:00,132 - VoiceAssistant - INFO - info:50 - Saved audio: files/Artur Recordings/20251120_002457_218.wav (2.8s, 245804 bytes)
2025-11-20 00:25:00,245 - VoiceAssistant - INFO - info:50 - Transcribing: files/Artur Recordings/20251120_002457_472.wav (2.6s)
2025-11-20 00:25:00,251 - VoiceAssistant - INFO - info:50 - Transcribing audio...
2025-11-20 00:25:00,252 - VoiceAssistant - INFO - info:50 - Transcribing: files/Artur Recordings/20251120_002457_218.wav (2.8s)
2025-11-20 00:25:02,260 - VoiceAssistant - INFO - info:50 - No transcription found (empty audio)
2025-11-20 00:25:02,600 - VoiceAssistant - INFO - info:50 - Starting audio recording (waiting for sound...)
2025-11-20 00:25:02,644 - VoiceAssistant - INFO - info:50 - Sound detected! Recording...
2025-11-20 00:25:04,619 - VoiceAssistant - INFO - info:50 - Transcription complete: 'Oh my god.' (4.37s)
2025-11-20 00:25:04,620 - VoiceAssistant - INFO - info:50 - Saved transcription: files/Artur Recordings/20251120_002457_218.json
2025-11-20 00:25:04,620 - VoiceAssistant - INFO - info:50 - Transcription: 'Oh my god.'
2025-11-20 00:25:04,620 - VoiceAssistant - INFO - info:50 - Preprocessing text...
2025-11-20 00:25:04,621 - VoiceAssistant - INFO - info:50 - Text preprocessed: 'Oh my god.'
2025-11-20 00:25:04,621 - VoiceAssistant - INFO - info:50 - Processing as dictation: 'Oh my god.'
2025-11-20 00:25:04,624 - VoiceAssistant - INFO - info:50 - Auto-pasting transcription...
2025-11-20 00:25:05,404 - VoiceAssistant - INFO - info:50 - Successfully pasted: 'Oh my god.'
2025-11-20 00:25:05,404 - VoiceAssistant - INFO - info:50 - Listening for audio...
2025-11-20 00:25:05,536 - VoiceAssistant - INFO - info:50 - Starting audio recording (waiting for sound...)
2025-11-20 00:25:05,670 - VoiceAssistant - INFO - info:50 - Silence detected, stopping recording...
2025-11-20 00:25:05,671 - VoiceAssistant - INFO - info:50 - Saved audio: files/Artur Recordings/20251120_002502_260.wav (3.1s, 270380 bytes)
2025-11-20 00:25:05,787 - VoiceAssistant - INFO - info:50 - Transcribing: files/Artur Recordings/20251120_002502_260.wav (3.1s)
2025-11-20 00:25:06,560 - VoiceAssistant - INFO - info:50 - Sound detected! Recording...
2025-11-20 00:25:06,560 - VoiceAssistant - INFO - info:50 - Speech detected!
2025-11-20 00:25:06,679 - VoiceAssistant - INFO - info:50 - No transcription found (empty audio)
2025-11-20 00:25:06,961 - VoiceAssistant - INFO - info:50 - Starting audio recording (waiting for sound...)
2025-11-20 00:25:07,087 - VoiceAssistant - INFO - info:50 - Sound detected! Recording...
2025-11-20 00:25:08,114 - VoiceAssistant - INFO - info:50 - Silence detected, stopping recording...
2025-11-20 00:25:08,117 - VoiceAssistant - INFO - info:50 - Saved audio: files/Artur Recordings/20251120_002506_679.wav (1.1s, 100396 bytes)
2025-11-20 00:25:08,233 - VoiceAssistant - INFO - info:50 - Transcribing: files/Artur Recordings/20251120_002506_679.wav (1.1s)
2025-11-20 00:25:08,333 - VoiceAssistant - INFO - info:50 - Silence detected, stopping recording...
2025-11-20 00:25:08,333 - VoiceAssistant - INFO - info:50 - Silence detected, processing...
2025-11-20 00:25:08,335 - VoiceAssistant - INFO - info:50 - Saved audio: files/Artur Recordings/20251120_002505_404.wav (2.8s, 243756 bytes)
2025-11-20 00:25:08,475 - VoiceAssistant - INFO - info:50 - Transcribing audio...
2025-11-20 00:25:08,475 - VoiceAssistant - INFO - info:50 - Transcribing: files/Artur Recordings/20251120_002505_404.wav (2.8s)
2025-11-20 00:25:10,389 - VoiceAssistant - INFO - info:50 - No transcription found (empty audio)
2025-11-20 00:25:10,433 - VoiceAssistant - INFO - info:50 - No transcription found (empty audio)
2025-11-20 00:25:10,434 - VoiceAssistant - WARNING - warning:54 - Transcription failed
2025-11-20 00:25:10,434 - VoiceAssistant - INFO - info:50 - Listening for audio...
2025-11-20 00:25:10,865 - VoiceAssistant - INFO - info:50 - Starting audio recording (waiting for sound...)
2025-11-20 00:25:10,918 - VoiceAssistant - INFO - info:50 - Starting audio recording (waiting for sound...)
2025-11-20 00:25:15,881 - VoiceAssistant - WARNING - warning:54 - Max silence timeout reached during wait phase
2025-11-20 00:25:15,935 - VoiceAssistant - WARNING - warning:54 - Max silence timeout reached during wait phase
2025-11-20 00:25:16,050 - VoiceAssistant - WARNING - warning:54 - Recording failed or was cancelled
2025-11-20 00:25:16,050 - VoiceAssistant - INFO - info:50 - Listening for audio...
2025-11-20 00:25:16,375 - VoiceAssistant - INFO - info:50 - Starting audio recording (waiting for sound...)
2025-11-20 00:25:16,432 - VoiceAssistant - INFO - info:50 - Starting audio recording (waiting for sound...)
2025-11-20 00:25:21,390 - VoiceAssistant - WARNING - warning:54 - Max silence timeout reached during wait phase
2025-11-20 00:25:21,446 - VoiceAssistant - WARNING - warning:54 - Max silence timeout reached during wait phase
2025-11-20 00:25:21,560 - VoiceAssistant - WARNING - warning:54 - Recording failed or was cancelled
2025-11-20 00:25:21,560 - VoiceAssistant - INFO - info:50 - Listening for audio...
2025-11-20 00:25:21,655 - VoiceAssistant - INFO - info:50 - Starting audio recording (waiting for sound...)
2025-11-20 00:25:21,799 - VoiceAssistant - INFO - info:50 - Starting audio recording (waiting for sound...)
2025-11-20 00:25:26,669 - VoiceAssistant - WARNING - warning:54 - Max silence timeout reached during wait phase
2025-11-20 00:25:26,814 - VoiceAssistant - WARNING - warning:54 - Max silence timeout reached during wait phase
2025-11-20 00:25:26,935 - VoiceAssistant - WARNING - warning:54 - Recording failed or was cancelled
2025-11-20 00:25:26,935 - VoiceAssistant - INFO - info:50 - Listening for audio...
2025-11-20 00:25:26,996 - VoiceAssistant - INFO - info:50 - Starting audio recording (waiting for sound...)
2025-11-20 00:25:27,280 - VoiceAssistant - INFO - info:50 - Starting audio recording (waiting for sound...)
2025-11-20 00:25:28,512 - VoiceAssistant - INFO - info:50 - Sound detected! Recording...
2025-11-20 00:25:28,517 - VoiceAssistant - INFO - info:50 - Sound detected! Recording...
2025-11-20 00:25:28,518 - VoiceAssistant - INFO - info:50 - Speech detected!
2025-11-20 00:25:30,389 - VoiceAssistant - INFO - info:50 - Silence detected, stopping recording...
2025-11-20 00:25:30,392 - VoiceAssistant - INFO - info:50 - Saved audio: files/Artur Recordings/20251120_002526_783.wav (2.9s, 253996 bytes)
2025-11-20 00:25:30,394 - VoiceAssistant - INFO - info:50 - Silence detected, stopping recording...
2025-11-20 00:25:30,394 - VoiceAssistant - INFO - info:50 - Silence detected, processing...
2025-11-20 00:25:30,395 - VoiceAssistant - INFO - info:50 - Saved audio: files/Artur Recordings/20251120_002526_935.wav (2.9s, 253996 bytes)
2025-11-20 00:25:30,506 - VoiceAssistant - INFO - info:50 - Transcribing: files/Artur Recordings/20251120_002526_783.wav (2.9s)
2025-11-20 00:25:30,513 - VoiceAssistant - INFO - info:50 - Transcribing audio...
2025-11-20 00:25:30,513 - VoiceAssistant - INFO - info:50 - Transcribing: files/Artur Recordings/20251120_002526_935.wav (2.9s)
2025-11-20 00:25:31,885 - VoiceAssistant - INFO - info:50 - Transcription complete: 'Hello, I want to treat.' (1.37s)
2025-11-20 00:25:31,886 - VoiceAssistant - INFO - info:50 - Saved transcription: files/Artur Recordings/20251120_002526_935.json
2025-11-20 00:25:31,886 - VoiceAssistant - INFO - info:50 - Transcription: 'Hello, I want to treat.'
2025-11-20 00:25:31,887 - VoiceAssistant - INFO - info:50 - Preprocessing text...
2025-11-20 00:25:31,887 - VoiceAssistant - INFO - info:50 - Text preprocessed: 'Hello, I want to treat.'
2025-11-20 00:25:31,887 - VoiceAssistant - INFO - info:50 - Processing as dictation: 'Hello, I want to treat.'
2025-11-20 00:25:31,887 - VoiceAssistant - INFO - info:50 - Transcription complete: 'Hello, I want to treat.' (1.38s)
2025-11-20 00:25:31,888 - VoiceAssistant - INFO - info:50 - Saved transcription: files/Artur Recordings/20251120_002526_783.json
2025-11-20 00:25:31,889 - VoiceAssistant - INFO - info:50 - Text preprocessed: 'Hello, I want to treat.'
2025-11-20 00:25:31,893 - VoiceAssistant - INFO - info:50 - Auto-pasting transcription...
2025-11-20 00:25:32,663 - VoiceAssistant - INFO - info:50 - Successfully pasted: 'Hello, I want to treat.'
2025-11-20 00:25:32,663 - VoiceAssistant - INFO - info:50 - Successfully pasted: 'Hello, I want to treat.'
2025-11-20 00:25:32,664 - VoiceAssistant - INFO - info:50 - Listening for audio...
2025-11-20 00:25:33,097 - VoiceAssistant - INFO - info:50 - Starting audio recording (waiting for sound...)
2025-11-20 00:25:33,148 - VoiceAssistant - INFO - info:50 - Starting audio recording (waiting for sound...)
2025-11-20 00:25:38,110 - VoiceAssistant - WARNING - warning:54 - Max silence timeout reached during wait phase
2025-11-20 00:25:38,165 - VoiceAssistant - WARNING - warning:54 - Max silence timeout reached during wait phase
2025-11-20 00:25:38,279 - VoiceAssistant - WARNING - warning:54 - Recording failed or was cancelled
2025-11-20 00:25:38,280 - VoiceAssistant - INFO - info:50 - Listening for audio...
2025-11-20 00:25:38,497 - VoiceAssistant - INFO - info:50 - Starting audio recording (waiting for sound...)
2025-11-20 00:25:38,657 - VoiceAssistant - INFO - info:50 - Starting audio recording (waiting for sound...)
2025-11-20 00:25:42,284 - VoiceAssistant - INFO - info:50 - Sound detected! Recording...
2025-11-20 00:25:42,285 - VoiceAssistant - INFO - info:50 - Speech detected!
2025-11-20 00:25:42,296 - VoiceAssistant - INFO - info:50 - Sound detected! Recording...
2025-11-20 00:25:44,175 - VoiceAssistant - INFO - info:50 - Silence detected, stopping recording...
2025-11-20 00:25:44,178 - VoiceAssistant - INFO - info:50 - Saved audio: files/Artur Recordings/20251120_002538_225.wav (2.9s, 253996 bytes)
2025-11-20 00:25:44,185 - VoiceAssistant - INFO - info:50 - Silence detected, stopping recording...
2025-11-20 00:25:44,185 - VoiceAssistant - INFO - info:50 - Silence detected, processing...
2025-11-20 00:25:44,186 - VoiceAssistant - INFO - info:50 - Saved audio: files/Artur Recordings/20251120_002538_280.wav (2.9s, 253996 bytes)
2025-11-20 00:25:44,292 - VoiceAssistant - INFO - info:50 - Transcribing: files/Artur Recordings/20251120_002538_225.wav (2.9s)
2025-11-20 00:25:44,311 - VoiceAssistant - INFO - info:50 - Transcribing audio...
2025-11-20 00:25:44,311 - VoiceAssistant - INFO - info:50 - Transcribing: files/Artur Recordings/20251120_002538_280.wav (2.9s)
2025-11-20 00:25:45,612 - VoiceAssistant - INFO - info:50 - Transcription complete: 'Hello one two three' (1.32s)
2025-11-20 00:25:45,613 - VoiceAssistant - INFO - info:50 - Saved transcription: files/Artur Recordings/20251120_002538_225.json
2025-11-20 00:25:45,613 - VoiceAssistant - INFO - info:50 - Text preprocessed: 'Hello one two three.'
2025-11-20 00:25:45,631 - VoiceAssistant - INFO - info:50 - Transcription complete: 'Hello one two three' (1.32s)
2025-11-20 00:25:45,632 - VoiceAssistant - INFO - info:50 - Saved transcription: files/Artur Recordings/20251120_002538_280.json
2025-11-20 00:25:45,632 - VoiceAssistant - INFO - info:50 - Transcription: 'Hello one two three'
2025-11-20 00:25:45,632 - VoiceAssistant - INFO - info:50 - Preprocessing text...
2025-11-20 00:25:45,633 - VoiceAssistant - INFO - info:50 - Text preprocessed: 'Hello one two three.'
2025-11-20 00:25:45,633 - VoiceAssistant - INFO - info:50 - Processing as dictation: 'Hello one two three.'
2025-11-20 00:25:45,638 - VoiceAssistant - INFO - info:50 - Auto-pasting transcription...
2025-11-20 00:25:46,389 - VoiceAssistant - INFO - info:50 - Successfully pasted: 'Hello one two three.'
2025-11-20 00:25:46,407 - VoiceAssistant - INFO - info:50 - Successfully pasted: 'Hello one two three.'
2025-11-20 00:25:46,407 - VoiceAssistant - INFO - info:50 - Listening for audio...
2025-11-20 00:25:46,830 - VoiceAssistant - INFO - info:50 - Starting audio recording (waiting for sound...)
2025-11-20 00:25:46,874 - VoiceAssistant - INFO - info:50 - Starting audio recording (waiting for sound...)
2025-11-20 00:25:49,072 - VoiceAssistant - INFO - info:50 - Sound detected! Recording...
2025-11-20 00:25:49,072 - VoiceAssistant - INFO - info:50 - Sound detected! Recording...
2025-11-20 00:25:49,072 - VoiceAssistant - INFO - info:50 - Speech detected!
2025-11-20 00:25:50,183 - VoiceAssistant - INFO - info:50 - Silence detected, stopping recording...
2025-11-20 00:25:50,183 - VoiceAssistant - INFO - info:50 - Silence detected, stopping recording...
2025-11-20 00:25:50,183 - VoiceAssistant - INFO - info:50 - Silence detected, processing...
2025-11-20 00:25:50,184 - VoiceAssistant - INFO - info:50 - Saved audio: files/Artur Recordings/20251120_002546_389.wav (2.1s, 186412 bytes)
2025-11-20 00:25:50,184 - VoiceAssistant - INFO - info:50 - Saved audio: files/Artur Recordings/20251120_002546_407.wav (2.1s, 186412 bytes)
2025-11-20 00:25:50,302 - VoiceAssistant - INFO - info:50 - Transcribing audio...
2025-11-20 00:25:50,302 - VoiceAssistant - INFO - info:50 - Transcribing: files/Artur Recordings/20251120_002546_389.wav (2.1s)
2025-11-20 00:25:50,302 - VoiceAssistant - INFO - info:50 - Transcribing: files/Artur Recordings/20251120_002546_407.wav (2.1s)
2025-11-20 00:25:51,845 - VoiceAssistant - INFO - info:50 - No transcription found (empty audio)
2025-11-20 00:25:51,879 - VoiceAssistant - INFO - info:50 - No transcription found (empty audio)
2025-11-20 00:25:51,879 - VoiceAssistant - WARNING - warning:54 - Transcription failed
2025-11-20 00:25:51,879 - VoiceAssistant - INFO - info:50 - Listening for audio...
2025-11-20 00:25:52,357 - VoiceAssistant - INFO - info:50 - Starting audio recording (waiting for sound...)
2025-11-20 00:25:52,403 - VoiceAssistant - INFO - info:50 - Starting audio recording (waiting for sound...)
2025-11-20 00:25:52,917 - VoiceAssistant - INFO - info:50 - Sound detected! Recording...
2025-11-20 00:25:52,917 - VoiceAssistant - INFO - info:50 - Speech detected!
2025-11-20 00:25:52,932 - VoiceAssistant - INFO - info:50 - Sound detected! Recording...
2025-11-20 00:25:55,068 - VoiceAssistant - INFO - info:50 - Silence detected, stopping recording...
2025-11-20 00:25:55,069 - VoiceAssistant - INFO - info:50 - Saved audio: files/Artur Recordings/20251120_002551_846.wav (2.7s, 237612 bytes)
2025-11-20 00:25:55,071 - VoiceAssistant - INFO - info:50 - Silence detected, stopping recording...
2025-11-20 00:25:55,071 - VoiceAssistant - INFO - info:50 - Silence detected, processing...
2025-11-20 00:25:55,073 - VoiceAssistant - INFO - info:50 - Saved audio: files/Artur Recordings/20251120_002551_879.wav (2.6s, 233516 bytes)
2025-11-20 00:25:55,183 - VoiceAssistant - INFO - info:50 - Transcribing: files/Artur Recordings/20251120_002551_846.wav (2.7s)
2025-11-20 00:25:55,198 - VoiceAssistant - INFO - info:50 - Transcribing audio...
2025-11-20 00:25:55,198 - VoiceAssistant - INFO - info:50 - Transcribing: files/Artur Recordings/20251120_002551_879.wav (2.6s)
2025-11-20 00:25:56,451 - VoiceAssistant - INFO - info:50 - No transcription found (empty audio)
2025-11-20 00:25:56,451 - VoiceAssistant - WARNING - warning:54 - Transcription failed
2025-11-20 00:25:56,452 - VoiceAssistant - INFO - info:50 - Listening for audio...
2025-11-20 00:25:56,452 - VoiceAssistant - INFO - info:50 - No transcription found (empty audio)
2025-11-20 00:25:57,022 - VoiceAssistant - INFO - info:50 - Starting audio recording (waiting for sound...)
2025-11-20 00:25:57,023 - VoiceAssistant - INFO - info:50 - Starting audio recording (waiting for sound...)
2025-11-20 00:25:57,511 - VoiceAssistant - INFO - info:50 - Sound detected! Recording...
2025-11-20 00:25:57,513 - VoiceAssistant - INFO - info:50 - Speech detected!
2025-11-20 00:25:57,515 - VoiceAssistant - INFO - info:50 - Sound detected! Recording...
2025-11-20 00:25:58,731 - VoiceAssistant - INFO - info:50 - Silence detected, stopping recording...
2025-11-20 00:25:58,731 - VoiceAssistant - INFO - info:50 - Silence detected, stopping recording...
2025-11-20 00:25:58,732 - VoiceAssistant - INFO - info:50 - Silence detected, processing...
2025-11-20 00:25:58,733 - VoiceAssistant - INFO - info:50 - Saved audio: files/Artur Recordings/20251120_002556_453.wav (1.7s, 149548 bytes)
2025-11-20 00:25:58,733 - VoiceAssistant - INFO - info:50 - Saved audio: files/Artur Recordings/20251120_002556_451.wav (1.7s, 149548 bytes)
2025-11-20 00:25:58,849 - VoiceAssistant - INFO - info:50 - Transcribing audio...
2025-11-20 00:25:58,849 - VoiceAssistant - INFO - info:50 - Transcribing: files/Artur Recordings/20251120_002556_453.wav (1.7s)
2025-11-20 00:25:58,850 - VoiceAssistant - INFO - info:50 - Transcribing: files/Artur Recordings/20251120_002556_451.wav (1.7s)
2025-11-20 00:26:00,238 - VoiceAssistant - INFO - info:50 - No transcription found (empty audio)
2025-11-20 00:26:00,255 - VoiceAssistant - INFO - info:50 - No transcription found (empty audio)
2025-11-20 00:26:00,255 - VoiceAssistant - WARNING - warning:54 - Transcription failed
2025-11-20 00:26:00,256 - VoiceAssistant - INFO - info:50 - Listening for audio...
2025-11-20 00:26:00,681 - VoiceAssistant - INFO - info:50 - Starting audio recording (waiting for sound...)
2025-11-20 00:26:00,768 - VoiceAssistant - INFO - info:50 - Starting audio recording (waiting for sound...)
2025-11-20 00:26:01,515 - VoiceAssistant - INFO - info:50 - Sound detected! Recording...
2025-11-20 00:26:01,516 - VoiceAssistant - INFO - info:50 - Speech detected!
2025-11-20 00:26:01,538 - VoiceAssistant - INFO - info:50 - Sound detected! Recording...
2025-11-20 00:26:02,541 - VoiceAssistant - INFO - info:50 - Silence detected, stopping recording...
2025-11-20 00:26:02,541 - VoiceAssistant - INFO - info:50 - Silence detected, processing...
2025-11-20 00:26:02,541 - VoiceAssistant - INFO - info:50 - Saved audio: files/Artur Recordings/20251120_002600_255.wav (1.8s, 155692 bytes)
2025-11-20 00:26:02,558 - VoiceAssistant - INFO - info:50 - Silence detected, stopping recording...
2025-11-20 00:26:02,559 - VoiceAssistant - INFO - info:50 - Saved audio: files/Artur Recordings/20251120_002600_238.wav (1.9s, 163884 bytes)
2025-11-20 00:26:02,656 - VoiceAssistant - INFO - info:50 - Transcribing audio...
2025-11-20 00:26:02,657 - VoiceAssistant - INFO - info:50 - Transcribing: files/Artur Recordings/20251120_002600_255.wav (1.8s)
2025-11-20 00:26:02,674 - VoiceAssistant - INFO - info:50 - Transcribing: files/Artur Recordings/20251120_002600_238.wav (1.9s)
2025-11-20 00:26:04,543 - VoiceAssistant - INFO - info:50 - No transcription found (empty audio)
2025-11-20 00:26:04,544 - VoiceAssistant - WARNING - warning:54 - Transcription failed
2025-11-20 00:26:04,544 - VoiceAssistant - INFO - info:50 - Listening for audio...
2025-11-20 00:26:04,553 - VoiceAssistant - INFO - info:50 - No transcription found (empty audio)
2025-11-20 00:26:04,996 - VoiceAssistant - INFO - info:50 - Starting audio recording (waiting for sound...)
2025-11-20 00:26:05,039 - VoiceAssistant - INFO - info:50 - Starting audio recording (waiting for sound...)
2025-11-20 00:26:05,170 - VoiceAssistant - INFO - info:50 - Sound detected! Recording...
2025-11-20 00:26:05,170 - VoiceAssistant - INFO - info:50 - Sound detected! Recording...
2025-11-20 00:26:05,170 - VoiceAssistant - INFO - info:50 - Speech detected!
2025-11-20 00:26:07,774 - VoiceAssistant - INFO - info:50 - Silence detected, stopping recording...
2025-11-20 00:26:07,774 - VoiceAssistant - INFO - info:50 - Silence detected, processing...
2025-11-20 00:26:07,775 - VoiceAssistant - INFO - info:50 - Saved audio: files/Artur Recordings/20251120_002604_544.wav (2.8s, 243756 bytes)
2025-11-20 00:26:07,790 - VoiceAssistant - INFO - info:50 - Silence detected, stopping recording...
2025-11-20 00:26:07,791 - VoiceAssistant - INFO - info:50 - Saved audio: files/Artur Recordings/20251120_002604_553.wav (2.7s, 243756 bytes)
2025-11-20 00:26:07,890 - VoiceAssistant - INFO - info:50 - Transcribing audio...
2025-11-20 00:26:07,891 - VoiceAssistant - INFO - info:50 - Transcribing: files/Artur Recordings/20251120_002604_544.wav (2.8s)
2025-11-20 00:26:07,922 - VoiceAssistant - INFO - info:50 - Transcribing: files/Artur Recordings/20251120_002604_553.wav (2.7s)
2025-11-20 00:26:09,650 - VoiceAssistant - INFO - info:50 - No transcription found (empty audio)
2025-11-20 00:26:09,650 - VoiceAssistant - WARNING - warning:54 - Transcription failed
2025-11-20 00:26:09,651 - VoiceAssistant - INFO - info:50 - Listening for audio...
2025-11-20 00:26:09,661 - VoiceAssistant - INFO - info:50 - No transcription found (empty audio)
2025-11-20 00:26:10,143 - VoiceAssistant - INFO - info:50 - Starting audio recording (waiting for sound...)
2025-11-20 00:26:10,184 - VoiceAssistant - INFO - info:50 - Starting audio recording (waiting for sound...)
2025-11-20 00:26:13,791 - VoiceAssistant - INFO - info:50 - Sound detected! Recording...
2025-11-20 00:26:13,791 - VoiceAssistant - INFO - info:50 - Sound detected! Recording...
2025-11-20 00:26:13,791 - VoiceAssistant - INFO - info:50 - Speech detected!
2025-11-20 00:26:14,817 - VoiceAssistant - INFO - info:50 - Silence detected, stopping recording...
2025-11-20 00:26:14,817 - VoiceAssistant - INFO - info:50 - Silence detected, stopping recording...
2025-11-20 00:26:14,817 - VoiceAssistant - INFO - info:50 - Silence detected, processing...
2025-11-20 00:26:14,819 - VoiceAssistant - INFO - info:50 - Saved audio: files/Artur Recordings/20251120_002609_661.wav (2.0s, 178220 bytes)
2025-11-20 00:26:14,819 - VoiceAssistant - INFO - info:50 - Saved audio: files/Artur Recordings/20251120_002609_651.wav (2.0s, 178220 bytes)
2025-11-20 00:26:14,935 - VoiceAssistant - INFO - info:50 - Transcribing audio...
2025-11-20 00:26:14,935 - VoiceAssistant - INFO - info:50 - Transcribing: files/Artur Recordings/20251120_002609_661.wav (2.0s)
2025-11-20 00:26:14,936 - VoiceAssistant - INFO - info:50 - Transcribing: files/Artur Recordings/20251120_002609_651.wav (2.0s)
2025-11-20 00:26:16,629 - VoiceAssistant - INFO - info:50 - No transcription found (empty audio)
2025-11-20 00:26:16,629 - VoiceAssistant - WARNING - warning:54 - Transcription failed
2025-11-20 00:26:16,629 - VoiceAssistant - INFO - info:50 - Listening for audio...
2025-11-20 00:26:16,638 - VoiceAssistant - INFO - info:50 - No transcription found (empty audio)
2025-11-20 00:26:17,125 - VoiceAssistant - INFO - info:50 - Starting audio recording (waiting for sound...)
2025-11-20 00:26:17,150 - VoiceAssistant - INFO - info:50 - Starting audio recording (waiting for sound...)
2025-11-20 00:26:20,546 - VoiceAssistant - INFO - info:50 - Sound detected! Recording...
2025-11-20 00:26:20,562 - VoiceAssistant - INFO - info:50 - Sound detected! Recording...
2025-11-20 00:26:20,562 - VoiceAssistant - INFO - info:50 - Speech detected!
2025-11-20 00:26:21,543 - VoiceAssistant - INFO - info:50 - Silence detected, stopping recording...
2025-11-20 00:26:21,543 - VoiceAssistant - INFO - info:50 - Silence detected, processing...
2025-11-20 00:26:21,544 - VoiceAssistant - INFO - info:50 - Saved audio: files/Artur Recordings/20251120_002616_629.wav (2.0s, 176172 bytes)
2025-11-20 00:26:21,545 - VoiceAssistant - INFO - info:50 - Silence detected, stopping recording...
2025-11-20 00:26:21,547 - VoiceAssistant - INFO - info:50 - Saved audio: files/Artur Recordings/20251120_002616_638.wav (2.0s, 176172 bytes)
2025-11-20 00:26:21,660 - VoiceAssistant - INFO - info:50 - Transcribing audio...
2025-11-20 00:26:21,660 - VoiceAssistant - INFO - info:50 - Transcribing: files/Artur Recordings/20251120_002616_629.wav (2.0s)
2025-11-20 00:26:21,663 - VoiceAssistant - INFO - info:50 - Transcribing: files/Artur Recordings/20251120_002616_638.wav (2.0s)
